ID,Sample.Plate,Species,Region,Site,CollectionDate,Season,Rain
urban_083,Sample 1_UrbanPopgen_Plate01_6-29-23_data.csv,Mcav,Miami reef,Emerald Reef,22-Oct,Fall,Wet
urban_157b rex,Sample 2_UrbanPopgen_Plate01_6-29-23_data.csv,Mcav,Miami reef,Emerald Reef,23-Jan,Winter,Dry
urban_160b,Sample 3_UrbanPopgen_Plate01_6-29-23_data.csv,Mcav,Miami reef,Emerald Reef,23-Jan,Winter,Dry
urban_162b,Sample 4_UrbanPopgen_Plate01_6-29-23_data.csv,Mcav,Miami reef,Emerald Reef,23-Jan,Winter,Dry
urban_164,Sample 5_UrbanPopgen_Plate01_6-29-23_data.csv,Mcav,Miami reef,Emerald Reef,23-Jan,Winter,Dry
urban_165,Sample 6_UrbanPopgen_Plate01_6-29-23_data.csv,Mcav,Miami reef,Emerald Reef,23-Jan,Winter,Dry
urban_167,Sample 7_UrbanPopgen_Plate01_6-29-23_data.csv,Mcav,Miami reef,Emerald Reef,23-Jan,Winter,Dry
urban_168,Sample 8_UrbanPopgen_Plate01_6-29-23_data.csv,Mcav,Miami reef,Emerald Reef,23-Jan,Winter,Dry
urban_169,Sample 9_UrbanPopgen_Plate01_6-29-23_data.csv,Mcav,Miami reef,Emerald Reef,23-Jan,Winter,Dry
urban_170,Sample 10_UrbanPopgen_Plate01_6-29-23_data.csv,Mcav,Miami reef,Emerald Reef,23-Jan,Winter,Dry
urban_172,Sample 11_UrbanPopgen_Plate01_6-29-23_data.csv,Mcav,Miami reef,Emerald Reef,23-Jan,Winter,Dry
urban_104,Sample 12_UrbanPopgen_Plate01_6-29-23_data.csv,Mcav,Miami reef,Rainbow Reef,22-Oct,Fall,Wet
urban_313,Sample 1_UrbanPopgen_Plate02_6-29-23_data.csv,Mcav,Miami reef,Rainbow Reef,23-Jun,Summer,Wet
urban_316,Sample 2_UrbanPopgen_Plate02_6-29-23_data.csv,Mcav,Miami reef,Rainbow Reef,23-Jun,Summer,Wet
urban_255,Sample 3_UrbanPopgen_Plate02_6-29-23_data.csv,Mcav,Miami urban,Belle Isle,23-Apr,Spring,Dry
urban_269,Sample 4_UrbanPopgen_Plate02_6-29-23_data.csv,Mcav,Miami urban,Belle Isle,23-Apr,Spring,Dry
urban_270,Sample 5_UrbanPopgen_Plate02_6-29-23_data.csv,Mcav,Miami urban,Belle Isle,23-Apr,Spring,Dry
urban_112,Sample 6_UrbanPopgen_Plate02_6-29-23_data.csv,Mcav,Miami urban,MacArthur North,22-Oct,Fall,Wet
urban_115,Sample 7_UrbanPopgen_Plate02_6-29-23_data.csv,Mcav,Miami urban,MacArthur North,22-Oct,Fall,Wet
M1,Sample 8_UrbanPopgen_Plate02_6-29-23_data.csv,Mcav,Miami urban,MacArthur North,22-Oct,Fall,Wet
urban_177,Sample 9_UrbanPopgen_Plate02_6-29-23_data.csv,Mcav,Miami urban,MacArthur North,23-Jan,Winter,Dry
urban_178,Sample 10_UrbanPopgen_Plate02_6-29-23_data.csv,Mcav,Miami urban,MacArthur North,23-Jan,Winter,Dry
urban_179,Sample 11_UrbanPopgen_Plate02_6-29-23_data.csv,Mcav,Miami urban,MacArthur North,23-Jan,Winter,Dry
urban_189,Sample 1_UrbanPopgen_Plate03_6-30-23_data.csv,Mcav,Miami urban,MacArthur North,23-Jan,Winter,Dry
urban_191,Sample 2_UrbanPopgen_Plate03_6-30-23_data.csv,Mcav,Miami urban,MacArthur North,23-Jan,Winter,Dry
urban_193,Sample 3_UrbanPopgen_Plate03_6-30-23_data.csv,Mcav,Miami urban,MacArthur North,23-Jan,Winter,Dry
urban_199,Sample 4_UrbanPopgen_Plate03_6-30-23_data.csv,Mcav,Miami urban,MacArthur North,23-Jan,Winter,Dry
urban_201,Sample 5_UrbanPopgen_Plate03_6-30-23_data.csv,Mcav,Miami urban,MacArthur North,23-Jan,Winter,Dry
urban_205,Sample 6_UrbanPopgen_Plate03_6-30-23_data.csv,Mcav,Miami urban,MacArthur North,23-Jan,Winter,Dry
urban_209,Sample 7_UrbanPopgen_Plate03_6-30-23_data.csv,Mcav,Miami urban,MacArthur North,23-Jan,Winter,Dry
urban_210,Sample 8_UrbanPopgen_Plate03_6-30-23_data.csv,Mcav,Miami urban,MacArthur North,23-Jan,Winter,Dry
urban_002,Sample 9_UrbanPopgen_Plate03_6-30-23_data.csv,Mcav,Miami urban,Star Island,22-Jul,Summer,Wet
urban_005,Sample 10_UrbanPopgen_Plate03_6-30-23_data.csv,Mcav,Miami urban,Star Island,22-Jul,Summer,Wet
urban_006,Sample 11_UrbanPopgen_Plate03_6-30-23_data.csv,Mcav,Miami urban,Star Island,22-Jul,Summer,Wet
urban_009,Sample 12_UrbanPopgen_Plate03_6-30-23_data.csv,Mcav,Miami urban,Star Island,22-Jul,Summer,Wet
urban_010,Sample 1_UrbanPopgen_Plate04_6-30-23_data.csv,Mcav,Miami urban,Star Island,22-Jul,Summer,Wet
urban_012,Sample 2_UrbanPopgen_Plate04_6-30-23_data.csv,Mcav,Miami urban,Star Island,22-Jul,Summer,Wet
urban_015,Sample 3_UrbanPopgen_Plate04_6-30-23_data.csv,Mcav,Miami urban,Star Island,22-Jul,Summer,Wet
urban_031,Sample 4_UrbanPopgen_Plate04_6-30-23_data.csv,Mcav,Miami urban,Star Island,22-Jul,Summer,Wet
urban_072,Sample 5_UrbanPopgen_Plate04_6-30-23_data.csv,Mcav,Miami urban,Star Island,22-Sep,Fall,Wet
urban_073,Sample 6_UrbanPopgen_Plate04_6-30-23_data.csv,Mcav,Miami urban,Star Island,22-Sep,Fall,Wet
urban_074,Sample 7_UrbanPopgen_Plate04_6-30-23_data.csv,Mcav,Miami urban,Star Island,22-Sep,Fall,Wet
urban_075,Sample 8_UrbanPopgen_Plate04_6-30-23_data.csv,Mcav,Miami urban,Star Island,22-Sep,Fall,Wet
urban_131,Sample 9_UrbanPopgen_Plate04_6-30-23_data.csv,Mcav,Miami urban,Star Island,22-Oct,Fall,Wet
M2,Sample 10_UrbanPopgen_Plate04_6-30-23_data.csv,Mcav,Miami urban,Star Island,22-Oct,Fall,Wet
urban_134,Sample 11_UrbanPopgen_Plate04_6-30-23_data.csv,Mcav,Miami urban,Star Island,22-Oct,Fall,Wet
urban_135,Sample 1_UrbanPopgen_Plate05_6-30-23_data.csv,Mcav,Miami urban,Star Island,22-Oct,Fall,Wet
urban_147 rex,Sample 2_UrbanPopgen_Plate05_6-30-23_data.csv,Mcav,Miami urban,Star Island,22-Oct,Fall,Wet
urban_154,Sample 3_UrbanPopgen_Plate05_6-30-23_data.csv,Mcav,Miami urban,Star Island,22-Oct,Fall,Wet
urban_157 rex,Sample 4_UrbanPopgen_Plate05_6-30-23_data.csv,Mcav,Miami urban,Star Island,22-Oct,Fall,Wet
urban_158 rex,Sample 5_UrbanPopgen_Plate05_6-30-23_data.csv,Mcav,Miami urban,Star Island,22-Oct,Fall,Wet
urban_162 rex,Sample 6_UrbanPopgen_Plate05_6-30-23_data.csv,Mcav,Miami urban,Star Island,22-Oct,Fall,Wet
urban_163 rex,Sample 7_UrbanPopgen_Plate05_6-30-23_data.csv,Mcav,Miami urban,Star Island,22-Oct,Fall,Wet
nmfs_011,Sample 8_UrbanPopgen_Plate05_6-30-23_data.csv,Ofav,Miami reef,Emerald Reef,21-Jan,Winter,Dry
nmfs_012,Sample 9_UrbanPopgen_Plate05_6-30-23_data.csv,Ofav,Miami reef,Emerald Reef,21-Jan,Winter,Dry
nmfs_014,Sample 10_UrbanPopgen_Plate05_6-30-23_data.csv,Ofav,Miami reef,Emerald Reef,21-Jan,Winter,Dry
nmfs_015,Sample 11_UrbanPopgen_Plate05_6-30-23_data.csv,Ofav,Miami reef,Emerald Reef,21-Jan,Winter,Dry
nmfs_017,Sample 12_UrbanPopgen_Plate05_6-30-23_data.csv,Ofav,Miami reef,Emerald Reef,21-Jan,Winter,Dry
nmfs_036,Sample 1_UrbanPopgen_Plate06_6-30-23_data.csv,Ofav,Miami reef,Emerald Reef,21-Feb,Winter,Dry
nmfs_037,Sample 2_UrbanPopgen_Plate06_6-30-23_data.csv,Ofav,Miami reef,Emerald Reef,21-Feb,Winter,Dry
nmfs_038,Sample 3_UrbanPopgen_Plate06_6-30-23_data.csv,Ofav,Miami reef,Emerald Reef,21-Feb,Winter,Dry
nmfs_041,Sample 4_UrbanPopgen_Plate06_6-30-23_data.csv,Ofav,Miami reef,Emerald Reef,21-Feb,Winter,Dry
nmfs_043,Sample 5_UrbanPopgen_Plate06_6-30-23_data.csv,Ofav,Miami reef,Emerald Reef,21-Feb,Winter,Dry
urban_076,Sample 6_UrbanPopgen_Plate06_6-30-23_data.csv,Ofav,Miami reef,Emerald Reef,22-Oct,Fall,Wet
urban_077,Sample 7_UrbanPopgen_Plate06_6-30-23_data.csv,Ofav,Miami reef,Emerald Reef,22-Oct,Fall,Wet
urban_080,Sample 8_UrbanPopgen_Plate06_6-30-23_data.csv,Ofav,Miami reef,Emerald Reef,22-Oct,Fall,Wet
urban_081,Sample 9_UrbanPopgen_Plate06_6-30-23_data.csv,Ofav,Miami reef,Emerald Reef,22-Oct,Fall,Wet
urban_082,Sample 10_UrbanPopgen_Plate06_6-30-23_data.csv,Ofav,Miami reef,Emerald Reef,22-Oct,Fall,Wet
urban_084,Sample 11_UrbanPopgen_Plate06_6-30-23_data.csv,Ofav,Miami reef,Emerald Reef,22-Oct,Fall,Wet
nmfs_005,Sample 1_UrbanPopgen_Plate08_7-3-23_data.csv,Ofav,Miami reef,Rainbow Reef,21-Jan,Winter,Dry
nmfs_046,Sample 2_UrbanPopgen_Plate08_7-3-23_data.csv,Ofav,Miami reef,Rainbow Reef,21-Feb,Winter,Dry
nmfs_048,Sample 3_UrbanPopgen_Plate08_7-3-23_data.csv,Ofav,Miami reef,Rainbow Reef,21-Feb,Winter,Dry
nmfs_051,Sample 4_UrbanPopgen_Plate08_7-3-23_data.csv,Ofav,Miami reef,Rainbow Reef,21-Feb,Winter,Dry
nmfs_052,Sample 5_UrbanPopgen_Plate08_7-3-23_data.csv,Ofav,Miami reef,Rainbow Reef,21-Feb,Winter,Dry
nmfs_053,Sample 6_UrbanPopgen_Plate08_7-3-23_data.csv,Ofav,Miami reef,Rainbow Reef,21-Feb,Winter,Dry
urban_091,Sample 7_UrbanPopgen_Plate08_7-3-23_data.csv,Ofav,Miami reef,Rainbow Reef,22-Oct,Fall,Wet
urban_093,Sample 8_UrbanPopgen_Plate08_7-3-23_data.csv,Ofav,Miami reef,Rainbow Reef,22-Oct,Fall,Wet
urban_094,Sample 9_UrbanPopgen_Plate08_7-3-23_data.csv,Ofav,Miami reef,Rainbow Reef,22-Oct,Fall,Wet
urban_095,Sample 10_UrbanPopgen_Plate08_7-3-23_data.csv,Ofav,Miami reef,Rainbow Reef,22-Oct,Fall,Wet
urban_096,Sample 11_UrbanPopgen_Plate08_7-3-23_data.csv,Ofav,Miami reef,Rainbow Reef,22-Oct,Fall,Wet
urban_097,Sample 1_UrbanPopgen_Plate09_7-5-23_data.csv,Ofav,Miami reef,Rainbow Reef,22-Oct,Fall,Wet
urban_099,Sample 2_UrbanPopgen_Plate09_7-5-23_data.csv,Ofav,Miami reef,Rainbow Reef,22-Oct,Fall,Wet
urban_100,Sample 3_UrbanPopgen_Plate09_7-5-23_data.csv,Ofav,Miami reef,Rainbow Reef,22-Oct,Fall,Wet
urban_101,Sample 4_UrbanPopgen_Plate09_7-5-23_data.csv,Ofav,Miami reef,Rainbow Reef,22-Oct,Fall,Wet
urban_102,Sample 5_UrbanPopgen_Plate09_7-5-23_data.csv,Ofav,Miami reef,Rainbow Reef,22-Oct,Fall,Wet
urban_105,Sample 6_UrbanPopgen_Plate09_7-5-23_data.csv,Ofav,Miami reef,Rainbow Reef,22-Oct,Fall,Wet
urban_106,Sample 7_UrbanPopgen_Plate09_7-5-23_data.csv,Ofav,Miami reef,Rainbow Reef,22-Oct,Fall,Wet
nmfs_031,Sample 8_UrbanPopgen_Plate09_7-5-23_data.csv,Ofav,Miami urban,MacArthur North,21-Jan,Winter,Dry
nmfs_032,Sample 9_UrbanPopgen_Plate09_7-5-23_data.csv,Ofav,Miami urban,MacArthur North,21-Jan,Winter,Dry
nmfs_033,Sample 10_UrbanPopgen_Plate09_7-5-23_data.csv,Ofav,Miami urban,MacArthur North,21-Jan,Winter,Dry
nmfs_034,Sample 11_UrbanPopgen_Plate09_7-5-23_data.csv,Ofav,Miami urban,MacArthur North,21-Jan,Winter,Dry
nmfs_035,Sample 12_UrbanPopgen_Plate09_7-5-23_data.csv,Ofav,Miami urban,MacArthur North,21-Jan,Winter,Dry
nmfs_066,Sample 1_UrbanPopgen_Plate10_7-5-23_data.csv,Ofav,Miami urban,MacArthur North,21-Feb,Winter,Dry
nmfs_067,Sample 2_UrbanPopgen_Plate10_7-5-23_data.csv,Ofav,Miami urban,MacArthur North,21-Feb,Winter,Dry
nmfs_068,Sample 3_UrbanPopgen_Plate10_7-5-23_data.csv,Ofav,Miami urban,MacArthur North,21-Feb,Winter,Dry
nmfs_069,Sample 4_UrbanPopgen_Plate10_7-5-23_data.csv,Ofav,Miami urban,MacArthur North,21-Feb,Winter,Dry
nmfs_070,Sample 5_UrbanPopgen_Plate10_7-5-23_data.csv,Ofav,Miami urban,MacArthur North,21-Feb,Winter,Dry
nmfs_075,Sample 6_UrbanPopgen_Plate10_7-5-23_data.csv,Ofav,Miami urban,MacArthur North,21-Feb,Winter,Dry
nmfs_056,Sample 7_UrbanPopgen_Plate10_7-5-23_data.csv,Ofav,Miami urban,Star Island,21-Feb,Winter,Dry
nmfs_058,Sample 8_UrbanPopgen_Plate10_7-5-23_data.csv,Ofav,Miami urban,Star Island,21-Feb,Winter,Dry
nmfs_063,Sample 9_UrbanPopgen_Plate10_7-5-23_data.csv,Ofav,Miami urban,Star Island,21-Feb,Winter,Dry
nmfs_064,Sample 10_UrbanPopgen_Plate10_7-5-23_data.csv,Ofav,Miami urban,Star Island,21-Feb,Winter,Dry
nmfs_065,Sample 11_UrbanPopgen_Plate10_7-5-23_data.csv,Ofav,Miami urban,Star Island,21-Feb,Winter,Dry
urban_019,Sample 1_UrbanPopgen_Plate11_7-6-23_data.csv,Ofav,Miami urban,Star Island,22-Jul,Summer,Wet
urban_021,Sample 2_UrbanPopgen_Plate11_7-6-23_data.csv,Ofav,Miami urban,Star Island,22-Jul,Summer,Wet
urban_144,Sample 3_UrbanPopgen_Plate11_7-6-23_data.csv,Ofav,Miami urban,Star Island,22-Oct,Fall,Wet
urban_145 rex,Sample 4_UrbanPopgen_Plate11_7-6-23_data.csv,Ofav,Miami urban,Star Island,22-Oct,Fall,Wet
urban_153,Sample 5_UrbanPopgen_Plate11_7-6-23_data.csv,Ofav,Miami urban,Star Island,22-Oct,Fall,Wet
urban_159 rex,Sample 6_UrbanPopgen_Plate11_7-6-23_data.csv,Ofav,Miami urban,Star Island,22-Oct,Fall,Wet
urban_160 rex,Sample 7_UrbanPopgen_Plate11_7-6-23_data.csv,Ofav,Miami urban,Star Island,22-Oct,Fall,Wet
urban_085,Sample 8_UrbanPopgen_Plate11_7-6-23_data.csv,Cnat,Miami reef,Emerald Reef,22-Oct,Fall,Wet
urban_098,Sample 9_UrbanPopgen_Plate11_7-6-23_data.csv,Cnat,Miami reef,Rainbow Reef,22-Oct,Fall,Wet
urban_314,Sample 10_UrbanPopgen_Plate11_7-6-23_data.csv,Cnat,Miami reef,Rainbow Reef,23-Jun,Summer,Wet
urban_251,Sample 11_UrbanPopgen_Plate11_7-6-23_data.csv,Cnat,Miami urban,Belle Isle,23-Apr,Spring,Dry
urban_252,Sample 12_UrbanPopgen_Plate11_7-6-23_data.csv,Cnat,Miami urban,Belle Isle,23-Apr,Spring,Dry
urban_253,Sample 1_UrbanPopgen_Plate12_7-6-23_data.csv,Cnat,Miami urban,Belle Isle,23-Apr,Spring,Dry
urban_254,Sample 2_UrbanPopgen_Plate12_7-6-23_data.csv,Cnat,Miami urban,Belle Isle,23-Apr,Spring,Dry
urban_256,Sample 3_UrbanPopgen_Plate12_7-6-23_data.csv,Cnat,Miami urban,Belle Isle,23-Apr,Spring,Dry
urban_257,Sample 4_UrbanPopgen_Plate12_7-6-23_data.csv,Cnat,Miami urban,Belle Isle,23-Apr,Spring,Dry
urban_258,Sample 5_UrbanPopgen_Plate12_7-6-23_data.csv,Cnat,Miami urban,Belle Isle,23-Apr,Spring,Dry
urban_259,Sample 6_UrbanPopgen_Plate12_7-6-23_data.csv,Cnat,Miami urban,Belle Isle,23-Apr,Spring,Dry
urban_261,Sample 7_UrbanPopgen_Plate12_7-6-23_data.csv,Cnat,Miami urban,Belle Isle,23-Apr,Spring,Dry
urban_262,Sample 8_UrbanPopgen_Plate12_7-6-23_data.csv,Cnat,Miami urban,Belle Isle,23-Apr,Spring,Dry
urban_263,Sample 9_UrbanPopgen_Plate12_7-6-23_data.csv,Cnat,Miami urban,Belle Isle,23-Apr,Spring,Dry
urban_264,Sample 10_UrbanPopgen_Plate12_7-6-23_data.csv,Cnat,Miami urban,Belle Isle,23-Apr,Spring,Dry
urban_265,Sample 11_UrbanPopgen_Plate12_7-6-23_data.csv,Cnat,Miami urban,Belle Isle,23-Apr,Spring,Dry
urban_266,Sample 1_UrbanPopgen_Plate13_7-6-23_data.csv,Cnat,Miami urban,Belle Isle,23-Apr,Spring,Dry
urban_267,Sample 2_UrbanPopgen_Plate13_7-6-23_data.csv,Cnat,Miami urban,Belle Isle,23-Apr,Spring,Dry
urban_268,Sample 3_UrbanPopgen_Plate13_7-6-23_data.csv,Cnat,Miami urban,Belle Isle,23-Apr,Spring,Dry
urban_113,Sample 4_UrbanPopgen_Plate13_7-6-23_data.csv,Cnat,Miami urban,MacArthur North,22-Oct,Fall,Wet
urban_114,Sample 5_UrbanPopgen_Plate13_7-6-23_data.csv,Cnat,Miami urban,MacArthur North,22-Oct,Fall,Wet
urban_117,Sample 6_UrbanPopgen_Plate13_7-6-23_data.csv,Cnat,Miami urban,MacArthur North,22-Oct,Fall,Wet
urban_118,Sample 7_UrbanPopgen_Plate13_7-6-23_data.csv,Cnat,Miami urban,MacArthur North,22-Oct,Fall,Wet
urban_119,Sample 8_UrbanPopgen_Plate13_7-6-23_data.csv,Cnat,Miami urban,MacArthur North,22-Oct,Fall,Wet
urban_121,Sample 9_UrbanPopgen_Plate13_7-6-23_data.csv,Cnat,Miami urban,MacArthur North,22-Oct,Fall,Wet
urban_122,Sample 10_UrbanPopgen_Plate13_7-6-23_data.csv,Cnat,Miami urban,MacArthur North,22-Oct,Fall,Wet
urban_174,Sample 11_UrbanPopgen_Plate13_7-6-23_data.csv,Cnat,Miami urban,MacArthur North,23-Jan,Winter,Dry
urban_175,Sample 12_UrbanPopgen_Plate13_7-6-23_data.csv,Cnat,Miami urban,MacArthur North,23-Jan,Winter,Dry
urban_176,Sample 1_UrbanPopgen_Plate14_7-6-23_data.csv,Cnat,Miami urban,MacArthur North,23-Jan,Winter,Dry
urban_180,Sample 2_UrbanPopgen_Plate14_7-6-23_data.csv,Cnat,Miami urban,MacArthur North,23-Jan,Winter,Dry
urban_182,Sample 3_UrbanPopgen_Plate14_7-6-23_data.csv,Cnat,Miami urban,MacArthur North,23-Jan,Winter,Dry
urban_184,Sample 4_UrbanPopgen_Plate14_7-6-23_data.csv,Cnat,Miami urban,MacArthur North,23-Jan,Winter,Dry
urban_190 rex,Sample 5_UrbanPopgen_Plate14_7-6-23_data.csv,Cnat,Miami urban,MacArthur North,23-Jan,Winter,Dry
urban_192,Sample 6_UrbanPopgen_Plate14_7-6-23_data.csv,Cnat,Miami urban,MacArthur North,23-Jan,Winter,Dry
urban_194,Sample 7_UrbanPopgen_Plate14_7-6-23_data.csv,Cnat,Miami urban,MacArthur North,23-Jan,Winter,Dry
urban_195,Sample 8_UrbanPopgen_Plate14_7-6-23_data.csv,Cnat,Miami urban,MacArthur North,23-Jan,Winter,Dry
urban_196,Sample 9_UrbanPopgen_Plate14_7-6-23_data.csv,Cnat,Miami urban,MacArthur North,23-Jan,Winter,Dry
urban_197,Sample 10_UrbanPopgen_Plate14_7-6-23_data.csv,Cnat,Miami urban,MacArthur North,23-Jan,Winter,Dry
urban_198,Sample 11_UrbanPopgen_Plate14_7-6-23_data.csv,Cnat,Miami urban,MacArthur North,23-Jan,Winter,Dry
urban_200,Sample 1_UrbanPopgen_Plate15_7-7-23_data.csv,Cnat,Miami urban,MacArthur North,23-Jan,Winter,Dry
urban_202,Sample 2_UrbanPopgen_Plate15_7-7-23_data.csv,Cnat,Miami urban,MacArthur North,23-Jan,Winter,Dry
urban_203,Sample 3_UrbanPopgen_Plate15_7-7-23_data.csv,Cnat,Miami urban,MacArthur North,23-Jan,Winter,Dry
urban_204,Sample 4_UrbanPopgen_Plate15_7-7-23_data.csv,Cnat,Miami urban,MacArthur North,23-Jan,Winter,Dry
urban_206,Sample 5_UrbanPopgen_Plate15_7-7-23_data.csv,Cnat,Miami urban,MacArthur North,23-Jan,Winter,Dry
urban_207,Sample 6_UrbanPopgen_Plate15_7-7-23_data.csv,Cnat,Miami urban,MacArthur North,23-Jan,Winter,Dry
urban_208,Sample 7_UrbanPopgen_Plate15_7-7-23_data.csv,Cnat,Miami urban,MacArthur North,23-Jan,Winter,Dry
urban_001,Sample 8_UrbanPopgen_Plate15_7-7-23_data.csv,Cnat,Miami urban,Star Island,22-Jul,Summer,Wet
urban_013,Sample 9_UrbanPopgen_Plate15_7-7-23_data.csv,Cnat,Miami urban,Star Island,22-Jul,Summer,Wet
urban_016,Sample 10_UrbanPopgen_Plate15_7-7-23_data.csv,Cnat,Miami urban,Star Island,22-Jul,Summer,Wet
urban_017,Sample 11_UrbanPopgen_Plate15_7-7-23_data.csv,Cnat,Miami urban,Star Island,22-Jul,Summer,Wet
urban_024,Sample 12_UrbanPopgen_Plate15_7-7-23_data.csv,Cnat,Miami urban,Star Island,22-Jul,Summer,Wet
urban_025 rex,Sample 1_UrbanPopgen_Plate16_7-7-23_data.csv,Cnat,Miami urban,Star Island,22-Jul,Summer,Wet
urban_028,Sample 2_UrbanPopgen_Plate16_7-7-23_data.csv,Cnat,Miami urban,Star Island,22-Jul,Summer,Wet
urban_030,Sample 3_UrbanPopgen_Plate16_7-7-23_data.csv,Cnat,Miami urban,Star Island,22-Jul,Summer,Wet
urban_041,Sample 4_UrbanPopgen_Plate16_7-7-23_data.csv,Cnat,Miami urban,Star Island,22-Jul,Summer,Wet
urban_130,Sample 5_UrbanPopgen_Plate16_7-7-23_data.csv,Cnat,Miami urban,Star Island,22-Oct,Fall,Wet
urban_136,Sample 6_UrbanPopgen_Plate16_7-7-23_data.csv,Cnat,Miami urban,Star Island,22-Oct,Fall,Wet
urban_137,Sample 7_UrbanPopgen_Plate16_7-7-23_data.csv,Cnat,Miami urban,Star Island,22-Oct,Fall,Wet
urban_138,Sample 8_UrbanPopgen_Plate16_7-7-23_data.csv,Cnat,Miami urban,Star Island,22-Oct,Fall,Wet
urban_140,Sample 9_UrbanPopgen_Plate16_7-7-23_data.csv,Cnat,Miami urban,Star Island,22-Oct,Fall,Wet
C1,Sample 10_UrbanPopgen_Plate16_7-7-23_data.csv,Cnat,Miami urban,Star Island,22-Oct,Fall,Wet
C2,Sample 11_UrbanPopgen_Plate16_7-7-23_data.csv,Cnat,Miami urban,Star Island,22-Oct,Fall,Wet
urban_143,Sample 1_UrbanPopgen_Plate17_7-10-23_data.csv,Cnat,Miami urban,Star Island,22-Oct,Fall,Wet
urban_146 rex,Sample 2_UrbanPopgen_Plate17_7-10-23_data.csv,Cnat,Miami urban,Star Island,22-Oct,Fall,Wet
urban_149 rex,Sample 3_UrbanPopgen_Plate17_7-10-23_data.csv,Cnat,Miami urban,Star Island,22-Oct,Fall,Wet
urban_150 rex,Sample 4_UrbanPopgen_Plate17_7-10-23_data.csv,Cnat,Miami urban,Star Island,22-Oct,Fall,Wet
urban_151 rex,Sample 5_UrbanPopgen_Plate17_7-10-23_data.csv,Cnat,Miami urban,Star Island,22-Oct,Fall,Wet
urban_156,Sample 6_UrbanPopgen_Plate17_7-10-23_data.csv,Cnat,Miami urban,Star Island,22-Oct,Fall,Wet
nmfs_013,Sample 7_UrbanPopgen_Plate17_7-10-23_data.csv,Pseu,Miami reef,Emerald Reef,21-Jan,Winter,Dry
nmfs_016,Sample 8_UrbanPopgen_Plate17_7-10-23_data.csv,Pseu,Miami reef,Emerald Reef,21-Jan,Winter,Dry
nmfs_021,Sample 9_UrbanPopgen_Plate17_7-10-23_data.csv,Pseu,Miami reef,Emerald Reef,21-Jan,Winter,Dry
nmfs_022,Sample 10_UrbanPopgen_Plate17_7-10-23_data.csv,Pseu,Miami reef,Emerald Reef,21-Jan,Winter,Dry
nmfs_023,Sample 11_UrbanPopgen_Plate17_7-10-23_data.csv,Pseu,Miami reef,Emerald Reef,21-Jan,Winter,Dry
nmfs_024,Sample 12_UrbanPopgen_Plate17_7-10-23_data.csv,Pseu,Miami reef,Emerald Reef,21-Jan,Winter,Dry
OS1 rex,Sample 1_UrbanPopgen_Plate18_7-10-23_data.csv,Pseu,Miami reef,Emerald Reef,22-Jun,Summer,Wet
OS2 rex,Sample 2_UrbanPopgen_Plate18_7-10-23_data.csv,Pseu,Miami reef,Emerald Reef,22-Jun,Summer,Wet
OS21,Sample 3_UrbanPopgen_Plate18_7-10-23_data.csv,Pseu,Miami reef,Emerald Reef,22-Jul,Summer,Wet
OS22 rex,Sample 4_UrbanPopgen_Plate18_7-10-23_data.csv,Pseu,Miami reef,Emerald Reef,22-Jul,Summer,Wet
OS23 rex,Sample 5_UrbanPopgen_Plate18_7-10-23_data.csv,Pseu,Miami reef,Emerald Reef,22-Jul,Summer,Wet
OS24,Sample 6_UrbanPopgen_Plate18_7-10-23_data.csv,Pseu,Miami reef,Emerald Reef,22-Jul,Summer,Wet
OS5 rex,Sample 7_UrbanPopgen_Plate18_7-10-23_data.csv,Pseu,Miami reef,Emerald Reef,22-Jun,Summer,Wet
OS6 rex,Sample 8_UrbanPopgen_Plate18_7-10-23_data.csv,Pseu,Miami reef,Emerald Reef,22-Jun,Summer,Wet
OS7 rex,Sample 9_UrbanPopgen_Plate18_7-10-23_data.csv,Pseu,Miami reef,Emerald Reef,22-Jun,Summer,Wet
OS8 rex,Sample 10_UrbanPopgen_Plate18_7-10-23_data.csv,Pseu,Miami reef,Emerald Reef,22-Jun,Summer,Wet
OS9 rex,Sample 11_UrbanPopgen_Plate18_7-10-23_data.csv,Pseu,Miami reef,Emerald Reef,22-Jun,Summer,Wet
urban_078,Sample 1_UrbanPopgen_Plate19_7-10-23_data.csv,Pseu,Miami reef,Emerald Reef,22-Oct,Fall,Wet
urban_079,Sample 2_UrbanPopgen_Plate19_7-10-23_data.csv,Pseu,Miami reef,Emerald Reef,22-Oct,Fall,Wet
urban_086,Sample 3_UrbanPopgen_Plate19_7-10-23_data.csv,Pseu,Miami reef,Emerald Reef,22-Oct,Fall,Wet
urban_090,Sample 4_UrbanPopgen_Plate19_7-10-23_data.csv,Pseu,Miami reef,Emerald Reef,22-Oct,Fall,Wet
urban_171,Sample 5_UrbanPopgen_Plate19_7-10-23_data.csv,Pseu,Miami reef,Emerald Reef,23-Jan,Winter,Dry
urban_173,Sample 6_UrbanPopgen_Plate19_7-10-23_data.csv,Pseu,Miami reef,Emerald Reef,23-Jan,Winter,Dry
urban_321,Sample 7_UrbanPopgen_Plate19_7-10-23_data.csv,Pseu,Miami reef,Emerald Reef,23-Jun,Summer,Wet
urban_322 cc5,Sample 8_UrbanPopgen_Plate19_7-10-23_data.csv,Pseu,Miami reef,Emerald Reef,23-Jun,Summer,Wet
urban_323 cc5,Sample 9_UrbanPopgen_Plate19_7-10-23_data.csv,Pseu,Miami reef,Emerald Reef,23-Jun,Summer,Wet
urban_324,Sample 10_UrbanPopgen_Plate19_7-10-23_data.csv,Pseu,Miami reef,Emerald Reef,23-Jun,Summer,Wet
urban_325 cc5,Sample 11_UrbanPopgen_Plate19_7-10-23_data.csv,Pseu,Miami reef,Emerald Reef,23-Jun,Summer,Wet
nmfs_006,Sample 12_UrbanPopgen_Plate19_7-10-23_data.csv,Pseu,Miami reef,Rainbow Reef,21-Jan,Winter,Dry
nmfs_007,Sample 1_UrbanPopgen_Plate20_7-10-23_data.csv,Pseu,Miami reef,Rainbow Reef,21-Jan,Winter,Dry
nmfs_008,Sample 2_UrbanPopgen_Plate20_7-10-23_data.csv,Pseu,Miami reef,Rainbow Reef,21-Jan,Winter,Dry
nmfs_009,Sample 3_UrbanPopgen_Plate20_7-10-23_data.csv,Pseu,Miami reef,Rainbow Reef,21-Jan,Winter,Dry
nmfs_010,Sample 4_UrbanPopgen_Plate20_7-10-23_data.csv,Pseu,Miami reef,Rainbow Reef,21-Jan,Winter,Dry
OS11 cc5,Sample 5_UrbanPopgen_Plate20_7-10-23_data.csv,Pseu,Miami reef,Rainbow Reef,22-Jun,Summer,Wet
OS12 rex2,Sample 6_UrbanPopgen_Plate20_7-10-23_data.csv,Pseu,Miami reef,Rainbow Reef,22-Jun,Summer,Wet
OS13 rex,Sample 7_UrbanPopgen_Plate20_7-10-23_data.csv,Pseu,Miami reef,Rainbow Reef,22-Jun,Summer,Wet
OS14 rex,Sample 8_UrbanPopgen_Plate20_7-10-23_data.csv,Pseu,Miami reef,Rainbow Reef,22-Jun,Summer,Wet
OS15 rex,Sample 9_UrbanPopgen_Plate20_7-10-23_data.csv,Pseu,Miami reef,Rainbow Reef,22-Jun,Summer,Wet
OS16 rex,Sample 10_UrbanPopgen_Plate20_7-10-23_data.csv,Pseu,Miami reef,Rainbow Reef,22-Jun,Summer,Wet
OS17 rex,Sample 11_UrbanPopgen_Plate20_7-10-23_data.csv,Pseu,Miami reef,Rainbow Reef,22-Jun,Summer,Wet
OS18 rex,Sample 1_UrbanPopgen_Plate21_7-10-23_data.csv,Pseu,Miami reef,Rainbow Reef,22-Jun,Summer,Wet
OS19 rex2,Sample 2_UrbanPopgen_Plate21_7-10-23_data.csv,Pseu,Miami reef,Rainbow Reef,22-Jun,Summer,Wet
OS20 rex,Sample 3_UrbanPopgen_Plate21_7-10-23_data.csv,Pseu,Miami reef,Rainbow Reef,22-Jun,Summer,Wet
urban_092,Sample 4_UrbanPopgen_Plate21_7-10-23_data.csv,Pseu,Miami reef,Rainbow Reef,22-Oct,Fall,Wet
urban_103,Sample 5_UrbanPopgen_Plate21_7-10-23_data.csv,Pseu,Miami reef,Rainbow Reef,22-Oct,Fall,Wet
urban_107,Sample 6_UrbanPopgen_Plate21_7-10-23_data.csv,Pseu,Miami reef,Rainbow Reef,22-Oct,Fall,Wet
urban_108,Sample 7_UrbanPopgen_Plate21_7-10-23_data.csv,Pseu,Miami reef,Rainbow Reef,22-Oct,Fall,Wet
urban_109,Sample 8_UrbanPopgen_Plate21_7-10-23_data.csv,Pseu,Miami reef,Rainbow Reef,22-Oct,Fall,Wet
urban_110,Sample 9_UrbanPopgen_Plate21_7-10-23_data.csv,Pseu,Miami reef,Rainbow Reef,22-Oct,Fall,Wet
urban_111,Sample 10_UrbanPopgen_Plate21_7-10-23_data.csv,Pseu,Miami reef,Rainbow Reef,22-Oct,Fall,Wet
urban_311,Sample 11_UrbanPopgen_Plate21_7-10-23_data.csv,Pseu,Miami reef,Rainbow Reef,23-Jun,Summer,Wet
urban_312,Sample 12_UrbanPopgen_Plate21_7-10-23_data.csv,Pseu,Miami reef,Rainbow Reef,23-Jun,Summer,Wet
urban_315,Sample 1_UrbanPopgen_Plate22_7-10-23_data.csv,Pseu,Miami reef,Rainbow Reef,23-Jun,Summer,Wet
urban_317,Sample 2_UrbanPopgen_Plate22_7-10-23_data.csv,Pseu,Miami reef,Rainbow Reef,23-Jun,Summer,Wet
urban_319,Sample 3_UrbanPopgen_Plate22_7-10-23_data.csv,Pseu,Miami reef,Rainbow Reef,23-Jun,Summer,Wet
urban_211,Sample 4_UrbanPopgen_Plate22_7-10-23_data.csv,Pseu,Miami urban,Belle Isle,23-Apr,Spring,Dry
urban_212,Sample 5_UrbanPopgen_Plate22_7-10-23_data.csv,Pseu,Miami urban,Belle Isle,23-Apr,Spring,Dry
urban_215,Sample 6_UrbanPopgen_Plate22_7-10-23_data.csv,Pseu,Miami urban,Belle Isle,23-Apr,Spring,Dry
urban_216,Sample 7_UrbanPopgen_Plate22_7-10-23_data.csv,Pseu,Miami urban,Belle Isle,23-Apr,Spring,Dry
urban_217,Sample 8_UrbanPopgen_Plate22_7-10-23_data.csv,Pseu,Miami urban,Belle Isle,23-Apr,Spring,Dry
urban_218,Sample 9_UrbanPopgen_Plate22_7-10-23_data.csv,Pseu,Miami urban,Belle Isle,23-Apr,Spring,Dry
urban_219,Sample 10_UrbanPopgen_Plate22_7-10-23_data.csv,Pseu,Miami urban,Belle Isle,23-Apr,Spring,Dry
urban_220,Sample 11_UrbanPopgen_Plate22_7-10-23_data.csv,Pseu,Miami urban,Belle Isle,23-Apr,Spring,Dry
urban_221,Sample 1_UrbanPopgen_Plate23_7-11-23_data.csv,Pseu,Miami urban,Belle Isle,23-Apr,Spring,Dry
urban_223,Sample 2_UrbanPopgen_Plate23_7-11-23_data.csv,Pseu,Miami urban,Belle Isle,23-Apr,Spring,Dry
urban_225,Sample 3_UrbanPopgen_Plate23_7-11-23_data.csv,Pseu,Miami urban,Belle Isle,23-Apr,Spring,Dry
urban_227,Sample 4_UrbanPopgen_Plate23_7-11-23_data.csv,Pseu,Miami urban,Belle Isle,23-Apr,Spring,Dry
urban_228,Sample 5_UrbanPopgen_Plate23_7-11-23_data.csv,Pseu,Miami urban,Belle Isle,23-Apr,Spring,Dry
urban_229,Sample 6_UrbanPopgen_Plate23_7-11-23_data.csv,Pseu,Miami urban,Belle Isle,23-Apr,Spring,Dry
urban_230,Sample 7_UrbanPopgen_Plate23_7-11-23_data.csv,Pseu,Miami urban,Belle Isle,23-Apr,Spring,Dry
urban_232,Sample 8_UrbanPopgen_Plate23_7-11-23_data.csv,Pseu,Miami urban,Belle Isle,23-Apr,Spring,Dry
urban_233,Sample 9_UrbanPopgen_Plate23_7-11-23_data.csv,Pseu,Miami urban,Belle Isle,23-Apr,Spring,Dry
urban_234,Sample 10_UrbanPopgen_Plate23_7-11-23_data.csv,Pseu,Miami urban,Belle Isle,23-Apr,Spring,Dry
urban_235,Sample 11_UrbanPopgen_Plate23_7-11-23_data.csv,Pseu,Miami urban,Belle Isle,23-Apr,Spring,Dry
urban_236,Sample 12_UrbanPopgen_Plate23_7-11-23_data.csv,Pseu,Miami urban,Belle Isle,23-Apr,Spring,Dry
urban_237,Sample 1_UrbanPopgen_Plate24_7-11-23_data.csv,Pseu,Miami urban,Belle Isle,23-Apr,Spring,Dry
urban_238,Sample 2_UrbanPopgen_Plate24_7-11-23_data.csv,Pseu,Miami urban,Belle Isle,23-Apr,Spring,Dry
urban_239,Sample 3_UrbanPopgen_Plate24_7-11-23_data.csv,Pseu,Miami urban,Belle Isle,23-Apr,Spring,Dry
urban_241,Sample 4_UrbanPopgen_Plate24_7-11-23_data.csv,Pseu,Miami urban,Belle Isle,23-Apr,Spring,Dry
urban_242,Sample 5_UrbanPopgen_Plate24_7-11-23_data.csv,Pseu,Miami urban,Belle Isle,23-Apr,Spring,Dry
urban_244,Sample 6_UrbanPopgen_Plate24_7-11-23_data.csv,Pseu,Miami urban,Belle Isle,23-Apr,Spring,Dry
nmfs_026,Sample 7_UrbanPopgen_Plate24_7-11-23_data.csv,Pseu,Miami urban,MacArthur North,21-Jan,Winter,Dry
nmfs_027,Sample 8_UrbanPopgen_Plate24_7-11-23_data.csv,Pseu,Miami urban,MacArthur North,21-Jan,Winter,Dry
nmfs_028,Sample 9_UrbanPopgen_Plate24_7-11-23_data.csv,Pseu,Miami urban,MacArthur North,21-Jan,Winter,Dry
nmfs_029,Sample 10_UrbanPopgen_Plate24_7-11-23_data.csv,Pseu,Miami urban,MacArthur North,21-Jan,Winter,Dry
nmfs_030,Sample 11_UrbanPopgen_Plate24_7-11-23_data.csv,Pseu,Miami urban,MacArthur North,21-Jan,Winter,Dry
UR1 rex2,Sample 1_UrbanPopgen_Plate25_7-11-23_data.csv,Pseu,Miami urban,MacArthur North,22-Jun,Summer,Wet
UR10 rex,Sample 2_UrbanPopgen_Plate25_7-11-23_data.csv,Pseu,Miami urban,MacArthur North,22-Jun,Summer,Wet
UR11 rex,Sample 3_UrbanPopgen_Plate25_7-11-23_data.csv,Pseu,Miami urban,MacArthur North,22-Jun,Summer,Wet
UR12 cc5,Sample 4_UrbanPopgen_Plate25_7-11-23_data.csv,Pseu,Miami urban,MacArthur North,22-Jun,Summer,Wet
UR13 cc5,Sample 5_UrbanPopgen_Plate25_7-11-23_data.csv,Pseu,Miami urban,MacArthur North,22-Jun,Summer,Wet
UR14 rex2,Sample 6_UrbanPopgen_Plate25_7-11-23_data.csv,Pseu,Miami urban,MacArthur North,22-Jun,Summer,Wet
UR15 rex,Sample 7_UrbanPopgen_Plate25_7-11-23_data.csv,Pseu,Miami urban,MacArthur North,22-Jun,Summer,Wet
UR16 rex2,Sample 8_UrbanPopgen_Plate25_7-11-23_data.csv,Pseu,Miami urban,MacArthur North,22-Jun,Summer,Wet
UR17 rex,Sample 9_UrbanPopgen_Plate25_7-11-23_data.csv,Pseu,Miami urban,MacArthur North,22-Jun,Summer,Wet
UR18 rex2,Sample 10_UrbanPopgen_Plate25_7-11-23_data.csv,Pseu,Miami urban,MacArthur North,22-Jun,Summer,Wet
UR19 rex,Sample 11_UrbanPopgen_Plate25_7-11-23_data.csv,Pseu,Miami urban,MacArthur North,22-Jun,Summer,Wet
UR2 rex,Sample 12_UrbanPopgen_Plate25_7-11-23_data.csv,Pseu,Miami urban,MacArthur North,22-Jun,Summer,Wet
UR20,Sample 1_UrbanPopgen_Plate26_7-11-23_data.csv,Pseu,Miami urban,MacArthur North,22-Jun,Summer,Wet
UR3 rex,Sample 2_UrbanPopgen_Plate26_7-11-23_data.csv,Pseu,Miami urban,MacArthur North,22-Jun,Summer,Wet
UR4 rex,Sample 3_UrbanPopgen_Plate26_7-11-23_data.csv,Pseu,Miami urban,MacArthur North,22-Jun,Summer,Wet
UR5 cc5,Sample 4_UrbanPopgen_Plate26_7-11-23_data.csv,Pseu,Miami urban,MacArthur North,22-Jun,Summer,Wet
UR6 rex,Sample 5_UrbanPopgen_Plate26_7-11-23_data.csv,Pseu,Miami urban,MacArthur North,22-Jun,Summer,Wet
UR7 rex,Sample 6_UrbanPopgen_Plate26_7-11-23_data.csv,Pseu,Miami urban,MacArthur North,22-Jun,Summer,Wet
UR8 rex,Sample 7_UrbanPopgen_Plate26_7-11-23_data.csv,Pseu,Miami urban,MacArthur North,22-Jun,Summer,Wet
UR9 rex,Sample 8_UrbanPopgen_Plate26_7-11-23_data.csv,Pseu,Miami urban,MacArthur North,22-Jun,Summer,Wet
urban_116,Sample 9_UrbanPopgen_Plate26_7-11-23_data.csv,Pseu,Miami urban,MacArthur North,22-Oct,Fall,Wet
urban_120,Sample 10_UrbanPopgen_Plate26_7-11-23_data.csv,Pseu,Miami urban,MacArthur North,22-Oct,Fall,Wet
urban_123,Sample 11_UrbanPopgen_Plate26_7-11-23_data.csv,Pseu,Miami urban,MacArthur North,22-Oct,Fall,Wet
urban_124,Sample 1_UrbanPopgen_Plate27_7-13-23_data.csv,Pseu,Miami urban,MacArthur North,22-Oct,Fall,Wet
urban_125,Sample 2_UrbanPopgen_Plate27_7-13-23_data.csv,Pseu,Miami urban,MacArthur North,22-Oct,Fall,Wet
urban_126,Sample 3_UrbanPopgen_Plate27_7-13-23_data.csv,Pseu,Miami urban,MacArthur North,22-Oct,Fall,Wet
urban_127,Sample 4_UrbanPopgen_Plate27_7-13-23_data.csv,Pseu,Miami urban,MacArthur North,22-Oct,Fall,Wet
urban_129,Sample 5_UrbanPopgen_Plate27_7-13-23_data.csv,Pseu,Miami urban,MacArthur North,22-Oct,Fall,Wet
urban_181,Sample 6_UrbanPopgen_Plate27_7-13-23_data.csv,Pseu,Miami urban,MacArthur North,23-Jan,Winter,Dry
urban_183,Sample 7_UrbanPopgen_Plate27_7-13-23_data.csv,Pseu,Miami urban,MacArthur North,23-Jan,Winter,Dry
urban_185,Sample 8_UrbanPopgen_Plate27_7-13-23_data.csv,Pseu,Miami urban,MacArthur North,23-Jan,Winter,Dry
urban_186,Sample 9_UrbanPopgen_Plate27_7-13-23_data.csv,Pseu,Miami urban,MacArthur North,23-Jan,Winter,Dry
urban_187,Sample 10_UrbanPopgen_Plate27_7-13-23_data.csv,Pseu,Miami urban,MacArthur North,23-Jan,Winter,Dry
urban_188,Sample 11_UrbanPopgen_Plate27_7-13-23_data.csv,Pseu,Miami urban,MacArthur North,23-Jan,Winter,Dry
UR21,Sample 12_UrbanPopgen_Plate27_7-13-23_data.csv,Pseu,Miami urban,Star Island,22-Jun,Summer,Wet
UR22 rex2,Sample 1_UrbanPopgen_Plate28_7-13-23_data.csv,Pseu,Miami urban,Star Island,22-Jun,Summer,Wet
UR23 rex2,Sample 2_UrbanPopgen_Plate28_7-13-23_data.csv,Pseu,Miami urban,Star Island,22-Jun,Summer,Wet
UR24,Sample 3_UrbanPopgen_Plate28_7-13-23_data.csv,Pseu,Miami urban,Star Island,22-Jun,Summer,Wet
UR25 rex,Sample 4_UrbanPopgen_Plate28_7-13-23_data.csv,Pseu,Miami urban,Star Island,22-Jun,Summer,Wet
UR26 rex2,Sample 5_UrbanPopgen_Plate28_7-13-23_data.csv,Pseu,Miami urban,Star Island,22-Jun,Summer,Wet
UR27 rex,Sample 6_UrbanPopgen_Plate28_7-13-23_data.csv,Pseu,Miami urban,Star Island,22-Jun,Summer,Wet
UR28 rex,Sample 7_UrbanPopgen_Plate28_7-13-23_data.csv,Pseu,Miami urban,Star Island,22-Jun,Summer,Wet
UR29,Sample 8_UrbanPopgen_Plate28_7-13-23_data.csv,Pseu,Miami urban,Star Island,22-Jun,Summer,Wet
UR30,Sample 9_UrbanPopgen_Plate28_7-13-23_data.csv,Pseu,Miami urban,Star Island,22-Jun,Summer,Wet
urban_003,Sample 10_UrbanPopgen_Plate28_7-13-23_data.csv,Pseu,Miami urban,Star Island,22-Jul,Summer,Wet
urban_004,Sample 11_UrbanPopgen_Plate28_7-13-23_data.csv,Pseu,Miami urban,Star Island,22-Jul,Summer,Wet
urban_007,Sample 1_UrbanPopgen_Plate29_7-13-23_data.csv,Pseu,Miami urban,Star Island,22-Jul,Summer,Wet
urban_008,Sample 2_UrbanPopgen_Plate29_7-13-23_data.csv,Pseu,Miami urban,Star Island,22-Jul,Summer,Wet
urban_011,Sample 3_UrbanPopgen_Plate29_7-13-23_data.csv,Pseu,Miami urban,Star Island,22-Jul,Summer,Wet
urban_014,Sample 4_UrbanPopgen_Plate29_7-13-23_data.csv,Pseu,Miami urban,Star Island,22-Jul,Summer,Wet
urban_018,Sample 5_UrbanPopgen_Plate29_7-13-23_data.csv,Pseu,Miami urban,Star Island,22-Jul,Summer,Wet
urban_022,Sample 6_UrbanPopgen_Plate29_7-13-23_data.csv,Pseu,Miami urban,Star Island,22-Jul,Summer,Wet
urban_023,Sample 7_UrbanPopgen_Plate29_7-13-23_data.csv,Pseu,Miami urban,Star Island,22-Jul,Summer,Wet
urban_026,Sample 8_UrbanPopgen_Plate29_7-13-23_data.csv,Pseu,Miami urban,Star Island,22-Jul,Summer,Wet
urban_027,Sample 9_UrbanPopgen_Plate29_7-13-23_data.csv,Pseu,Miami urban,Star Island,22-Jul,Summer,Wet
urban_029,Sample 10_UrbanPopgen_Plate29_7-13-23_data.csv,Pseu,Miami urban,Star Island,22-Jul,Summer,Wet
urban_032,Sample 11_UrbanPopgen_Plate29_7-13-23_data.csv,Pseu,Miami urban,Star Island,22-Jul,Summer,Wet
urban_033,Sample 12_UrbanPopgen_Plate29_7-13-23_data.csv,Pseu,Miami urban,Star Island,22-Jul,Summer,Wet
urban_034,Sample 1_UrbanPopgen_Plate30_7-13-23_data.csv,Pseu,Miami urban,Star Island,22-Jul,Summer,Wet
urban_035,Sample 2_UrbanPopgen_Plate30_7-13-23_data.csv,Pseu,Miami urban,Star Island,22-Jul,Summer,Wet
urban_036,Sample 3_UrbanPopgen_Plate30_7-13-23_data.csv,Pseu,Miami urban,Star Island,22-Jul,Summer,Wet
urban_037,Sample 4_UrbanPopgen_Plate30_7-13-23_data.csv,Pseu,Miami urban,Star Island,22-Jul,Summer,Wet
urban_038,Sample 5_UrbanPopgen_Plate30_7-13-23_data.csv,Pseu,Miami urban,Star Island,22-Jul,Summer,Wet
urban_039,Sample 6_UrbanPopgen_Plate30_7-13-23_data.csv,Pseu,Miami urban,Star Island,22-Jul,Summer,Wet
urban_040,Sample 7_UrbanPopgen_Plate30_7-13-23_data.csv,Pseu,Miami urban,Star Island,22-Jul,Summer,Wet
P1,Sample 8_UrbanPopgen_Plate30_7-13-23_data.csv,Pseu,Miami urban,Star Island,22-Oct,Fall,Wet
urban_139,Sample 9_UrbanPopgen_Plate30_7-13-23_data.csv,Pseu,Miami urban,Star Island,22-Oct,Fall,Wet
urban_148 rex,Sample 10_UrbanPopgen_Plate30_7-13-23_data.csv,Pseu,Miami urban,Star Island,22-Oct,Fall,Wet
urban_152,Sample 11_UrbanPopgen_Plate30_7-13-23_data.csv,Pseu,Miami urban,Star Island,22-Oct,Fall,Wet
urban_155,Sample 1_UrbanPopgen_Plate31_7-13-23_data.csv,Pseu,Miami urban,Star Island,22-Oct,Fall,Wet
urban_161 rex,Sample 2_UrbanPopgen_Plate31_7-13-23_data.csv,Pseu,Miami urban,Star Island,22-Oct,Fall,Wet
urban_193,Sample 3_UrbanPopgen_Plate31_7-13-23_data.csv,Mcav,Miami urban,MacArthur North,23-Jan,Winter,Dry
urban_209,Sample 4_UrbanPopgen_Plate31_7-13-23_data.csv,Mcav,Miami urban,MacArthur North,23-Jan,Winter,Dry
urban_210,Sample 5_UrbanPopgen_Plate31_7-13-23_data.csv,Mcav,Miami urban,MacArthur North,23-Jan,Winter,Dry
urban_012,Sample 6_UrbanPopgen_Plate31_7-13-23_data.csv,Mcav,Miami urban,Star Island,22-Jul,Summer,Wet
urban_072,Sample 7_UrbanPopgen_Plate31_7-13-23_data.csv,Mcav,Miami urban,Star Island,22-Sep,Fall,Wet
urban_073,Sample 8_UrbanPopgen_Plate31_7-13-23_data.csv,Mcav,Miami urban,Star Island,22-Sep,Fall,Wet
urban_075,Sample 9_UrbanPopgen_Plate31_7-13-23_data.csv,Mcav,Miami urban,Star Island,22-Sep,Fall,Wet
M2,Sample 10_UrbanPopgen_Plate31_7-13-23_data.csv,Mcav,Miami urban,Star Island,22-Oct,Fall,Wet
urban_097,Sample 11_UrbanPopgen_Plate31_7-13-23_data.csv,Ofav,Miami reef,Rainbow Reef,22-Oct,Fall,Wet
OS16 rex,Sample 12_UrbanPopgen_Plate31_7-13-23_data.csv,Pseu,Miami reef,Rainbow Reef,22-Jun,Summer,Wet
urban_087,Sample 1_UrbanPopgen_Plate32_7-13-23_data.csv,Ofav,Miami reef,Emerald Reef,22-Oct,Fall,Wet
urban_088,Sample 2_UrbanPopgen_Plate32_7-13-23_data.csv,Ofav,Miami reef,Emerald Reef,22-Oct,Fall,Wet
urban_089,Sample 3_UrbanPopgen_Plate32_7-13-23_data.csv,Ofav,Miami reef,Emerald Reef,22-Oct,Fall,Wet
urban_158b,Sample 4_UrbanPopgen_Plate32_7-13-23_data.csv,Ofav,Miami reef,Emerald Reef,23-Jan,Winter,Dry
urban_159b,Sample 5_UrbanPopgen_Plate32_7-13-23_data.csv,Ofav,Miami reef,Emerald Reef,23-Jan,Winter,Dry
urban_161b,Sample 6_UrbanPopgen_Plate32_7-13-23_data.csv,Ofav,Miami reef,Emerald Reef,23-Jan,Winter,Dry
urban_163b,Sample 7_UrbanPopgen_Plate32_7-13-23_data.csv,Ofav,Miami reef,Emerald Reef,23-Jan,Winter,Dry
urban_166,Sample 8_UrbanPopgen_Plate32_7-13-23_data.csv,Ofav,Miami reef,Emerald Reef,23-Jan,Winter,Dry
nmfs_001 cc5,Sample 9_UrbanPopgen_Plate32_7-13-23_data.csv,Ofav,Miami reef,Rainbow Reef,21-Jan,Winter,Dry
nmfs_002,Sample 10_UrbanPopgen_Plate32_7-13-23_data.csv,Ofav,Miami reef,Rainbow Reef,21-Jan,Winter,Dry
nmfs_003,Sample 11_UrbanPopgen_Plate32_7-13-23_data.csv,Ofav,Miami reef,Rainbow Reef,21-Jan,Winter,Dry
nmfs_004,Sample 12_UrbanPopgen_Plate32_7-13-23_data.csv,Ofav,Miami reef,Rainbow Reef,21-Jan,Winter,Dry
OS3 rex2,Sample 1_UrbanPopgen_Plate33_7-17-23_data.csv,Dlab,Miami reef,Emerald Reef,22-Jun,Summer,Wet
OS4 rex2,Sample 2_UrbanPopgen_Plate33_7-17-23_data.csv,Dlab,Miami reef,Emerald Reef,22-Jun,Summer,Wet
urban_326,Sample 3_UrbanPopgen_Plate33_7-17-23_data.csv,Dlab,Miami reef,Emerald Reef,23-Jun,Summer,Wet
urban_307,Sample 4_UrbanPopgen_Plate33_7-17-23_data.csv,Dlab,Miami reef,Rainbow Reef,23-Jun,Summer,Wet
urban_308,Sample 5_UrbanPopgen_Plate33_7-17-23_data.csv,Dlab,Miami reef,Rainbow Reef,23-Jun,Summer,Wet
urban_309,Sample 6_UrbanPopgen_Plate33_7-17-23_data.csv,Dlab,Miami reef,Rainbow Reef,23-Jun,Summer,Wet
urban_310,Sample 7_UrbanPopgen_Plate33_7-17-23_data.csv,Dlab,Miami reef,Rainbow Reef,23-Jun,Summer,Wet
urban_318,Sample 8_UrbanPopgen_Plate33_7-17-23_data.csv,Dlab,Miami reef,Rainbow Reef,23-Jun,Summer,Wet
urban_320,Sample 9_UrbanPopgen_Plate33_7-17-23_data.csv,Dlab,Miami reef,Rainbow Reef,23-Jun,Summer,Wet
urban_213,Sample 10_UrbanPopgen_Plate33_7-17-23_data.csv,Dlab,Miami urban,Belle Isle,23-Apr,Spring,Dry
urban_214,Sample 11_UrbanPopgen_Plate33_7-17-23_data.csv,Dlab,Miami urban,Belle Isle,23-Apr,Spring,Dry
urban_222,Sample 12_UrbanPopgen_Plate33_7-17-23_data.csv,Dlab,Miami urban,Belle Isle,23-Apr,Spring,Dry
urban_224,Sample 1_UrbanPopgen_Plate34_7-17-23_data.csv,Dlab,Miami urban,Belle Isle,23-Apr,Spring,Dry
urban_226,Sample 2_UrbanPopgen_Plate34_7-17-23_data.csv,Dlab,Miami urban,Belle Isle,23-Apr,Spring,Dry
urban_231,Sample 3_UrbanPopgen_Plate34_7-17-23_data.csv,Dlab,Miami urban,Belle Isle,23-Apr,Spring,Dry
urban_240,Sample 4_UrbanPopgen_Plate34_7-17-23_data.csv,Dlab,Miami urban,Belle Isle,23-Apr,Spring,Dry
urban_243,Sample 5_UrbanPopgen_Plate34_7-17-23_data.csv,Dlab,Miami urban,Belle Isle,23-Apr,Spring,Dry
urban_331,Sample 6_UrbanPopgen_Plate34_7-17-23_data.csv,Dlab,Miami reef,Emerald Reef,23-Jul,Summer,Wet
urban_332,Sample 7_UrbanPopgen_Plate34_7-17-23_data.csv,Dlab,Miami reef,Emerald Reef,23-Jul,Summer,Wet
urban_333,Sample 8_UrbanPopgen_Plate34_7-17-23_data.csv,Dlab,Miami reef,Emerald Reef,23-Jul,Summer,Wet
urban_334,Sample 9_UrbanPopgen_Plate34_7-17-23_data.csv,Dlab,Miami reef,Emerald Reef,23-Jul,Summer,Wet
urban_335,Sample 10_UrbanPopgen_Plate34_7-17-23_data.csv,Dlab,Miami reef,Emerald Reef,23-Jul,Summer,Wet
urban_222,Sample 11_UrbanPopgen_Plate34_7-17-23_data.csv,Dlab,Miami urban,Belle Isle,23-Apr,Spring,Dry
urban_042,Sample 1_UrbanPopgen_Plate39_1-16-24_data.csv,Mcav,Broward reef,FTL4,22-Aug,Summer,Wet
urban_043,Sample 2_UrbanPopgen_Plate39_1-16-24_data.csv,Mcav,Broward reef,FTL4,22-Aug,Summer,Wet
urban_044,Sample 3_UrbanPopgen_Plate39_1-16-24_data.csv,Mcav,Broward reef,FTL4,22-Aug,Summer,Wet
urban_045,Sample 4_UrbanPopgen_Plate39_1-16-24_data.csv,Mcav,Broward reef,FTL4,22-Aug,Summer,Wet
urban_046,Sample 5_UrbanPopgen_Plate39_1-16-24_data.csv,Mcav,Broward reef,FTL4,22-Aug,Summer,Wet
urban_047,Sample 6_UrbanPopgen_Plate39_1-16-24_data.csv,Mcav,Broward reef,FTL4,22-Aug,Summer,Wet
urban_048,Sample 7_UrbanPopgen_Plate39_1-16-24_data.csv,Mcav,Broward reef,FTL4,22-Aug,Summer,Wet
urban_049,Sample 8_UrbanPopgen_Plate39_1-16-24_data.csv,Mcav,Broward reef,FTL4,22-Aug,Summer,Wet
urban_050,Sample 9_UrbanPopgen_Plate39_1-16-24_data.csv,Mcav,Broward reef,FTL4,22-Aug,Summer,Wet
urban_051,Sample 10_UrbanPopgen_Plate39_1-16-24_data.csv,Mcav,Broward reef,FTL4,22-Aug,Summer,Wet
urban_055,Sample 11_UrbanPopgen_Plate39_1-16-24_data.csv,Mcav,Broward reef,BC1,22-Aug,Summer,Wet
urban_056,Sample 12_UrbanPopgen_Plate39_1-16-24_data.csv,Mcav,Broward reef,BC1,22-Aug,Summer,Wet
urban_058,Sample 1_UrbanPopgen_Plate40_1-16-24_data.csv,Mcav,Broward reef,BC1,22-Aug,Summer,Wet
urban_061,Sample 2_UrbanPopgen_Plate40_1-16-24_data.csv,Mcav,Broward reef,BC1,22-Aug,Summer,Wet
urban_062,Sample 3_UrbanPopgen_Plate40_1-16-24_data.csv,Mcav,Broward reef,BC1,22-Aug,Summer,Wet
urban_064,Sample 4_UrbanPopgen_Plate40_1-16-24_data.csv,Mcav,Broward reef,BC1,22-Aug,Summer,Wet
urban_067,Sample 5_UrbanPopgen_Plate40_1-16-24_data.csv,Mcav,Broward reef,BC1,22-Aug,Summer,Wet
urban_071,Sample 6_UrbanPopgen_Plate40_1-16-24_data.csv,Mcav,Broward reef,BC1,22-Aug,Summer,Wet
urban_246,Sample 7_UrbanPopgen_Plate40_1-16-24_data.csv,Mcav,Broward reef,BC1,23-Apr,Spring,Dry
urban_248,Sample 8_UrbanPopgen_Plate40_1-16-24_data.csv,Mcav,Broward reef,BC1,23-Apr,Spring,Dry
urban_249,Sample 9_UrbanPopgen_Plate40_1-16-24_data.csv,Mcav,Broward reef,BC1,23-Apr,Spring,Dry
urban_250,Sample 10_UrbanPopgen_Plate40_1-16-24_data.csv,Mcav,Broward reef,BC1,23-Apr,Spring,Dry
urban_271,Sample 11_UrbanPopgen_Plate40_1-16-24_data.csv,Mcav,Broward reef,BC1,23-Apr,Spring,Dry
urban_272,Sample 12_UrbanPopgen_Plate40_1-16-24_data.csv,Mcav,Broward reef,BC1,23-Apr,Spring,Dry
urban_274,Sample 1_UrbanPopgen_Plate41_1-17-24_data.csv,Mcav,Broward reef,BC1,23-Apr,Spring,Dry
urban_275,Sample 2_UrbanPopgen_Plate41_1-17-24_data.csv,Mcav,Broward reef,BC1,23-Apr,Spring,Dry
urban_276,Sample 3_UrbanPopgen_Plate41_1-17-24_data.csv,Mcav,Broward reef,BC1,23-May,Spring,Dry
urban_277,Sample 4_UrbanPopgen_Plate41_1-17-24_data.csv,Mcav,Broward reef,BC1,23-May,Spring,Dry
urban_278,Sample 5_UrbanPopgen_Plate41_1-17-24_data.csv,Mcav,Broward reef,BC1,23-May,Spring,Dry
urban_280,Sample 6_UrbanPopgen_Plate41_1-17-24_data.csv,Mcav,Broward reef,BC1,23-May,Spring,Dry
urban_279,Sample 7_UrbanPopgen_Plate41_1-17-24_data.csv,Mcav,Broward reef,BC1,23-May,Spring,Dry
urban_281,Sample 8_UrbanPopgen_Plate41_1-17-24_data.csv,Mcav,Broward reef,BC1,23-May,Spring,Dry
urban_290,Sample 9_UrbanPopgen_Plate41_1-17-24_data.csv,Mcav,Broward reef,T328,23-May,Spring,Dry
urban_291,Sample 10_UrbanPopgen_Plate41_1-17-24_data.csv,Mcav,Broward reef,T328,23-May,Spring,Dry
urban_292,Sample 11_UrbanPopgen_Plate41_1-17-24_data.csv,Mcav,Broward reef,T328,23-May,Spring,Dry
urban_295,Sample 12_UrbanPopgen_Plate41_1-17-24_data.csv,Mcav,Broward reef,T328,23-May,Spring,Dry
urban_053,Sample 1_UrbanPopgen_Plate42_1-17-24_data.csv,Ofav,Broward reef,FTL4,22-Aug,Summer,Wet
urban_057,Sample 2_UrbanPopgen_Plate42_1-17-24_data.csv,Ofav,Broward reef,BC1,22-Aug,Summer,Wet
urban_059,Sample 3_UrbanPopgen_Plate42_1-17-24_data.csv,Ofav,Broward reef,BC1,22-Aug,Summer,Wet
urban_060,Sample 4_UrbanPopgen_Plate42_1-17-24_data.csv,Ofav,Broward reef,BC1,22-Aug,Summer,Wet
urban_065,Sample 5_UrbanPopgen_Plate42_1-17-24_data.csv,Ofav,Broward reef,BC1,22-Aug,Summer,Wet
urban_068,Sample 6_UrbanPopgen_Plate42_1-17-24_data.csv,Ofav,Broward reef,BC1,22-Aug,Summer,Wet
urban_069,Sample 7_UrbanPopgen_Plate42_1-17-24_data.csv,Ofav,Broward reef,BC1,22-Aug,Summer,Wet
urban_070,Sample 8_UrbanPopgen_Plate42_1-17-24_data.csv,Ofav,Broward reef,BC1,22-Aug,Summer,Wet
urban_245,Sample 9_UrbanPopgen_Plate42_1-17-24_data.csv,Ofav,Broward reef,BC1,23-Apr,Spring,Dry
urban_247,Sample 10_UrbanPopgen_Plate42_1-17-24_data.csv,Ofav,Broward reef,BC1,23-Apr,Spring,Dry
urban_282,Sample 11_UrbanPopgen_Plate42_1-17-24_data.csv,Ofav,Broward reef,BC1,23-May,Spring,Dry
urban_063,Sample 1_UrbanPopgen_Plate43_1-18-24_data.csv,Pseu,Broward reef,BC1,22-Aug,Summer,Wet
urban_286,Sample 2_UrbanPopgen_Plate43_1-18-24_data.csv,Pseu,Broward reef,BC1,23-May,Spring,Dry
urban_293,Sample 3_UrbanPopgen_Plate43_1-18-24_data.csv,Pseu,Broward reef,T328,23-May,Spring,Dry
urban_296,Sample 4_UrbanPopgen_Plate43_1-18-24_data.csv,Pseu,Broward reef,T328,23-May,Spring,Dry
urban_298,Sample 5_UrbanPopgen_Plate43_1-18-24_data.csv,Pseu,Broward reef,T328,23-May,Spring,Dry
urban_301,Sample 6_UrbanPopgen_Plate43_1-18-24_data.csv,Pseu,Broward reef,FTL4,23-May,Spring,Dry
urban_302,Sample 7_UrbanPopgen_Plate43_1-18-24_data.csv,Pseu,Broward reef,FTL4,23-May,Spring,Dry
urban_303,Sample 8_UrbanPopgen_Plate43_1-18-24_data.csv,Pseu,Broward reef,FTL4,23-May,Spring,Dry
urban_304,Sample 9_UrbanPopgen_Plate43_1-18-24_data.csv,Pseu,Broward reef,FTL4,23-May,Spring,Dry
urban_054,Sample 10_UrbanPopgen_Plate43_1-18-24_data.csv,Dlab,Broward reef,FTL4,22-Aug,Summer,Wet
urban_306,Sample 11_UrbanPopgen_Plate43_1-18-24_data.csv,Dlab,Broward reef,FTL4,23-May,Spring,Dry
urban_283,Sample 12_UrbanPopgen_Plate43_1-18-24_data.csv,Ofav,Broward reef,BC1,23-May,Spring,Dry
urban_288,Sample 1_UrbanPopgen_Plate44_1-18-24_data.csv,Ofav,Broward reef,BC1,23-May,Spring,Dry
urban_289,Sample 2_UrbanPopgen_Plate44_1-18-24_data.csv,Ofav,Broward reef,BC1,23-May,Spring,Dry
urban_294,Sample 3_UrbanPopgen_Plate44_1-18-24_data.csv,Ofav,Broward reef,T328,23-May,Spring,Dry
urban_297,Sample 4_UrbanPopgen_Plate44_1-18-24_data.csv,Ofav,Broward reef,T328,23-May,Spring,Dry
urban_300,Sample 5_UrbanPopgen_Plate44_1-18-24_data.csv,Ofav,Broward reef,FTL4,23-May,Spring,Dry
urban_305,Sample 6_UrbanPopgen_Plate44_1-18-24_data.csv,Ofav,Broward reef,FTL4,23-May,Spring,Dry
urban_284,Sample 7_UrbanPopgen_Plate44_1-18-24_data.csv,Cnat,Broward reef,BC1,23-May,Spring,Dry
urban_285,Sample 8_UrbanPopgen_Plate44_1-18-24_data.csv,Cnat,Broward reef,BC1,23-May,Spring,Dry
urban_287,Sample 9_UrbanPopgen_Plate44_1-18-24_data.csv,Cnat,Broward reef,BC1,23-May,Spring,Dry
urban_299,Sample 10_UrbanPopgen_Plate44_1-18-24_data.csv,Cnat,Broward reef,FTL4,23-May,Spring,Dry
urban_052,Sample 11_UrbanPopgen_Plate44_1-18-24_data.csv,Cnat,Broward reef,FTL4,22-Aug,Summer,Wet
urban_066,Sample 12_UrbanPopgen_Plate44_1-18-24_data.csv,Cnat,Broward reef,BC1,22-Aug,Summer,Wet
Peanut_017,Sample 1_UrbanPopgen_Plate45_1-19-24_data.csv,Pseu,Palm Beach urban,Peanut Island,23-Mar,Spring,Dry
Peanut_021,Sample 2_UrbanPopgen_Plate45_1-19-24_data.csv,Pseu,Palm Beach urban,Peanut Island,23-Mar,Spring,Dry
Peanut_025,Sample 3_UrbanPopgen_Plate45_1-19-24_data.csv,Pseu,Palm Beach urban,Peanut Island,23-Mar,Spring,Dry
Peanut_026,Sample 4_UrbanPopgen_Plate45_1-19-24_data.csv,Pseu,Palm Beach urban,Peanut Island,23-Mar,Spring,Dry
Peanut_027,Sample 5_UrbanPopgen_Plate45_1-19-24_data.csv,Pseu,Palm Beach urban,Peanut Island,23-Mar,Spring,Dry
Peanut_028,Sample 6_UrbanPopgen_Plate45_1-19-24_data.csv,Pseu,Palm Beach urban,Peanut Island,23-Mar,Spring,Dry
Peanut_030,Sample 7_UrbanPopgen_Plate45_1-19-24_data.csv,Pseu,Palm Beach urban,Peanut Island,23-Mar,Spring,Dry
Peanut_031,Sample 8_UrbanPopgen_Plate45_1-19-24_data.csv,Pseu,Palm Beach urban,Peanut Island,23-Mar,Spring,Dry
Peanut_032,Sample 9_UrbanPopgen_Plate45_1-19-24_data.csv,Pseu,Palm Beach urban,Peanut Island,23-Mar,Spring,Dry
Peanut_033,Sample 10_UrbanPopgen_Plate45_1-19-24_data.csv,Pseu,Palm Beach urban,Peanut Island,23-Mar,Spring,Dry
Peanut_034,Sample 11_UrbanPopgen_Plate45_1-19-24_data.csv,Pseu,Palm Beach urban,Peanut Island,23-Mar,Spring,Dry
Peanut_035,Sample 12_UrbanPopgen_Plate45_1-19-24_data.csv,Pseu,Palm Beach urban,Peanut Island,23-Mar,Spring,Dry
Peanut_036,Sample 1_UrbanPopgen_Plate46_1-19-24_data.csv,Pseu,Palm Beach urban,Peanut Island,23-Mar,Spring,Dry
Peanut_037,Sample 2_UrbanPopgen_Plate46_1-19-24_data.csv,Pseu,Palm Beach urban,Peanut Island,23-Mar,Spring,Dry
Peanut_038,Sample 3_UrbanPopgen_Plate46_1-19-24_data.csv,Pseu,Palm Beach urban,Peanut Island,23-Mar,Spring,Dry
Peanut_039,Sample 4_UrbanPopgen_Plate46_1-19-24_data.csv,Pseu,Palm Beach urban,Peanut Island,23-Mar,Spring,Dry
Peanut_040,Sample 5_UrbanPopgen_Plate46_1-19-24_data.csv,Pseu,Palm Beach urban,Peanut Island,23-Mar,Spring,Dry
Peanut_042,Sample 6_UrbanPopgen_Plate46_1-19-24_data.csv,Pseu,Palm Beach urban,Peanut Island,23-Mar,Spring,Dry
Peanut_043,Sample 7_UrbanPopgen_Plate46_1-19-24_data.csv,Pseu,Palm Beach urban,Peanut Island,23-Mar,Spring,Dry
Peanut_044,Sample 8_UrbanPopgen_Plate46_1-19-24_data.csv,Pseu,Palm Beach urban,Peanut Island,23-Mar,Spring,Dry
Peanut_046,Sample 9_UrbanPopgen_Plate46_1-19-24_data.csv,Pseu,Palm Beach urban,Peanut Island,23-Mar,Spring,Dry
Peanut_047,Sample 10_UrbanPopgen_Plate46_1-19-24_data.csv,Pseu,Palm Beach urban,Peanut Island,23-Mar,Spring,Dry
Peanut_050,Sample 11_UrbanPopgen_Plate46_1-19-24_data.csv,Pseu,Palm Beach urban,Peanut Island,23-Mar,Spring,Dry
Peanut_008,Sample 1_UrbanPopgen_Plate47_1-16-24_data.csv,Dlab,Palm Beach urban,Peanut Island,23-Mar,Spring,Dry
Peanut_009,Sample 2_UrbanPopgen_Plate47_1-16-24_data.csv,Dlab,Palm Beach urban,Peanut Island,23-Mar,Spring,Dry
Peanut_041,Sample 3_UrbanPopgen_Plate47_1-16-24_data.csv,Dlab,Palm Beach urban,Peanut Island,23-Mar,Spring,Dry
Peanut_052,Sample 4_UrbanPopgen_Plate47_1-16-24_data.csv,Dlab,Palm Beach urban,Peanut Island,23-Mar,Spring,Dry
Peanut_060,Sample 5_UrbanPopgen_Plate47_1-16-24_data.csv,Dlab,Palm Beach urban,Peanut Island,23-Mar,Spring,Dry
Peanut_076,Sample 6_UrbanPopgen_Plate47_1-16-24_data.csv,Dlab,Palm Beach urban,Peanut Island,23-Mar,Spring,Dry
Peanut_080,Sample 7_UrbanPopgen_Plate47_1-16-24_data.csv,Dlab,Palm Beach urban,Peanut Island,23-Mar,Spring,Dry
Peanut_023,Sample 8_UrbanPopgen_Plate47_1-16-24_data.csv,Cnat,Palm Beach urban,Peanut Island,23-Mar,Spring,Dry
Peanut_045,Sample 9_UrbanPopgen_Plate47_1-16-24_data.csv,Cnat,Palm Beach urban,Peanut Island,23-Mar,Spring,Dry
Peanut_048,Sample 10_UrbanPopgen_Plate47_1-16-24_data.csv,Cnat,Palm Beach urban,Peanut Island,23-Mar,Spring,Dry
Peanut_073,Sample 11_UrbanPopgen_Plate47_1-16-24_data.csv,Cnat,Palm Beach urban,Peanut Island,23-Mar,Spring,Dry
Peanut_081,Sample 12_UrbanPopgen_Plate47_1-16-24_data.csv,Cnat,Palm Beach urban,Peanut Island,23-Mar,Spring,Dry
Peanut_051,Sample 1_UrbanPopgen_Plate48_1-19-24_data.csv,Pseu,Palm Beach urban,Peanut Island,23-Mar,Spring,Dry
Peanut_055,Sample 2_UrbanPopgen_Plate48_1-19-24_data.csv,Pseu,Palm Beach urban,Peanut Island,23-Mar,Spring,Dry
Peanut_058,Sample 3_UrbanPopgen_Plate48_1-19-24_data.csv,Pseu,Palm Beach urban,Peanut Island,23-Mar,Spring,Dry
Peanut_066,Sample 4_UrbanPopgen_Plate48_1-19-24_data.csv,Pseu,Palm Beach urban,Peanut Island,23-Mar,Spring,Dry
Peanut_072,Sample 5_UrbanPopgen_Plate48_1-19-24_data.csv,Pseu,Palm Beach urban,Peanut Island,23-Mar,Spring,Dry
Peanut_088,Sample 6_UrbanPopgen_Plate48_1-19-24_data.csv,Pseu,Palm Beach urban,Peanut Island,23-Mar,Spring,Dry
Peanut_090,Sample 7_UrbanPopgen_Plate48_1-19-24_data.csv,Pseu,Palm Beach urban,Peanut Island,23-Mar,Spring,Dry
Peanut_092,Sample 8_UrbanPopgen_Plate48_1-19-24_data.csv,Pseu,Palm Beach urban,Peanut Island,23-Mar,Spring,Dry
Peanut_096,Sample 9_UrbanPopgen_Plate48_1-19-24_data.csv,Pseu,Palm Beach urban,Peanut Island,23-Mar,Spring,Dry
Peanut_097,Sample 10_UrbanPopgen_Plate48_1-19-24_data.csv,Pseu,Palm Beach urban,Peanut Island,23-Mar,Spring,Dry
Peanut_077,Sample 11_UrbanPopgen_Plate48_1-19-24_data.csv,Ofav,Palm Beach urban,Peanut Island,23-Mar,Spring,Dry
Peanut_002,Sample 1_UrbanPopgen_Plate49_1-19-24_data.csv,Mcav,Palm Beach urban,Peanut Island,23-Mar,Spring,Dry
Peanut_013,Sample 2_UrbanPopgen_Plate49_1-19-24_data.csv,Mcav,Palm Beach urban,Peanut Island,23-Mar,Spring,Dry
Peanut_014,Sample 3_UrbanPopgen_Plate49_1-19-24_data.csv,Mcav,Palm Beach urban,Peanut Island,23-Mar,Spring,Dry
Peanut_016,Sample 4_UrbanPopgen_Plate49_1-19-24_data.csv,Mcav,Palm Beach urban,Peanut Island,23-Mar,Spring,Dry
Peanut_049,Sample 5_UrbanPopgen_Plate49_1-19-24_data.csv,Mcav,Palm Beach urban,Peanut Island,23-Mar,Spring,Dry
Peanut_053,Sample 6_UrbanPopgen_Plate49_1-19-24_data.csv,Mcav,Palm Beach urban,Peanut Island,23-Mar,Spring,Dry
Peanut_069,Sample 7_UrbanPopgen_Plate49_1-19-24_data.csv,Mcav,Palm Beach urban,Peanut Island,23-Mar,Spring,Dry
Peanut_086,Sample 8_UrbanPopgen_Plate49_1-19-24_data.csv,Mcav,Palm Beach urban,Peanut Island,23-Mar,Spring,Dry
Peanut_091,Sample 9_UrbanPopgen_Plate49_1-19-24_data.csv,Mcav,Palm Beach urban,Peanut Island,23-Mar,Spring,Dry
Peanut_093,Sample 10_UrbanPopgen_Plate49_1-19-24_data.csv,Mcav,Palm Beach urban,Peanut Island,23-Mar,Spring,Dry
Peanut_098,Sample 11_UrbanPopgen_Plate49_1-19-24_data.csv,Mcav,Palm Beach urban,Peanut Island,23-Mar,Spring,Dry
Baggs_039,Sample 1_UrbanPopgen_Plate50_1-19-24_data.csv,Ofav,Miami urban,Bill Baggs,21-Oct,Fall,Dry
Baggs_108,Sample 2_UrbanPopgen_Plate50_1-19-24_data.csv,Ofav,Miami urban,Bill Baggs,21-Oct,Fall,Dry
Baggs_206,Sample 3_UrbanPopgen_Plate50_1-19-24_data.csv,Ofav,Miami urban,Bill Baggs,20-Jun,Summer,Wet
Baggs_201,Sample 4_UrbanPopgen_Plate50_1-19-24_data.csv,Pseu,Miami urban,Bill Baggs,20-Jun,Summer,Wet
Baggs_210,Sample 5_UrbanPopgen_Plate50_1-19-24_data.csv,Pseu,Miami urban,Bill Baggs,20-Jun,Summer,Wet
Baggs_009,Sample 6_UrbanPopgen_Plate50_1-19-24_data.csv,Pseu,Miami urban,Bill Baggs,21-Sep,Fall,Wet
Baggs_204,Sample 7_UrbanPopgen_Plate50_1-19-24_data.csv,Cnat,Miami urban,Bill Baggs,20-Jun,Summer,Wet
Baggs_205,Sample 8_UrbanPopgen_Plate50_1-19-24_data.csv,Cnat,Miami urban,Bill Baggs,20-Jun,Summer,Wet
Baggs_070,Sample 9_UrbanPopgen_Plate50_1-19-24_data.csv,Cnat,Miami urban,Bill Baggs,21-Jun,Summer,Wet
Baggs_072,Sample 10_UrbanPopgen_Plate50_1-19-24_data.csv,Cnat,Miami urban,Bill Baggs,21-Jun,Summer,Wet
Baggs_073,Sample 11_UrbanPopgen_Plate50_1-19-24_data.csv,Cnat,Miami urban,Bill Baggs,21-Jun,Summer,Wet
Baggs_077,Sample 12_UrbanPopgen_Plate50_1-19-24_data.csv,Cnat,Miami urban,Bill Baggs,21-Jun,Summer,Wet
Baggs_067,Sample 1_UrbanPopgen_Plate51_1-22-24_data.csv,Cnat,Miami urban,Bill Baggs,21-Jun,Summer,Wet
Baggs_082,Sample 2_UrbanPopgen_Plate51_1-22-24_data.csv,Cnat,Miami urban,Bill Baggs,21-Jun,Summer,Wet
Baggs_085,Sample 3_UrbanPopgen_Plate51_1-22-24_data.csv,Cnat,Miami urban,Bill Baggs,21-Jun,Summer,Wet
Baggs_087,Sample 4_UrbanPopgen_Plate51_1-22-24_data.csv,Cnat,Miami urban,Bill Baggs,21-Jun,Summer,Wet
urban_387,Sample 5_UrbanPopgen_Plate51_1-22-24_data.csv,Dlab,Miami urban,MacArthur North,24-Jan,Winter,Dry
urban_386,Sample 6_UrbanPopgen_Plate51_1-22-24_data.csv,Dlab,Miami urban,MacArthur North,24-Jan,Winter,Dry
urban_385,Sample 7_UrbanPopgen_Plate51_1-22-24_data.csv,Dlab,Miami urban,MacArthur North,24-Jan,Winter,Dry
urban_383,Sample 8_UrbanPopgen_Plate51_1-22-24_data.csv,Dlab,Miami urban,MacArthur North,24-Jan,Winter,Dry
urban_382,Sample 9_UrbanPopgen_Plate51_1-22-24_data.csv,Dlab,Miami urban,MacArthur North,24-Jan,Winter,Dry
urban_381,Sample 10_UrbanPopgen_Plate51_1-22-24_data.csv,Dlab,Miami urban,MacArthur North,24-Jan,Winter,Dry
urban_379,Sample 11_UrbanPopgen_Plate51_1-22-24_data.csv,Dlab,Miami urban,MacArthur North,24-Jan,Winter,Dry
urban_380,Sample 1_UrbanPopgen_Plate52_1-22-24_data.csv,Dlab,Miami urban,MacArthur North,24-Jan,Winter,Dry
urban_378,Sample 2_UrbanPopgen_Plate52_1-22-24_data.csv,Dlab,Miami urban,MacArthur North,24-Jan,Winter,Dry
urban_377,Sample 3_UrbanPopgen_Plate52_1-22-24_data.csv,Dlab,Miami urban,MacArthur North,24-Jan,Winter,Dry
urban_376,Sample 4_UrbanPopgen_Plate52_1-22-24_data.csv,Dlab,Miami urban,MacArthur North,24-Jan,Winter,Dry
urban_375,Sample 5_UrbanPopgen_Plate52_1-22-24_data.csv,Dlab,Miami urban,MacArthur North,24-Jan,Winter,Dry
urban_374,Sample 6_UrbanPopgen_Plate52_1-22-24_data.csv,Dlab,Miami urban,MacArthur North,24-Jan,Winter,Dry
urban_328,Sample 7_UrbanPopgen_Plate52_1-22-24_data.csv,Dlab,Miami urban,MacArthur North,23-Aug,Summer,Wet
urban_349,Sample 8_UrbanPopgen_Plate52_1-22-24_data.csv,Dlab,Miami urban,MacArthur North,23-Aug,Summer,Wet
urban_348,Sample 9_UrbanPopgen_Plate52_1-22-24_data.csv,Dlab,Miami urban,MacArthur North,23-Aug,Summer,Wet
urban_347,Sample 10_UrbanPopgen_Plate52_1-22-24_data.csv,Dlab,Miami urban,MacArthur North,23-Aug,Summer,Wet
urban_346,Sample 11_UrbanPopgen_Plate52_1-22-24_data.csv,Dlab,Miami urban,MacArthur North,23-Aug,Summer,Wet
urban_373,Sample 12_UrbanPopgen_Plate52_1-22-24_data.csv,Dlab,Miami urban,MacArthur North,24-Jan,Winter,Dry
urban_388,Sample 1_UrbanPopgen_Plate53_1-23-24_data.csv,Pseu,North Miami reef,Pillars,24-Jan,Winter,Dry
urban_393,Sample 2_UrbanPopgen_Plate53_1-23-24_data.csv,Pseu,North Miami reef,South Canyon,24-Jan,Winter,Dry
urban_395,Sample 3_UrbanPopgen_Plate53_1-23-24_data.csv,Pseu,North Miami reef,South Canyon,24-Jan,Winter,Dry
urban_403,Sample 4_UrbanPopgen_Plate53_1-23-24_data.csv,Pseu,North Miami reef,Pillars,24-Jan,Winter,Dry
urban_404,Sample 5_UrbanPopgen_Plate53_1-23-24_data.csv,Pseu,North Miami reef,Pillars,24-Jan,Winter,Dry
urban_406,Sample 6_UrbanPopgen_Plate53_1-23-24_data.csv,Pseu,North Miami reef,Pillars,24-Jan,Winter,Dry
urban_408,Sample 7_UrbanPopgen_Plate53_1-23-24_data.csv,Pseu,North Miami reef,South Canyon,24-Jan,Winter,Dry
urban_411,Sample 8_UrbanPopgen_Plate53_1-23-24_data.csv,Pseu,North Miami reef,South Canyon,24-Jan,Winter,Dry
urban_412,Sample 9_UrbanPopgen_Plate53_1-23-24_data.csv,Pseu,North Miami reef,South Canyon,24-Jan,Winter,Dry
urban_413,Sample 10_UrbanPopgen_Plate53_1-23-24_data.csv,Pseu,North Miami reef,South Canyon,24-Jan,Winter,Dry
urban_414,Sample 11_UrbanPopgen_Plate53_1-23-24_data.csv,Pseu,North Miami reef,South Canyon,24-Jan,Winter,Dry
urban_416,Sample 12_UrbanPopgen_Plate53_1-23-24_data.csv,Pseu,North Miami reef,Pillars,24-Jan,Winter,Dry
urban_417,Sample 1_UrbanPopgen_Plate54_1-23-24_data.csv,Pseu,North Miami reef,Pillars,24-Jan,Winter,Dry
urban_389,Sample 2_UrbanPopgen_Plate54_1-23-24_data.csv,Mcav,North Miami reef,Pillars,24-Jan,Winter,Dry
urban_390,Sample 3_UrbanPopgen_Plate54_1-23-24_data.csv,Mcav,North Miami reef,Pillars,24-Jan,Winter,Dry
urban_396,Sample 4_UrbanPopgen_Plate54_1-23-24_data.csv,Mcav,North Miami reef,Graceland,24-Jan,Winter,Dry
urban_397,Sample 5_UrbanPopgen_Plate54_1-23-24_data.csv,Mcav,North Miami reef,Graceland,24-Jan,Winter,Dry
urban_407,Sample 6_UrbanPopgen_Plate54_1-23-24_data.csv,Mcav,North Miami reef,Graceland,24-Jan,Winter,Dry
urban_405,Sample 7_UrbanPopgen_Plate54_1-23-24_data.csv,Ofav,North Miami reef,Pillars,24-Jan,Winter,Dry
urban_409,Sample 8_UrbanPopgen_Plate54_1-23-24_data.csv,Ofav,North Miami reef,South Canyon,24-Jan,Winter,Dry
urban_415,Sample 9_UrbanPopgen_Plate54_1-23-24_data.csv,Ofav,North Miami reef,Pillars,24-Jan,Winter,Dry
urban_392,Sample 10_UrbanPopgen_Plate54_1-23-24_data.csv,Cnat,North Miami reef,Pillars,24-Jan,Winter,Dry
urban_394,Sample 11_UrbanPopgen_Plate54_1-23-24_data.csv,Cnat,North Miami reef,South Canyon,24-Jan,Winter,Dry
urban_438,Sample 1 _UrbanPopgen_Plate55_1-24-24_data.csv,Pseu,Miami urban,Miami Beach Marina,24-Jan,Winter,Dry
urban_439,Sample 2_UrbanPopgen_Plate55_1-24-24_data.csv,Pseu,Miami urban,Miami Beach Marina,24-Jan,Winter,Dry
urban_440,Sample 3_UrbanPopgen_Plate55_1-24-24_data.csv,Pseu,Miami urban,Miami Beach Marina,24-Jan,Winter,Dry
urban_441,Sample 4_UrbanPopgen_Plate55_1-24-24_data.csv,Pseu,Miami urban,Miami Beach Marina,24-Jan,Winter,Dry
urban_442,Sample 5_UrbanPopgen_Plate55_1-24-24_data.csv,Pseu,Miami urban,Miami Beach Marina,24-Jan,Winter,Dry
urban_453,Sample 6_UrbanPopgen_Plate55_1-24-24_data.csv,Pseu,Miami urban,Miami Beach Marina,24-Jan,Winter,Dry
urban_454,Sample 7_UrbanPopgen_Plate55_1-24-24_data.csv,Pseu,Miami urban,Miami Beach Marina,24-Jan,Winter,Dry
urban_455,Sample 8_UrbanPopgen_Plate55_1-24-24_data.csv,Dlab,Miami urban,Miami Beach Marina,24-Jan,Winter,Dry
urban_456,Sample 9_UrbanPopgen_Plate55_1-24-24_data.csv,Pseu,Miami urban,Miami Beach Marina,24-Jan,Winter,Dry
urban_457,Sample 10_UrbanPopgen_Plate55_1-24-24_data.csv,Pseu,Miami urban,Miami Beach Marina,24-Jan,Winter,Dry
urban_458,Sample 11_UrbanPopgen_Plate55_1-24-24_data.csv,Pseu,Miami urban,Miami Beach Marina,24-Jan,Winter,Dry
urban_459,Sample 12_UrbanPopgen_Plate55_1-24-24_data.csv,Pseu,Miami urban,Miami Beach Marina,24-Jan,Winter,Dry
urban_428,Sample 1 _UrbanPopgen_Plate56_1-24-24_data.csv,Mcav,North Miami reef,Graceland,24-Jan,Winter,Dry
urban_429,Sample 2_UrbanPopgen_Plate56_1-24-24_data.csv,Mcav,North Miami reef,Graceland,24-Jan,Winter,Dry
urban_430,Sample 3_UrbanPopgen_Plate56_1-24-24_data.csv,Mcav,North Miami reef,Graceland,24-Jan,Winter,Dry
urban_432,Sample 4_UrbanPopgen_Plate56_1-24-24_data.csv,Mcav,North Miami reef,Graceland,24-Jan,Winter,Dry
urban_433,Sample 5_UrbanPopgen_Plate56_1-24-24_data.csv,Mcav,North Miami reef,Graceland,24-Jan,Winter,Dry
urban_434,Sample 6_UrbanPopgen_Plate56_1-24-24_data.csv,Mcav,North Miami reef,Graceland,24-Jan,Winter,Dry
urban_436,Sample 7_UrbanPopgen_Plate56_1-24-24_data.csv,Mcav,North Miami reef,Graceland,24-Jan,Winter,Dry
urban_443,Sample 8_UrbanPopgen_Plate56_1-24-24_data.csv,Mcav,North Miami reef,Graceland,24-Jan,Winter,Dry
urban_444,Sample 9_UrbanPopgen_Plate56_1-24-24_data.csv,Mcav,North Miami reef,Graceland,24-Jan,Winter,Dry
urban_445,Sample 10_UrbanPopgen_Plate56_1-24-24_data.csv,Mcav,North Miami reef,Graceland,24-Jan,Winter,Dry
urban_446,Sample 11_UrbanPopgen_Plate56_1-24-24_data.csv,Mcav,North Miami reef,Graceland,24-Jan,Winter,Dry
urban_391,Sample 1_UrbanPopgen_Plate57_1-24-24_data.csv,Dlab,North Miami reef,Pillars,24-Jan,Winter,Dry
urban_417,Sample 2_UrbanPopgen_Plate57_1-24-24_data.csv,Pseu,North Miami reef,Pillars,24-Jan,Winter,Dry
urban_418,Sample 3_UrbanPopgen_Plate57_1-24-24_data.csv,Dlab,North Miami reef,Pillars,24-Jan,Winter,Dry
urban_419,Sample 4_UrbanPopgen_Plate57_1-24-24_data.csv,Pseu,North Miami reef,Pillars,24-Jan,Winter,Dry
urban_420,Sample 5_UrbanPopgen_Plate57_1-24-24_data.csv,Cnat,North Miami reef,Pillars,24-Jan,Winter,Dry
urban_421,Sample 6_UrbanPopgen_Plate57_1-24-24_data.csv,Pseu,North Miami reef,Pillars,24-Jan,Winter,Dry
urban_422,Sample 7_UrbanPopgen_Plate57_1-24-24_data.csv,Pseu,North Miami reef,Pillars,24-Jan,Winter,Dry
urban_423,Sample 8_UrbanPopgen_Plate57_1-24-24_data.csv,Cnat,North Miami reef,Pillars,24-Jan,Winter,Dry
urban_424,Sample 9_UrbanPopgen_Plate57_1-24-24_data.csv,Pseu,North Miami reef,Pillars,24-Jan,Winter,Dry
urban_425,Sample 10_UrbanPopgen_Plate57_1-24-24_data.csv,Pseu,North Miami reef,Pillars,24-Jan,Winter,Dry
urban_426,Sample 11_UrbanPopgen_Plate57_1-24-24_data.csv,Pseu,North Miami reef,Pillars,24-Jan,Winter,Dry
urban_427,Sample 12_UrbanPopgen_Plate57_1-24-24_data.csv,Pseu,North Miami reef,Pillars,24-Jan,Winter,Dry
urban_448,Sample 1_UrbanPopgen_Plate58_1-24-24_data.csv,Mcav,North Miami reef,Graceland,24-Jan,Winter,Dry
urban_449,Sample 2_UrbanPopgen_Plate58_1-24-24_data.csv,Mcav,North Miami reef,Graceland,24-Jan,Winter,Dry
urban_450,Sample 3_UrbanPopgen_Plate58_1-24-24_data.csv,Mcav,North Miami reef,Graceland,24-Jan,Winter,Dry
urban_451,Sample 4_UrbanPopgen_Plate58_1-24-24_data.csv,Mcav,North Miami reef,Graceland,24-Jan,Winter,Dry
urban_452,Sample 5_UrbanPopgen_Plate58_1-24-24_data.csv,Pseu,North Miami reef,Graceland,24-Jan,Winter,Dry
urban_460,Sample 6_UrbanPopgen_Plate58_1-24-24_data.csv,Pseu,Miami urban,Miami Beach Marina,24-Jan,Winter,Dry
urban_461,Sample 7_UrbanPopgen_Plate58_1-24-24_data.csv,Pseu,Miami urban,Miami Beach Marina,24-Jan,Winter,Dry
urban_462,Sample 8_UrbanPopgen_Plate58_1-24-24_data.csv,Pseu,Miami urban,Miami Beach Marina,24-Jan,Winter,Dry
urban_478,Sample 9_UrbanPopgen_Plate58_1-24-24_data.csv,Pseu,Miami urban,Miami Beach Marina,24-Jan,Winter,Dry
urban_479,Sample 10_UrbanPopgen_Plate58_1-24-24_data.csv,Pseu,Miami urban,Miami Beach Marina,24-Jan,Winter,Dry
urban_480,Sample 11_UrbanPopgen_Plate58_1-24-24_data.csv,Pseu,Miami urban,Miami Beach Marina,24-Jan,Winter,Dry
urban_481,Sample 1_UrbanPopgen_Plate59_1-24-24_data.csv,Pseu,Miami urban,Miami Beach Marina,24-Jan,Winter,Dry
urban_482,Sample 2_UrbanPopgen_Plate59_1-24-24_data.csv,Pseu,Miami urban,Miami Beach Marina,24-Jan,Winter,Dry
urban_488,Sample 3_UrbanPopgen_Plate59_1-24-24_data.csv,Pseu,Miami urban,Miami Beach Marina,24-Jan,Winter,Dry
urban_489,Sample 4_UrbanPopgen_Plate59_1-24-24_data.csv,Dlab,Miami urban,Miami Beach Marina,24-Jan,Winter,Dry
urban_490,Sample 5_UrbanPopgen_Plate59_1-24-24_data.csv,Pseu,Miami urban,Miami Beach Marina,24-Jan,Winter,Dry
urban_491,Sample 6_UrbanPopgen_Plate59_1-24-24_data.csv,Pseu,Miami urban,Miami Beach Marina,24-Jan,Winter,Dry
urban_492,Sample 7_UrbanPopgen_Plate59_1-24-24_data.csv,Pseu,Miami urban,Miami Beach Marina,24-Jan,Winter,Dry
urban_493,Sample 8_UrbanPopgen_Plate59_1-24-24_data.csv,Pseu,Miami urban,Miami Beach Marina,24-Jan,Winter,Dry
urban_494,Sample 9_UrbanPopgen_Plate59_1-24-24_data.csv,Pseu,Miami urban,Miami Beach Marina,24-Jan,Winter,Dry
urban_495,Sample 10_UrbanPopgen_Plate59_1-24-24_data.csv,Pseu,Miami urban,Miami Beach Marina,24-Jan,Winter,Dry
urban_496,Sample 11_UrbanPopgen_Plate59_1-24-24_data.csv,Pseu,Miami urban,Miami Beach Marina,24-Jan,Winter,Dry
Baggs_009,Sample 1 _UrbanPopgen_Plate60_3-24-24_data.csv,Pseu,Miami urban,Bill Baggs,21-Sep,Winter,Dry
Baggs_085,Sample 2_UrbanPopgen_Plate60_3-24-24_data.csv,Cnat,Miami urban,Bill Baggs,21-Jun,Winter,Dry
urban_398,Sample 3_UrbanPopgen_Plate60_3-24-24_data.csv,Pseu,Miami urban,Seaquarium,24-Jan,Winter,Dry
urban_464,Sample 4_UrbanPopgen_Plate60_3-24-24_data.csv,Pseu,Miami urban,Seaquarium,24-Jan,Winter,Dry
urban_472,Sample 5_UrbanPopgen_Plate60_3-24-24_data.csv,Pseu,Miami urban,Coral City Camera,24-Jan,Winter,Dry
urban_486,Sample 6_UrbanPopgen_Plate60_3-24-24_data.csv,Pseu,Miami urban,Coral City Camera,24-Jan,Winter,Dry
urban_503,Sample 7_UrbanPopgen_Plate60_3-24-24_data.csv,Pseu,Miami urban,Coral City Camera,24-Jan,Winter,Dry
urban_512,Sample 8_UrbanPopgen_Plate60_3-24-24_data.csv,Pseu,Miami urban,Coral City Camera,24-Jan,Winter,Dry
urban_520,Sample 9_UrbanPopgen_Plate60_3-24-24_data.csv,Pseu,Miami urban,Coral City Camera,24-Jan,Winter,Dry
urban_528,Sample 10_UrbanPopgen_Plate60_3-24-24_data.csv,Pseu,Miami urban,Coral City Camera,24-Jan,Winter,Dry
urban_538,Sample 11_UrbanPopgen_Plate60_3-24-24_data.csv,Mcav,Miami urban,Coral City Camera,24-Jan,Winter,Dry
urban_546,Sample 12_UrbanPopgen_Plate60_3-24-24_data.csv,Ofav,Miami urban,Coral City Camera,24-Jan,Winter,Dry
Baggs_039,Sample 1 _UrbanPopgen_Plate61_3-24-24_data.csv,Ofav,Miami urban,Bill Baggs,21-Oct,,
Baggs_087,Sample 2_UrbanPopgen_Plate61_3-24-24_data.csv,Cnat,Miami urban,Bill Baggs,21-Jun,,
urban_399,Sample 3_UrbanPopgen_Plate61_3-24-24_data.csv,Dlab,Miami urban,Seaquarium,24-Jan,,
urban_465,Sample 4_UrbanPopgen_Plate61_3-24-24_data.csv,Pseu,Miami urban,Seaquarium,24-Jan,,
urban_473,Sample 5_UrbanPopgen_Plate61_3-24-24_data.csv,Ofav,Miami urban,Coral City Camera,24-Jan,,
urban_487,Sample 6_UrbanPopgen_Plate61_3-24-24_data.csv,Cnat,Miami urban,Coral City Camera,24-Jan,,
urban_504,Sample 7_UrbanPopgen_Plate61_3-24-24_data.csv,Pseu,Miami urban,Coral City Camera,24-Jan,,
urban_513,Sample 8_UrbanPopgen_Plate61_3-24-24_data.csv,Pseu,Miami urban,Coral City Camera,24-Jan,,
urban_521,Sample 9_UrbanPopgen_Plate61_3-24-24_data.csv,Pseu,Miami urban,Coral City Camera,24-Jan,,
urban_529,Sample 10_UrbanPopgen_Plate61_3-24-24_data.csv,Pseu,Miami urban,Coral City Camera,24-Jan,,
urban_539,Sample 11_UrbanPopgen_Plate61_3-24-24_data.csv,Cnat,Miami urban,Coral City Camera,24-Jan,,
urban_547,Sample 1 _UrbanPopgen_Plate62_3-24-24_data.csv,Dlab,Miami urban,Coral City Camera,24-Jan,,
Baggs_067,Sample 2_UrbanPopgen_Plate62_3-24-24_data.csv,Cnat,Miami urban,Bill Baggs,21-Jun,,
Baggs_108,Sample 3_UrbanPopgen_Plate62_3-24-24_data.csv,Ofav,Miami urban,Bill Baggs,21-Oct,,
urban_400,Sample 4_UrbanPopgen_Plate62_3-24-24_data.csv,Pseu,Miami urban,Seaquarium,24-Jan,,
urban_466,Sample 5_UrbanPopgen_Plate62_3-24-24_data.csv,Cnat,Miami urban,Seaquarium,24-Jan,,
urban_474,Sample 6_UrbanPopgen_Plate62_3-24-24_data.csv,Pseu,Miami urban,Coral City Camera,24-Jan,,
urban_497,Sample 7_UrbanPopgen_Plate62_3-24-24_data.csv,Mcav,Palm Beach urban,Peanut Island,24-Jan,,
urban_506,Sample 8_UrbanPopgen_Plate62_3-24-24_data.csv,Pseu,Miami urban,Coral City Camera,24-Jan,,
urban_514,Sample 9_UrbanPopgen_Plate62_3-24-24_data.csv,Pseu,Miami urban,Coral City Camera,24-Jan,,
urban_522,Sample 10_UrbanPopgen_Plate62_3-24-24_data.csv,Pseu,Miami urban,Coral City Camera,24-Jan,,
urban_530,Sample 11_UrbanPopgen_Plate62_3-24-24_data.csv,Pseu,Miami urban,Coral City Camera,24-Jan,,
urban_540,Sample 12_UrbanPopgen_Plate62_3-24-24_data.csv,Dlab,Miami urban,Coral City Camera,24-Jan,,
urban_548,Sample 1 _UrbanPopgen_Plate63_3-24-24_data.csv,Dlab,Miami urban,Coral City Camera,24-Jan,,
Baggs_070,Sample 2_UrbanPopgen_Plate63_3-24-24_data.csv,Cnat,Miami urban,Bill Baggs,21-Jun,,
Baggs_201,Sample 3_UrbanPopgen_Plate63_3-24-24_data.csv,Pseu,Miami urban,Bill Baggs,20-Jun,,
urban_401,Sample 4_UrbanPopgen_Plate63_3-24-24_data.csv,Pseu,Miami urban,Seaquarium,24-Jan,,
urban_467,Sample 5_UrbanPopgen_Plate63_3-24-24_data.csv,Pseu,Miami urban,Seaquarium,24-Jan,,
urban_475,Sample 6_UrbanPopgen_Plate63_3-24-24_data.csv,Pseu,Miami urban,Coral City Camera,24-Jan,,
urban_498,Sample 7_UrbanPopgen_Plate63_3-24-24_data.csv,Dlab,Miami urban,Coral City Camera,24-Jan,,
urban_507,Sample 8_UrbanPopgen_Plate63_3-24-24_data.csv,Pseu,Miami urban,Coral City Camera,24-Jan,,
urban_515,Sample 9_UrbanPopgen_Plate63_3-24-24_data.csv,Pseu,Miami urban,Coral City Camera,24-Jan,,
urban_523,Sample 10_UrbanPopgen_Plate63_3-24-24_data.csv,Pseu,Miami urban,Coral City Camera,24-Jan,,
urban_533,Sample 11_UrbanPopgen_Plate63_3-24-24_data.csv,Dlab,Miami urban,Coral City Camera,24-Jan,,
urban_540,Sample 1 _UrbanPopgen_Plate64_3-24-24_data.csv,Dlab,Miami urban,Coral City Camera,24-Jan,,
urban_548,Sample 2_UrbanPopgen_Plate64_3-24-24_data.csv,Dlab,Miami urban,Coral City Camera,24-Jan,,
Baggs_070,Sample 3_UrbanPopgen_Plate64_3-24-24_data.csv,Cnat,Miami urban,Bill Baggs,21-Jun,,
Baggs_201,Sample 4_UrbanPopgen_Plate64_3-24-24_data.csv,Pseu,Miami urban,Bill Baggs,20-Jun,,
urban_401,Sample 5_UrbanPopgen_Plate64_3-24-24_data.csv,Pseu,Miami urban,Seaquarium,24-Jan,,
urban_467,Sample 6_UrbanPopgen_Plate64_3-24-24_data.csv,Pseu,Miami urban,Seaquarium,24-Jan,,
urban_475,Sample 7_UrbanPopgen_Plate64_3-24-24_data.csv,Pseu,Miami urban,Coral City Camera,24-Jan,,
urban_498,Sample 8_UrbanPopgen_Plate64_3-24-24_data.csv,Dlab,Miami urban,Coral City Camera,24-Jan,,
urban_507,Sample 9_UrbanPopgen_Plate64_3-24-24_data.csv,Pseu,Miami urban,Coral City Camera,24-Jan,,
urban_515,Sample 10_UrbanPopgen_Plate64_3-24-24_data.csv,Pseu,Miami urban,Coral City Camera,24-Jan,,
urban_523,Sample 11_UrbanPopgen_Plate64_3-24-24_data.csv,Pseu,Miami urban,Coral City Camera,24-Jan,,
urban_533,Sample 12_UrbanPopgen_Plate64_3-24-24_data.csv,Dlab,Miami urban,Coral City Camera,24-Jan,,
urban_541,Sample 1 _UrbanPopgen_Plate65_3-24-24_data.csv,Dlab,Miami urban,Coral City Camera,24-Jan,,
urban_549,Sample 2_UrbanPopgen_Plate65_3-24-24_data.csv,Dlab,Miami urban,Coral City Camera,24-Jan,,
Baggs_072,Sample 3_UrbanPopgen_Plate65_3-24-24_data.csv,Cnat,Miami urban,Bill Baggs,21-Jun,,
Baggs_204,Sample 4_UrbanPopgen_Plate65_3-24-24_data.csv,Cnat,Miami urban,Bill Baggs,20-Jun,,
urban_402,Sample 5_UrbanPopgen_Plate65_3-24-24_data.csv,Cnat,Miami urban,Seaquarium,24-Jan,,
urban_468,Sample 6_UrbanPopgen_Plate65_3-24-24_data.csv,Cnat,Miami urban,Seaquarium,24-Jan,,
urban_476,Sample 7_UrbanPopgen_Plate65_3-24-24_data.csv,Dlab,Miami urban,Coral City Camera,24-Jan,,
urban_499,Sample 8_UrbanPopgen_Plate65_3-24-24_data.csv,Pseu,Miami urban,Coral City Camera,24-Jan,,
urban_508,Sample 9_UrbanPopgen_Plate65_3-24-24_data.csv,Pseu,Miami urban,Coral City Camera,24-Jan,,
urban_516,Sample 10_UrbanPopgen_Plate65_3-24-24_data.csv,Pseu,Miami urban,Coral City Camera,24-Jan,,
urban_524,Sample 11_UrbanPopgen_Plate65_3-24-24_data.csv,Pseu,Miami urban,Coral City Camera,24-Jan,,
urban_534,Sample 12_UrbanPopgen_Plate65_3-24-24_data.csv,Cnat,Miami urban,Coral City Camera,24-Jan,,
urban_542,Sample 1 _UrbanPopgen_Plate66_3-24-24_data.csv,Ofav,Miami urban,Coral City Camera,24-Jan,,
urban_550,Sample 2_UrbanPopgen_Plate66_3-24-24_data.csv,Dlab,Miami urban,Coral City Camera,24-Jan,,
Baggs_073,Sample 3_UrbanPopgen_Plate66_3-24-24_data.csv,Cnat,Miami urban,Bill Baggs,21-Jun,,
Baggs_205,Sample 4_UrbanPopgen_Plate66_3-24-24_data.csv,Cnat,Miami urban,Bill Baggs,20-Jun,,
urban_410,Sample 5_UrbanPopgen_Plate66_3-24-24_data.csv,Pseu,Miami urban,Seaquarium,24-Jan,,
urban_469,Sample 6_UrbanPopgen_Plate66_3-24-24_data.csv,Dlab,Miami urban,Coral City Camera,24-Jan,,
urban_483,Sample 7_UrbanPopgen_Plate66_3-24-24_data.csv,Dlab,Miami urban,Coral City Camera,24-Jan,,
urban_500,Sample 8_UrbanPopgen_Plate66_3-24-24_data.csv,Mcav,Miami urban,Coral City Camera,24-Jan,,
urban_509,Sample 9_UrbanPopgen_Plate66_3-24-24_data.csv,Pseu,Miami urban,Coral City Camera,24-Jan,,
urban_517,Sample 10_UrbanPopgen_Plate66_3-24-24_data.csv,Pseu,Miami urban,Coral City Camera,24-Jan,,
urban_525,Sample 11_UrbanPopgen_Plate66_3-24-24_data.csv,Pseu,Miami urban,Coral City Camera,24-Jan,,
urban_535,Sample 1 _UrbanPopgen_Plate67_3-24-24_data.csv,Ofav,Miami urban,Coral City Camera,24-Jan,,
urban_543,Sample 2_UrbanPopgen_Plate67_3-24-24_data.csv,Ofav,Miami urban,Coral City Camera,24-Jan,,
urban_551,Sample 3_UrbanPopgen_Plate67_3-24-24_data.csv,Dlab,Miami urban,Coral City Camera,24-Jan,,
Baggs_077,Sample 4_UrbanPopgen_Plate67_3-24-24_data.csv,Cnat,Miami urban,Bill Baggs,21-Jun,,
Baggs_206,Sample 5_UrbanPopgen_Plate67_3-24-24_data.csv,Ofav,Miami urban,Bill Baggs,20-Jun,,
urban_437,Sample 6_UrbanPopgen_Plate67_3-24-24_data.csv,Pseu,Miami urban,Seaquarium,24-Jan,,
urban_470,Sample 7_UrbanPopgen_Plate67_3-24-24_data.csv,Pseu,Miami urban,Coral City Camera,24-Jan,,
urban_484,Sample 8_UrbanPopgen_Plate67_3-24-24_data.csv,Dlab,Miami urban,Coral City Camera,24-Jan,,
urban_501,Sample 9_UrbanPopgen_Plate67_3-24-24_data.csv,Mcav,Miami urban,Coral City Camera,24-Jan,,
urban_510,Sample 10_UrbanPopgen_Plate67_3-24-24_data.csv,Pseu,Miami urban,Coral City Camera,24-Jan,,
urban_518,Sample 11_UrbanPopgen_Plate67_3-24-24_data.csv,Pseu,Miami urban,Coral City Camera,24-Jan,,
urban_526,Sample 12_UrbanPopgen_Plate67_3-24-24_data.csv,Pseu,Miami urban,Coral City Camera,24-Jan,,
urban_536,Sample 1 _UrbanPopgen_Plate68_3-25-24_data.csv,Dlab,Miami urban,Coral City Camera,24-Jan,,
urban_544,Sample 2_UrbanPopgen_Plate68_3-25-24_data.csv,Dlab,Miami urban,Coral City Camera,24-Jan,,
urban_552,Sample 3_UrbanPopgen_Plate68_3-25-24_data.csv,Ofav,Miami urban,Coral City Camera,24-Jan,,
Baggs_082,Sample 4_UrbanPopgen_Plate68_3-25-24_data.csv,Cnat,Miami urban,Bill Baggs,21-Jun,,
Baggs_210,Sample 5_UrbanPopgen_Plate68_3-25-24_data.csv,Pseu,Miami urban,Bill Baggs,20-Jun,,
urban_463,Sample 6_UrbanPopgen_Plate68_3-25-24_data.csv,Cnat,Miami urban,Seaquarium,24-Jan,,
urban_471,Sample 7_UrbanPopgen_Plate68_3-25-24_data.csv,Pseu,Miami urban,Coral City Camera,24-Jan,,
urban_485,Sample 8_UrbanPopgen_Plate68_3-25-24_data.csv,Dlab,Miami urban,Coral City Camera,24-Jan,,
urban_502,Sample 9_UrbanPopgen_Plate68_3-25-24_data.csv,Pseu,Miami urban,Coral City Camera,24-Jan,,
urban_511,Sample 10_UrbanPopgen_Plate68_3-25-24_data.csv,Pseu,Miami urban,Coral City Camera,24-Jan,,
urban_519,Sample 11_UrbanPopgen_Plate68_3-25-24_data.csv,Pseu,Miami urban,Coral City Camera,24-Jan,,
urban_527,Sample 1 _UrbanPopgen_Plate69_3-25-24_data.csv,Pseu,Miami urban,Coral City Camera,24-Jan,,
urban_537,Sample 2_UrbanPopgen_Plate69_3-25-24_data.csv,Mcav,Miami urban,Coral City Camera,24-Jan,,
urban_545,Sample 3_UrbanPopgen_Plate69_3-25-24_data.csv,Dlab,Miami urban,Coral City Camera,24-Jan,,
urban_553,Sample 4_UrbanPopgen_Plate69_3-25-24_data.csv,Ofav,Miami urban,Coral City Camera,24-Jan,,
urban_554,Sample 5_UrbanPopgen_Plate69_3-25-24_data.csv,Ofav,Miami urban,Coral City Camera,24-Jan,,
urban_562,Sample 6_UrbanPopgen_Plate69_3-25-24_data.csv,Ofav,Miami urban,Coral City Camera,24-Jan,,
urban_570,Sample 7_UrbanPopgen_Plate69_3-25-24_data.csv,Ofav,Miami urban,Coral City Camera,24-Jan,,
urban_583,Sample 8_UrbanPopgen_Plate69_3-25-24_data.csv,Pseu,Palm Beach urban,Peanut Island,24-Jan,,
urban_591,Sample 9_UrbanPopgen_Plate69_3-25-24_data.csv,Pseu,Miami urban,Fisher Island,24-Jan,,
urban_599,Sample 10_UrbanPopgen_Plate69_3-25-24_data.csv,Pseu,Miami urban,Fisher Island,24-Jan,,
urban_607,Sample 11_UrbanPopgen_Plate69_3-25-24_data.csv,Cnat,Miami urban,Fisher Island,24-Jan,,
urban_615,Sample 12_UrbanPopgen_Plate69_3-25-24_data.csv,Ofav,Miami urban,Fisher Island,24-Jan,,
urban_623,Sample 1 _UrbanPopgen_Plate70_3-25-24_data.csv,Pseu,Miami urban,Fisher Island,24-Jan,,
urban_631,Sample 2_UrbanPopgen_Plate70_3-25-24_data.csv,Cnat,Palm Beach urban,Peanut Island,24-Jan,,
urban_639,Sample 3_UrbanPopgen_Plate70_3-25-24_data.csv,Cnat,Miami urban,Fisher Island,24-Jan,,
urban_647,Sample 4_UrbanPopgen_Plate70_3-25-24_data.csv,Pseu,Miami urban,Fisher Island,24-Jan,,
urban_555,Sample 5_UrbanPopgen_Plate70_3-25-24_data.csv,Cnat,Miami urban,Coral City Camera,24-Jan,,
urban_563,Sample 6_UrbanPopgen_Plate70_3-25-24_data.csv,Cnat,Miami urban,Coral City Camera,24-Jan,,
urban_571,Sample 7_UrbanPopgen_Plate70_3-25-24_data.csv,Mcav,Miami urban,Coral City Camera,24-Jan,,
urban_584,Sample 8_UrbanPopgen_Plate70_3-25-24_data.csv,Mcav,Palm Beach urban,Peanut Island,24-Jan,,
urban_592,Sample 9_UrbanPopgen_Plate70_3-25-24_data.csv,Pseu,Miami urban,Fisher Island,24-Jan,,
urban_600,Sample 10_UrbanPopgen_Plate70_3-25-24_data.csv,Pseu,Miami urban,Fisher Island,24-Jan,,
urban_608,Sample 11_UrbanPopgen_Plate70_3-25-24_data.csv,Cnat,Miami urban,Fisher Island,24-Jan,,
urban_616,Sample 1 _UrbanPopgen_Plate71_3-25-24_data.csv,Ofav,Miami urban,Fisher Island,24-Jan,,
urban_624,Sample 2_UrbanPopgen_Plate71_3-25-24_data.csv,Ofav,Miami urban,Fisher Island,24-Jan,,
urban_632,Sample 3_UrbanPopgen_Plate71_3-25-24_data.csv,Dlab,Palm Beach urban,Peanut Island,24-Jan,,
urban_640,Sample 4_UrbanPopgen_Plate71_3-25-24_data.csv,Dlab,Miami urban,Fisher Island,24-Jan,,
urban_648,Sample 5_UrbanPopgen_Plate71_3-25-24_data.csv,Pseu,Miami urban,Fisher Island,24-Jan,,
urban_556,Sample 6_UrbanPopgen_Plate71_3-25-24_data.csv,Mcav,Miami urban,Coral City Camera,24-Jan,,
urban_564,Sample 7_UrbanPopgen_Plate71_3-25-24_data.csv,Cnat,Miami urban,Coral City Camera,24-Jan,,
urban_572,Sample 8_UrbanPopgen_Plate71_3-25-24_data.csv,Mcav,Miami urban,Coral City Camera,24-Jan,,
urban_585,Sample 9_UrbanPopgen_Plate71_3-25-24_data.csv,Cnat,Palm Beach urban,Peanut Island,24-Jan,,
urban_593,Sample 10_UrbanPopgen_Plate71_3-25-24_data.csv,Cnat,Miami urban,Fisher Island,24-Jan,,
urban_601,Sample 11_UrbanPopgen_Plate71_3-25-24_data.csv,Dlab,Miami urban,Fisher Island,24-Jan,,
urban_609,Sample 12_UrbanPopgen_Plate71_3-25-24_data.csv,Ofav,Miami urban,Fisher Island,24-Jan,,
urban_557,Sample 1_UrbanPopgen_Plate72_3-26-24_data.csv,Ofav,Miami urban,Coral City Camera,24-Jan,,
urban_558,Sample 2_UrbanPopgen_Plate72_3-26-24_data.csv,Cnat,Miami urban,Coral City Camera,24-Jan,,
urban_559,Sample 3_UrbanPopgen_Plate72_3-26-24_data.csv,Cnat,Miami urban,Coral City Camera,24-Jan,,
urban_560,Sample 4_UrbanPopgen_Plate72_3-26-24_data.csv,Cnat,Miami urban,Coral City Camera,24-Jan,,
urban_561,Sample 5_UrbanPopgen_Plate72_3-26-24_data.csv,Mcav,Miami urban,Coral City Camera,24-Jan,,
urban_565,Sample 6_UrbanPopgen_Plate72_3-26-24_data.csv,Cnat,Miami urban,Coral City Camera,24-Jan,,
urban_566,Sample 7_UrbanPopgen_Plate72_3-26-24_data.csv,Sbou,Miami urban,Coral City Camera,24-Jan,,
urban_567,Sample 8_UrbanPopgen_Plate72_3-26-24_data.csv,Cnat,Miami urban,Coral City Camera,24-Jan,,
urban_568,Sample 9_UrbanPopgen_Plate72_3-26-24_data.csv,Sbou,Miami urban,Coral City Camera,24-Jan,,
urban_569,Sample 10_UrbanPopgen_Plate72_3-26-24_data.csv,Mcav,Miami urban,Coral City Camera,24-Jan,,
urban_573,Sample 11_UrbanPopgen_Plate72_3-26-24_data.csv,Pseu,Miami urban,Fisher Island,24-Jan,,
urban_574,Sample 1_UrbanPopgen_Plate73_3-26-24_data.csv,Cnat,Miami urban,Fisher Island,24-Jan,,
urban_575,Sample 2_UrbanPopgen_Plate73_3-26-24_data.csv,Cnat,Miami urban,Fisher Island,24-Jan,,
urban_576,Sample 3_UrbanPopgen_Plate73_3-26-24_data.csv,Ofav,Miami urban,Fisher Island,24-Jan,,
urban_577,Sample 4_UrbanPopgen_Plate73_3-26-24_data.csv,Ofav,Miami urban,Fisher Island,24-Jan,,
urban_586,Sample 5_UrbanPopgen_Plate73_3-26-24_data.csv,Pseu,Palm Beach urban,Peanut Island,24-Jan,,
urban_587,Sample 6_UrbanPopgen_Plate73_3-26-24_data.csv,Mcav,Palm Beach urban,Peanut Island,24-Jan,,
urban_588,Sample 7_UrbanPopgen_Plate73_3-26-24_data.csv,Pseu,Miami urban,Fisher Island,24-Jan,,
urban_589,Sample 8_UrbanPopgen_Plate73_3-26-24_data.csv,Ofav,Miami urban,Fisher Island,24-Jan,,
urban_590,Sample 9_UrbanPopgen_Plate73_3-26-24_data.csv,Cnat,Miami urban,Fisher Island,24-Jan,,
urban_594,Sample 10_UrbanPopgen_Plate73_3-26-24_data.csv,Pseu,Miami urban,Fisher Island,24-Jan,,
urban_595,Sample 11_UrbanPopgen_Plate73_3-26-24_data.csv,Pseu,Miami urban,Fisher Island,24-Jan,,
urban_596,Sample 12_UrbanPopgen_Plate73_3-26-24_data.csv,Mcav,Miami urban,Fisher Island,24-Jan,,
urban_597,Sample 1_UrbanPopgen_Plate74_3-26-24_data.csv,Pseu,Miami urban,Fisher Island,24-Jan,,
urban_598,Sample 2_UrbanPopgen_Plate74_3-26-24_data.csv,Pseu,Miami urban,Fisher Island,24-Jan,,
urban_602,Sample 3_UrbanPopgen_Plate74_3-26-24_data.csv,Ofav,Miami urban,Fisher Island,24-Jan,,
urban_603,Sample 4_UrbanPopgen_Plate74_3-26-24_data.csv,Ofav,Miami urban,Fisher Island,24-Jan,,
urban_604,Sample 5_UrbanPopgen_Plate74_3-26-24_data.csv,Pseu,Miami urban,Fisher Island,24-Jan,,
urban_605,Sample 6_UrbanPopgen_Plate74_3-26-24_data.csv,Ofav,Miami urban,Fisher Island,24-Jan,,
urban_606,Sample 7_UrbanPopgen_Plate74_3-26-24_data.csv,Ofav,Miami urban,Fisher Island,24-Jan,,
urban_610,Sample 8_UrbanPopgen_Plate74_3-26-24_data.csv,Cnat,Miami urban,Fisher Island,24-Jan,,
urban_611,Sample 9_UrbanPopgen_Plate74_3-26-24_data.csv,Cnat,Miami urban,Fisher Island,24-Jan,,
urban_612,Sample 10_UrbanPopgen_Plate74_3-26-24_data.csv,Cnat,Miami urban,Fisher Island,24-Jan,,
urban_613,Sample 11_UrbanPopgen_Plate74_3-26-24_data.csv,Ofav,Miami urban,Fisher Island,24-Jan,,
urban_614,Sample 1 _UrbanPopgen_Plate75_3-26-24_data.csv,Pseu,Miami urban,Fisher Island,24-Jan,,
urban_617,Sample 2_UrbanPopgen_Plate75_3-26-24_data.csv,Dlab,Miami urban,Fisher Island,24-Jan,,
urban_618,Sample 3_UrbanPopgen_Plate75_3-26-24_data.csv,Pseu,Miami urban,Fisher Island,24-Jan,,
urban_619,Sample 4_UrbanPopgen_Plate75_3-26-24_data.csv,Pseu,Miami urban,Fisher Island,24-Jan,,
urban_620,Sample 5_UrbanPopgen_Plate75_3-26-24_data.csv,Cnat,Miami urban,Fisher Island,24-Jan,,
urban_621,Sample 6_UrbanPopgen_Plate75_3-26-24_data.csv,Pseu,Miami urban,Fisher Island,24-Jan,,
urban_622,Sample 7_UrbanPopgen_Plate75_3-26-24_data.csv,Mcav,Miami urban,Fisher Island,24-Jan,,
urban_625,Sample 8_UrbanPopgen_Plate75_3-26-24_data.csv,Ofav,Miami urban,Fisher Island,24-Jan,,
urban_626,Sample 9_UrbanPopgen_Plate75_3-26-24_data.csv,Cnat,Miami urban,Fisher Island,24-Jan,,
urban_627,Sample 10_UrbanPopgen_Plate75_3-26-24_data.csv,Cnat,Miami urban,Fisher Island,24-Jan,,
urban_628,Sample 11_UrbanPopgen_Plate75_3-26-24_data.csv,Cnat,Miami urban,Fisher Island,24-Jan,,
urban_629,Sample 12_UrbanPopgen_Plate75_3-26-24_data.csv,Mcav,Palm Beach urban,Peanut Island,24-Jan,,
urban_630,Sample 1 _UrbanPopgen_Plate76_3-27-24_data.csv,Mcav,Palm Beach urban,Peanut Island,24-Jan,,
urban_633,Sample 2_UrbanPopgen_Plate76_3-27-24_data.csv,Dlab,Palm Beach urban,Peanut Island,24-Jan,,
urban_634,Sample 3_UrbanPopgen_Plate76_3-27-24_data.csv,Cnat,Palm Beach urban,Peanut Island,24-Jan,,
urban_635,Sample 4_UrbanPopgen_Plate76_3-27-24_data.csv,Mcav,Palm Beach urban,Peanut Island,24-Jan,,
urban_636,Sample 5_UrbanPopgen_Plate76_3-27-24_data.csv,Mcav,Palm Beach urban,Peanut Island,24-Jan,,
urban_637,Sample 6_UrbanPopgen_Plate76_3-27-24_data.csv,Mcav,Palm Beach urban,Peanut Island,24-Jan,,
urban_638,Sample 7_UrbanPopgen_Plate76_3-27-24_data.csv,Ofav,Miami urban,Fisher Island,24-Jan,,
urban_641,Sample 8_UrbanPopgen_Plate76_3-27-24_data.csv,Pseu,Miami urban,Fisher Island,24-Jan,,
urban_642,Sample 9_UrbanPopgen_Plate76_3-27-24_data.csv,Pseu,Miami urban,Fisher Island,24-Jan,,
urban_643,Sample 10_UrbanPopgen_Plate76_3-27-24_data.csv,Ofav,Miami urban,Fisher Island,24-Jan,,
urban_644,Sample 11_UrbanPopgen_Plate76_3-27-24_data.csv,Pseu,Miami urban,Fisher Island,24-Jan,,
urban_645,Sample 1_UrbanPopgen_Plate77_3-27-24_data.csv,Mcav,Miami urban,Fisher Island,24-Jan,,
urban_646,Sample 2_UrbanPopgen_Plate77_3-27-24_data.csv,Pseu,Miami urban,Fisher Island,24-Jan,,
urban_649,Sample 3_UrbanPopgen_Plate77_3-27-24_data.csv,Ofav,Miami urban,Fisher Island,24-Jan,,
urban_650,Sample 4_UrbanPopgen_Plate77_3-27-24_data.csv,Dlab,Miami urban,Fisher Island,24-Jan,,
urban_651,Sample 5_UrbanPopgen_Plate77_3-27-24_data.csv,Pseu,Miami urban,Fisher Island,24-Jan,,
urban_652,Sample 6_UrbanPopgen_Plate77_3-27-24_data.csv,Ofav,Miami urban,Fisher Island,24-Jan,,
urban_653,Sample 7_UrbanPopgen_Plate77_3-27-24_data.csv,Ofav,Miami urban,Fisher Island,24-Jan,,
urban_654,Sample 8_UrbanPopgen_Plate77_3-27-24_data.csv,Ofav,Miami urban,Fisher Island,24-Jan,,
urban_655,Sample 9_UrbanPopgen_Plate77_3-27-24_data.csv,Cnat,Miami urban,Fisher Island,24-Jan,,
urban_656,Sample 10_UrbanPopgen_Plate77_3-27-24_data.csv,Pseu,Miami urban,Fisher Island,24-Jan,,
urban_657,Sample 11_UrbanPopgen_Plate77_3-27-24_data.csv,Mcav,Miami urban,Fisher Island,24-Jan,,
urban_658,Sample 12_UrbanPopgen_Plate77_3-27-24_data.csv,Pseu,Miami urban,Fisher Island,24-Jan,,
urban_659,Sample 1 _UrbanPopgen_Plate78_3-30-24_data.csv,Pseu,Miami urban,Fisher Island,24-Jan,,
urban_660,Sample 2_UrbanPopgen_Plate78_3-30-24_data.csv,Pseu,Miami urban,Fisher Island,24-Jan,,
urban_661,Sample 3_UrbanPopgen_Plate78_3-30-24_data.csv,Cnat,Miami urban,Fisher Island,24-Jan,,
urban_662,Sample 4_UrbanPopgen_Plate78_3-30-24_data.csv,Cnat,Miami urban,Fisher Island,24-Jan,,
urban_663,Sample 5_UrbanPopgen_Plate78_3-30-24_data.csv,Dlab,Palm Beach urban,Peanut Island,24-Jan,,
urban_664,Sample 6_UrbanPopgen_Plate78_3-30-24_data.csv,Cnat,Palm Beach urban,Peanut Island,24-Jan,,
urban_665,Sample 7_UrbanPopgen_Plate78_3-30-24_data.csv,Cnat,Palm Beach urban,Peanut Island,24-Jan,,
urban_666,Sample 8_UrbanPopgen_Plate78_3-30-24_data.csv,Mcav,Palm Beach urban,Peanut Island,24-Jan,,
urban_667,Sample 9_UrbanPopgen_Plate78_3-30-24_data.csv,Mcav,Palm Beach urban,Peanut Island,24-Jan,,
urban_668,Sample 10_UrbanPopgen_Plate78_3-30-24_data.csv,Dlab,Palm Beach urban,Peanut Island,24-Jan,,
urban_669,Sample 11_UrbanPopgen_Plate78_3-30-24_data.csv,Dlab,Palm Beach urban,Peanut Island,24-Jan,,
urban_670,Sample 1_UrbanPopgen_Plate79_3-30-24_data.csv,Dlab,Palm Beach urban,Peanut Island,24-Jan,,
urban_671,Sample 2 _UrbanPopgen_Plate79_3-30-24_data.csv,Dlab,Palm Beach urban,Peanut Island,24-Jan,,
urban_672,Sample 3_UrbanPopgen_Plate79_3-30-24_data.csv,Dlab,Palm Beach urban,Peanut Island,24-Jan,,
urban_673,Sample 4_UrbanPopgen_Plate79_3-30-24_data.csv,Cnat,Palm Beach urban,Peanut Island,24-Jan,,
urban_674,Sample 5_UrbanPopgen_Plate79_3-30-24_data.csv,Cnat,Palm Beach urban,Peanut Island,24-Jan,,
urban_675,Sample 6_UrbanPopgen_Plate79_3-30-24_data.csv,Mcav,Palm Beach urban,Peanut Island,24-Jan,,
urban_676,Sample 7_UrbanPopgen_Plate79_3-30-24_data.csv,Dlab,Palm Beach urban,Peanut Island,24-Jan,,
urban_677,Sample 8_UrbanPopgen_Plate79_3-30-24_data.csv,Dlab,Palm Beach urban,Peanut Island,24-Jan,,
urban_678,Sample 9_UrbanPopgen_Plate79_3-30-24_data.csv,Pseu,North Miami urban,FIU Biscayne Bay,24-Jan,,
urban_679,Sample 10_UrbanPopgen_Plate79_3-30-24_data.csv,Ofav,North Miami urban,FIU Biscayne Bay,24-Jan,,
urban_680,Sample 11_UrbanPopgen_Plate79_3-30-24_data.csv,Pseu,North Miami urban,FIU Biscayne Bay,24-Jan,,
urban_681,Sample 12_UrbanPopgen_Plate79_3-30-24_data.csv,Mcav,North Miami urban,FIU Biscayne Bay,24-Jan,,
urban_682,Sample 1 _UrbanPopgen_Plate80_3-30-24_data.csv,Mcav,North Miami urban,FIU Biscayne Bay,24-Jan,,
urban_683,Sample 2_UrbanPopgen_Plate80_3-30-24_data.csv,Mcav,North Miami urban,FIU Biscayne Bay,24-Jan,,
urban_684,Sample 3_UrbanPopgen_Plate80_3-30-24_data.csv,Pseu,North Miami urban,Haulover Inlet,24-Jan,,
urban_685,Sample 4_UrbanPopgen_Plate80_3-30-24_data.csv,Pseu,North Miami urban,Haulover Inlet,24-Jan,,
urban_686,Sample 5_UrbanPopgen_Plate80_3-30-24_data.csv,Pseu,North Miami urban,Haulover Inlet,24-Jan,,
urban_687,Sample 6_UrbanPopgen_Plate80_3-30-24_data.csv,Pseu,North Miami urban,Haulover Inlet,24-Jan,,
urban_688,Sample 7_UrbanPopgen_Plate80_3-30-24_data.csv,Pseu,North Miami urban,Haulover Inlet,24-Jan,,
urban_689,Sample 8_UrbanPopgen_Plate80_3-30-24_data.csv,Cnat,North Miami urban,Arch Creek,24-Jan,,
urban_690,Sample 9_UrbanPopgen_Plate80_3-30-24_data.csv,Cnat,North Miami urban,Arch Creek,24-Jan,,
urban_691,Sample 10_UrbanPopgen_Plate80_3-30-24_data.csv,Cnat,North Miami urban,Arch Creek,24-Jan,,
urban_692,Sample 11_UrbanPopgen_Plate80_3-30-24_data.csv,Cnat,North Miami urban,Arch Creek,24-Jan,,
urban_693,Sample 1 _UrbanPopgen_Plate81_3-30-24_data.csv,Pseu,North Miami urban,Haulover Inlet,24-Jan,,
urban_694,Sample 2_UrbanPopgen_Plate81_3-30-24_data.csv,Pseu,Miami urban,FEC Slip Downtown,24-Jan,,
urban_698,Sample 3_UrbanPopgen_Plate81_3-30-24_data.csv,Pseu,North Miami urban,FIU Biscayne Bay,24-Jan,,
urban_699,Sample 4_UrbanPopgen_Plate81_3-30-24_data.csv,Mcav,North Miami urban,FIU Biscayne Bay,24-Jan,,
urban_700,Sample 5_UrbanPopgen_Plate81_3-30-24_data.csv,Cnat,North Miami urban,FIU Biscayne Bay,24-Jan,,
urban_708,Sample 6_UrbanPopgen_Plate81_3-30-24_data.csv,Mcav,North Miami urban,Arch Creek,24-Jan,,
urban_709,Sample 7_UrbanPopgen_Plate81_3-30-24_data.csv,Cnat,North Miami urban,Arch Creek,24-Jan,,
Peanut_016,Sample 8_UrbanPopgen_Plate81_3-30-24_data.csv,Mcav,Palm Beach urban,Peanut Island,23-Mar,,
Peanut_017,Sample 9_UrbanPopgen_Plate81_3-30-24_data.csv,Pseu,Palm Beach urban,Peanut Island,23-Mar,,
Peanut_027,Sample 10_UrbanPopgen_Plate81_3-30-24_data.csv,Pseu,Palm Beach urban,Peanut Island,23-Mar,,
Peanut_031,Sample 11_UrbanPopgen_Plate81_3-30-24_data.csv,Pseu,Palm Beach urban,Peanut Island,23-Mar,,
Peanut_040,Sample 12_UrbanPopgen_Plate81_3-30-24_data.csv,Pseu,Palm Beach urban,Peanut Island,23-Mar,,
Peanut_046,Sample 1 _UrbanPopgen_Plate82_3-31-24_data.csv,Pseu,Palm Beach urban,Peanut Island,23-Mar,,
Peanut_051,Sample 2_UrbanPopgen_Plate82_3-31-24_data.csv,Pseu,Palm Beach urban,Peanut Island,23-Mar,,
Peanut_053,Sample 3_UrbanPopgen_Plate82_3-31-24_data.csv,Mcav,Palm Beach urban,Peanut Island,23-Mar,,
Peanut_060,Sample 4_UrbanPopgen_Plate82_3-31-24_data.csv,Dlab,Palm Beach urban,Peanut Island,23-Mar,,
Peanut_091,Sample 5_UrbanPopgen_Plate82_3-31-24_data.csv,Mcav,Palm Beach urban,Peanut Island,23-Mar,,
urban_006,Sample 6_UrbanPopgen_Plate82_3-31-24_data.csv,Mcav,Miami urban,Star Island,22-Jul,,
urban_015,Sample 7_UrbanPopgen_Plate82_3-31-24_data.csv,Mcav,Miami urban,Star Island,22-Jul,,
urban_031,Sample 8_UrbanPopgen_Plate82_3-31-24_data.csv,Mcav,Miami urban,Star Island,22-Jul,,
urban_043,Sample 9_UrbanPopgen_Plate82_3-31-24_data.csv,Mcav,Broward reef,FTL4,22-Aug,,
urban_044,Sample 10_UrbanPopgen_Plate82_3-31-24_data.csv,Mcav,Broward reef,FTL4,22-Aug,,
urban_045,Sample 11_UrbanPopgen_Plate82_3-31-24_data.csv,Mcav,Broward reef,FTL4,22-Aug,,
urban_046,Sample 1 _UrbanPopgen_Plate83_3-31-24_data.csv,Mcav,Broward reef,FTL4,22-Aug,,
urban_050,Sample 2_UrbanPopgen_Plate83_3-31-24_data.csv,Mcav,Broward reef,FTL4,22-Aug,,
urban_051,Sample 3_UrbanPopgen_Plate83_3-31-24_data.csv,Mcav,Broward reef,FTL4,22-Aug,,
urban_055,Sample 4_UrbanPopgen_Plate83_3-31-24_data.csv,Mcav,Broward reef,BC1,22-Aug,,
urban_058,Sample 5_UrbanPopgen_Plate83_3-31-24_data.csv,Mcav,Broward reef,BC1,22-Aug,,
urban_067,Sample 6_UrbanPopgen_Plate83_3-31-24_data.csv,Mcav,Broward reef,BC1,22-Aug,,
urban_071,Sample 7_UrbanPopgen_Plate83_3-31-24_data.csv,Mcav,Broward reef,BC1,22-Aug,,
urban_074,Sample 8_UrbanPopgen_Plate83_3-31-24_data.csv,Mcav,Miami urban,Star Island,22-Sep,,
urban_104,Sample 9_UrbanPopgen_Plate83_3-31-24_data.csv,Mcav,Miami reef,Rainbow Reef,22-Oct,,
urban_131,Sample 10_UrbanPopgen_Plate83_3-31-24_data.csv,Mcav,Miami urban,Star Island,22-Oct,,
urban_134,Sample 11_UrbanPopgen_Plate83_3-31-24_data.csv,Mcav,Miami urban,Star Island,22-Oct,,
urban_166,Sample 12_UrbanPopgen_Plate83_3-31-24_data.csv,Ofav,Miami reef,Emerald Reef,23-Jan,,
urban_199,Sample 1 _UrbanPopgen_Plate84_3-31-24_data.csv,Mcav,Miami urban,MacArthur North,23-Jan,,
urban_293,Sample 2_UrbanPopgen_Plate84_3-31-24_data.csv,Pseu,Broward reef,T328,23-May,,
urban_296,Sample 3_UrbanPopgen_Plate84_3-31-24_data.csv,Pseu,Broward reef,T328,23-May,,
urban_347,Sample 4_UrbanPopgen_Plate84_3-31-24_data.csv,Dlab,Miami urban,MacArthur North,23-Aug,,
urban_348,Sample 5_UrbanPopgen_Plate84_3-31-24_data.csv,Dlab,Miami urban,MacArthur North,23-Aug,,
urban_389,Sample 6_UrbanPopgen_Plate84_3-31-24_data.csv,Mcav,North Miami reef,Pillars,24-Jan,,
urban_390,Sample 7_UrbanPopgen_Plate84_3-31-24_data.csv,Mcav,North Miami reef,Pillars,24-Jan,,
urban_396,Sample 8_UrbanPopgen_Plate84_3-31-24_data.csv,Mcav,North Miami reef,Graceland,24-Jan,,
urban_397,Sample 9_UrbanPopgen_Plate84_3-31-24_data.csv,Mcav,North Miami reef,Graceland,24-Jan,,
urban_408,Sample 10_UrbanPopgen_Plate84_3-31-24_data.csv,Pseu,North Miami reef,South Canyon,24-Jan,,
urban_414,Sample 11_UrbanPopgen_Plate84_3-31-24_data.csv,Pseu,North Miami reef,South Canyon,24-Jan,,
urban_429,Sample 1_UrbanPopgen_Plate85_3-31-24_data.csv,Mcav,North Miami reef,Graceland,24-Jan,,
urban_428,Sample 2_UrbanPopgen_Plate85_3-31-24_data.csv,Mcav,North Miami reef,Graceland,24-Jan,,
urban_451,Sample 3_UrbanPopgen_Plate85_3-31-24_data.csv,Mcav,North Miami reef,Graceland,24-Jan,,
urban_455,Sample 4_UrbanPopgen_Plate85_3-31-24_data.csv,Dlab,Miami urban,Miami Beach Marina,24-Jan,,
urban_456,Sample 5_UrbanPopgen_Plate85_3-31-24_data.csv,Pseu,Miami urban,Miami Beach Marina,24-Jan,,
urban_457,Sample 6_UrbanPopgen_Plate85_3-31-24_data.csv,Pseu,Miami urban,Miami Beach Marina,24-Jan,,
urban_460,Sample 7_UrbanPopgen_Plate85_3-31-24_data.csv,Pseu,Miami urban,Miami Beach Marina,24-Jan,,
urban_478,Sample 8_UrbanPopgen_Plate85_3-31-24_data.csv,Pseu,Miami urban,Miami Beach Marina,24-Jan,,
urban_384,Sample 9_UrbanPopgen_Plate85_3-31-24_data.csv,Pseu,Miami urban,MacArthur North,24-Jan,,
urban_431,Sample 10_UrbanPopgen_Plate85_3-31-24_data.csv,Ofav,North Miami reef,Graceland,24-Jan,,
urban_435,Sample 11_UrbanPopgen_Plate85_3-31-24_data.csv,Pseu,North Miami reef,Graceland,24-Jan,,
urban_671,Sample 12_UrbanPopgen_Plate85_3-31-24_data.csv,Dlab,Palm Beach urban,Peanut Island,24-Jan,,