ID,Sample.Plate,Species,Region,Site,CollectionDate,Season,Rain,Depth,Symbiodinium,Breviolum,Cladocopium,Durusdinium,dom,background,totalSym
urban_083,Sample 1_UrbanPopgen_Plate01_6-29-23_data.csv,Mcav,Miami offshore,Emerald Reef,22-Oct,Fall,Wet,8.2,0.86584224,0,0.13415776,0,A,,1
urban_157b rex,Sample 2_UrbanPopgen_Plate01_6-29-23_data.csv,Mcav,Miami offshore,Emerald Reef,23-Jan,Winter,Dry,6.6,0.87822649,5.91E-04,0.02240331,0.09877901,A,BCD,1
urban_160b,Sample 3_UrbanPopgen_Plate01_6-29-23_data.csv,Mcav,Miami offshore,Emerald Reef,23-Jan,Winter,Dry,7.3,0.05339809,0.0051691,0.94070862,7.24E-04,C,ABD,1
urban_162b,Sample 4_UrbanPopgen_Plate01_6-29-23_data.csv,Mcav,Miami offshore,Emerald Reef,23-Jan,Winter,Dry,7.3,0.86296517,0,0.13695829,7.65E-05,A,D,1
urban_164,Sample 5_UrbanPopgen_Plate01_6-29-23_data.csv,Mcav,Miami offshore,Emerald Reef,23-Jan,Winter,Dry,7.5,0.91618485,2.22E-04,0.08345655,1.36E-04,A,BCD,1
urban_165,Sample 6_UrbanPopgen_Plate01_6-29-23_data.csv,Mcav,Miami offshore,Emerald Reef,23-Jan,Winter,Dry,7.5,0.83072048,8.92E-05,0.01683056,0.15235979,A,BC,1
urban_167,Sample 7_UrbanPopgen_Plate01_6-29-23_data.csv,Mcav,Miami offshore,Emerald Reef,23-Jan,Winter,Dry,7.5,0.85562949,0.00108637,0.11128136,0.03200279,A,BD,1
urban_168,Sample 8_UrbanPopgen_Plate01_6-29-23_data.csv,Mcav,Miami offshore,Emerald Reef,23-Jan,Winter,Dry,7.5,0.87966408,0,0.12011287,2.23E-04,A,D,1
urban_169,Sample 9_UrbanPopgen_Plate01_6-29-23_data.csv,Mcav,Miami offshore,Emerald Reef,23-Jan,Winter,Dry,7.5,0.77736591,1.66E-04,0.22211137,3.57E-04,A,BD,1
urban_170,Sample 10_UrbanPopgen_Plate01_6-29-23_data.csv,Mcav,Miami offshore,Emerald Reef,23-Jan,Winter,Dry,7.5,0.85662192,4.85E-04,0.14289336,0,A,B,1
urban_172,Sample 11_UrbanPopgen_Plate01_6-29-23_data.csv,Mcav,Miami offshore,Emerald Reef,23-Jan,Winter,Dry,7.5,0.82094609,1.94E-04,0.17674961,0.00211078,A,BD,1
urban_104,Sample 12_UrbanPopgen_Plate01_6-29-23_data.csv,Mcav,Miami offshore,Rainbow Reef,22-Oct,Fall,Wet,8.5,0,0.00367315,0.36402905,0.6322978,D,B,1
urban_313,Sample 1_UrbanPopgen_Plate02_6-29-23_data.csv,Mcav,Miami offshore,Rainbow Reef,23-Jun,Summer,Wet,4.6,0.56928178,4.34E-04,0.42716794,0.00311668,A,BD,1
urban_316,Sample 2_UrbanPopgen_Plate02_6-29-23_data.csv,Mcav,Miami offshore,Rainbow Reef,23-Jun,Summer,Wet,5.2,0.79645416,0,0.20323368,3.12E-04,A,D,1
urban_255,Sample 3_UrbanPopgen_Plate02_6-29-23_data.csv,Mcav,Miami urban,Belle Isle,23-Apr,Spring,Dry,0.6,0.8778638,0,0,0.1221362,A,,1
urban_269,Sample 4_UrbanPopgen_Plate02_6-29-23_data.csv,Mcav,Miami urban,Belle Isle,23-Apr,Spring,Dry,0.5,0.79287023,0,0,0.20712977,A,,1
urban_270,Sample 5_UrbanPopgen_Plate02_6-29-23_data.csv,Mcav,Miami urban,Belle Isle,23-Apr,Spring,Dry,0.3,0.80767999,0,0,0.19232001,A,,1
urban_112,Sample 6_UrbanPopgen_Plate02_6-29-23_data.csv,Mcav,Miami urban,MacArthur North,22-Oct,Fall,Wet,0.9,0.67257431,3.08E-06,1.02E-04,0.32732072,A,BC,1
urban_115,Sample 7_UrbanPopgen_Plate02_6-29-23_data.csv,Mcav,Miami urban,MacArthur North,22-Oct,Fall,Wet,0.9,0.86572941,2.75E-06,0,0.13426784,A,B,1
M1,Sample 8_UrbanPopgen_Plate02_6-29-23_data.csv,Mcav,Miami urban,MacArthur North,22-Oct,Fall,Wet,0.9,0.39019479,0,0,0.60980521,D,,1
urban_177,Sample 9_UrbanPopgen_Plate02_6-29-23_data.csv,Mcav,Miami urban,MacArthur North,23-Jan,Winter,Dry,1.3,0.87361306,0,0,0.12638694,A,,1
urban_178,Sample 10_UrbanPopgen_Plate02_6-29-23_data.csv,Mcav,Miami urban,MacArthur North,23-Jan,Winter,Dry,1.5,0.79726311,0,0.00135559,0.2013813,A,C,1
urban_179,Sample 11_UrbanPopgen_Plate02_6-29-23_data.csv,Mcav,Miami urban,MacArthur North,23-Jan,Winter,Dry,1.5,0.81003903,2.70E-04,0,0.18969128,A,B,1
urban_189,Sample 1_UrbanPopgen_Plate03_6-30-23_data.csv,Mcav,Miami urban,MacArthur North,23-Jan,Winter,Dry,1.1,0.86846371,0.00159245,0,0.12994384,A,B,1
urban_191,Sample 2_UrbanPopgen_Plate03_6-30-23_data.csv,Mcav,Miami urban,MacArthur North,23-Jan,Winter,Dry,1.1,0.81181725,9.85E-05,0,0.18808422,A,B,1
urban_193,Sample 3_UrbanPopgen_Plate03_6-30-23_data.csv,Mcav,Miami urban,MacArthur North,23-Jan,Winter,Dry,1.1,0.75927551,0,0,0.24072449,A,,1
urban_199,Sample 4_UrbanPopgen_Plate03_6-30-23_data.csv,Mcav,Miami urban,MacArthur North,23-Jan,Winter,Dry,1.1,0.70253852,0,0,0.29746148,A,,1
urban_201,Sample 5_UrbanPopgen_Plate03_6-30-23_data.csv,Mcav,Miami urban,MacArthur North,23-Jan,Winter,Dry,1.1,0.91258115,0,0,0.08741885,A,D,1
urban_205,Sample 6_UrbanPopgen_Plate03_6-30-23_data.csv,Mcav,Miami urban,MacArthur North,23-Jan,Winter,Dry,1.1,0.85092803,0,3.42E-05,0.14903781,A,C,1
urban_209,Sample 7_UrbanPopgen_Plate03_6-30-23_data.csv,Mcav,Miami urban,MacArthur North,23-Jan,Winter,Dry,1.1,0,0,0,1,D,,1
urban_210,Sample 8_UrbanPopgen_Plate03_6-30-23_data.csv,Mcav,Miami urban,MacArthur North,23-Jan,Winter,Dry,1.1,0,0,0,1,D,,1
urban_002,Sample 9_UrbanPopgen_Plate03_6-30-23_data.csv,Mcav,Miami urban,Star Island,22-Jul,Summer,Wet,2.4,0.54950319,3.96E-04,0.25501102,0.19508966,A,B,1
urban_005,Sample 10_UrbanPopgen_Plate03_6-30-23_data.csv,Mcav,Miami urban,Star Island,22-Jul,Summer,Wet,2.4,0.6647063,0.00360112,3.59E-05,0.33165664,A,BC,1
urban_006,Sample 11_UrbanPopgen_Plate03_6-30-23_data.csv,Mcav,Miami urban,Star Island,22-Jul,Summer,Wet,2.4,0,0.00106932,5.41E-05,0.99887655,D,BC,1
urban_009,Sample 12_UrbanPopgen_Plate03_6-30-23_data.csv,Mcav,Miami urban,Star Island,22-Jul,Summer,Wet,2.4,0.30271014,0,0,0.69728986,D,,1
urban_010,Sample 1_UrbanPopgen_Plate04_6-30-23_data.csv,Mcav,Miami urban,Star Island,22-Jul,Summer,Wet,2.4,0.68390398,4.58E-04,0,0.31563839,A,B,1
urban_012,Sample 2_UrbanPopgen_Plate04_6-30-23_data.csv,Mcav,Miami urban,Star Island,22-Jul,Summer,Wet,2.4,0.77708608,0,0,0.22291392,A,,1
urban_015,Sample 3_UrbanPopgen_Plate04_6-30-23_data.csv,Mcav,Miami urban,Star Island,22-Jul,Summer,Wet,2.4,0,0.00270414,4.28E-05,0.99725311,D,BC,1
urban_031,Sample 4_UrbanPopgen_Plate04_6-30-23_data.csv,Mcav,Miami urban,Star Island,22-Jul,Summer,Wet,2.4,0,0,0.72624499,0.27375501,C,,1
urban_072,Sample 5_UrbanPopgen_Plate04_6-30-23_data.csv,Mcav,Miami urban,Star Island,22-Sep,Fall,Wet,5,0,0,0.00110151,0.99889849,D,C,1
urban_073,Sample 6_UrbanPopgen_Plate04_6-30-23_data.csv,Mcav,Miami urban,Star Island,22-Sep,Fall,Wet,5,0,0,0.00135151,0.99864849,D,C,1
urban_074,Sample 7_UrbanPopgen_Plate04_6-30-23_data.csv,Mcav,Miami urban,Star Island,22-Sep,Fall,Wet,5,0,0,1,0,C,,1
urban_075,Sample 8_UrbanPopgen_Plate04_6-30-23_data.csv,Mcav,Miami urban,Star Island,22-Sep,Fall,Wet,5,0,0,0.00260832,0.99739168,D,C,1
urban_131,Sample 9_UrbanPopgen_Plate04_6-30-23_data.csv,Mcav,Miami urban,Star Island,22-Oct,Fall,Wet,2.4,0,0.03591724,0,0.96408276,D,B,1
M2,Sample 10_UrbanPopgen_Plate04_6-30-23_data.csv,Mcav,Miami urban,Star Island,22-Oct,Fall,Wet,2.4,0,9.41E-04,9.49E-05,0.99896453,D,BC,1
urban_134,Sample 11_UrbanPopgen_Plate04_6-30-23_data.csv,Mcav,Miami urban,Star Island,22-Oct,Fall,Wet,2.4,0,5.88E-04,0,0.99941209,D,B,1
urban_135,Sample 1_UrbanPopgen_Plate05_6-30-23_data.csv,Mcav,Miami urban,Star Island,22-Oct,Fall,Wet,2.4,0.84309569,0,0,0.15690431,A,,1
urban_147 rex,Sample 2_UrbanPopgen_Plate05_6-30-23_data.csv,Mcav,Miami urban,Star Island,22-Oct,Fall,Wet,2.4,0.74306621,0,2.22E-05,0.25691163,A,C,1
urban_154,Sample 3_UrbanPopgen_Plate05_6-30-23_data.csv,Mcav,Miami urban,Star Island,22-Oct,Fall,Wet,2.4,0.77201791,0,0,0.22798209,A,,1
urban_157 rex,Sample 4_UrbanPopgen_Plate05_6-30-23_data.csv,Mcav,Miami urban,Star Island,22-Oct,Fall,Wet,2.4,0.95457582,0,0,0.04542418,A,D,1
urban_158 rex,Sample 5_UrbanPopgen_Plate05_6-30-23_data.csv,Mcav,Miami urban,Star Island,22-Oct,Fall,Wet,2.4,0.89637289,0,1.16E-05,0.10361555,A,C,1
urban_162 rex,Sample 6_UrbanPopgen_Plate05_6-30-23_data.csv,Mcav,Miami urban,Star Island,22-Oct,Fall,Wet,2.4,0.93963931,0,0,0.06036069,A,D,1
urban_163 rex,Sample 7_UrbanPopgen_Plate05_6-30-23_data.csv,Mcav,Miami urban,Star Island,22-Oct,Fall,Wet,2.4,0.72904792,0,1.39E-05,0.27093822,A,C,1
nmfs_011,Sample 8_UrbanPopgen_Plate05_6-30-23_data.csv,Ofav,Miami offshore,Emerald Reef,21-Jan,Winter,Dry,6.1,0.00178206,0.90326718,0.06065023,0.03430054,B,ACD,1
nmfs_012,Sample 9_UrbanPopgen_Plate05_6-30-23_data.csv,Ofav,Miami offshore,Emerald Reef,21-Jan,Winter,Dry,6.7,0.01826191,0.96463767,9.60E-06,0.01709083,B,ACD,1
nmfs_014,Sample 10_UrbanPopgen_Plate05_6-30-23_data.csv,Ofav,Miami offshore,Emerald Reef,21-Jan,Winter,Dry,6.7,0.0171728,0.51520798,0,0.46761922,B,A,1
nmfs_015,Sample 11_UrbanPopgen_Plate05_6-30-23_data.csv,Ofav,Miami offshore,Emerald Reef,21-Jan,Winter,Dry,6.4,0,1,0,0,B,,1
nmfs_017,Sample 12_UrbanPopgen_Plate05_6-30-23_data.csv,Ofav,Miami offshore,Emerald Reef,21-Jan,Winter,Dry,6.4,0.00300886,0.70692999,0,0.29006115,B,A,1
nmfs_036,Sample 1_UrbanPopgen_Plate06_6-30-23_data.csv,Ofav,Miami offshore,Emerald Reef,21-Feb,Winter,Dry,6.4,0,1,0,0,B,,1
nmfs_037,Sample 2_UrbanPopgen_Plate06_6-30-23_data.csv,Ofav,Miami offshore,Emerald Reef,21-Feb,Winter,Dry,6.1,0.01515984,0.86371624,0,0.12112391,B,A,1
nmfs_038,Sample 3_UrbanPopgen_Plate06_6-30-23_data.csv,Ofav,Miami offshore,Emerald Reef,21-Feb,Winter,Dry,6.4,0.00849012,0.80204233,0,0.18946755,B,A,1
nmfs_041,Sample 4_UrbanPopgen_Plate06_6-30-23_data.csv,Ofav,Miami offshore,Emerald Reef,21-Feb,Winter,Dry,6.4,0.01345501,0.98628904,6.89E-05,1.87E-04,B,ACD,1
nmfs_043,Sample 5_UrbanPopgen_Plate06_6-30-23_data.csv,Ofav,Miami offshore,Emerald Reef,21-Feb,Winter,Dry,6.4,0.01383345,0.98616655,0,0,B,A,1
urban_076,Sample 6_UrbanPopgen_Plate06_6-30-23_data.csv,Ofav,Miami offshore,Emerald Reef,22-Oct,Fall,Wet,7.3,0.11218196,0.0060741,0,0.88174394,D,B,1
urban_077,Sample 7_UrbanPopgen_Plate06_6-30-23_data.csv,Ofav,Miami offshore,Emerald Reef,22-Oct,Fall,Wet,7.6,0.75375278,0.09195112,0,0.1542961,A,B,1
urban_080,Sample 8_UrbanPopgen_Plate06_6-30-23_data.csv,Ofav,Miami offshore,Emerald Reef,22-Oct,Fall,Wet,7.3,0.08591091,0.91067679,0,0.0034123,B,AD,1
urban_081,Sample 9_UrbanPopgen_Plate06_6-30-23_data.csv,Ofav,Miami offshore,Emerald Reef,22-Oct,Fall,Wet,7.6,0.79276748,0,1.31E-05,0.20721947,A,C,1
urban_082,Sample 10_UrbanPopgen_Plate06_6-30-23_data.csv,Ofav,Miami offshore,Emerald Reef,22-Oct,Fall,Wet,7.6,0.59177675,0,7.31E-05,0.40815011,A,C,1
urban_084,Sample 11_UrbanPopgen_Plate06_6-30-23_data.csv,Ofav,Miami offshore,Emerald Reef,22-Oct,Fall,Wet,7.9,0.205156,0,1.42E-05,0.79482976,D,C,1
nmfs_005,Sample 1_UrbanPopgen_Plate08_7-3-23_data.csv,Ofav,Miami offshore,Rainbow Reef,21-Jan,Winter,Dry,6.7,0.01086836,0.9597592,0,0.02937244,B,AD,1
nmfs_046,Sample 2_UrbanPopgen_Plate08_7-3-23_data.csv,Ofav,Miami offshore,Rainbow Reef,21-Feb,Winter,Dry,5.2,0.00675069,0.99252827,4.68E-05,6.74E-04,B,ACD,1
nmfs_048,Sample 3_UrbanPopgen_Plate08_7-3-23_data.csv,Ofav,Miami offshore,Rainbow Reef,21-Feb,Winter,Dry,5.5,0.0457872,0.00161925,0,0.95259355,D,AB,1
nmfs_051,Sample 4_UrbanPopgen_Plate08_7-3-23_data.csv,Ofav,Miami offshore,Rainbow Reef,21-Feb,Winter,Dry,5.2,0.02828492,0.97171508,0,0,B,A,1
nmfs_052,Sample 5_UrbanPopgen_Plate08_7-3-23_data.csv,Ofav,Miami offshore,Rainbow Reef,21-Feb,Winter,Dry,5.2,0.00238694,0.56610826,2.91E-05,0.43147571,B,AC,1
nmfs_053,Sample 6_UrbanPopgen_Plate08_7-3-23_data.csv,Ofav,Miami offshore,Rainbow Reef,21-Feb,Winter,Dry,6.1,0.00305778,0.00562007,1.79E-05,0.99130421,D,ABC,1
urban_091,Sample 7_UrbanPopgen_Plate08_7-3-23_data.csv,Ofav,Miami offshore,Rainbow Reef,22-Oct,Fall,Wet,7.6,0.07751416,0.91763316,9.06E-05,0.00476211,B,ACD,1
urban_093,Sample 8_UrbanPopgen_Plate08_7-3-23_data.csv,Ofav,Miami offshore,Rainbow Reef,22-Oct,Fall,Wet,8.5,0.49098537,0,0,0.50901463,D,,1
urban_094,Sample 9_UrbanPopgen_Plate08_7-3-23_data.csv,Ofav,Miami offshore,Rainbow Reef,22-Oct,Fall,Wet,7.9,0.72005562,0.23456227,0.00721809,0.03816402,A,CD,1
urban_095,Sample 10_UrbanPopgen_Plate08_7-3-23_data.csv,Ofav,Miami offshore,Rainbow Reef,22-Oct,Fall,Wet,7.9,0.22243776,0.30272114,0,0.4748411,,,1
urban_096,Sample 11_UrbanPopgen_Plate08_7-3-23_data.csv,Ofav,Miami offshore,Rainbow Reef,22-Oct,Fall,Wet,7.9,0.89589676,0.10168128,0.00242196,0,A,C,1
urban_097,Sample 1_UrbanPopgen_Plate09_7-5-23_data.csv,Ofav,Miami offshore,Rainbow Reef,22-Oct,Fall,Wet,7.6,0,0.94585507,0.05414493,0,B,C,1
urban_099,Sample 2_UrbanPopgen_Plate09_7-5-23_data.csv,Ofav,Miami offshore,Rainbow Reef,22-Oct,Fall,Wet,7.3,0.59679647,0,0,0.40320353,A,,1
urban_100,Sample 3_UrbanPopgen_Plate09_7-5-23_data.csv,Ofav,Miami offshore,Rainbow Reef,22-Oct,Fall,Wet,8.5,0.55127111,0.44872889,0,0,A,,1
urban_101,Sample 4_UrbanPopgen_Plate09_7-5-23_data.csv,Ofav,Miami offshore,Rainbow Reef,22-Oct,Fall,Wet,8.5,0.0668387,0.58289108,0,0.35027021,B,A,1
urban_102,Sample 5_UrbanPopgen_Plate09_7-5-23_data.csv,Ofav,Miami offshore,Rainbow Reef,22-Oct,Fall,Wet,8.5,0.08264082,0.91687394,0,4.85E-04,B,AD,1
urban_105,Sample 6_UrbanPopgen_Plate09_7-5-23_data.csv,Ofav,Miami offshore,Rainbow Reef,22-Oct,Fall,Wet,8.2,0.99468916,0,8.68E-05,0.00522403,A,CD,1
urban_106,Sample 7_UrbanPopgen_Plate09_7-5-23_data.csv,Ofav,Miami offshore,Rainbow Reef,22-Oct,Fall,Wet,8.5,0.57301371,0.39748245,6.40E-06,0.02949744,A,CD,1
nmfs_031,Sample 8_UrbanPopgen_Plate09_7-5-23_data.csv,Ofav,Miami urban,MacArthur North,21-Jan,Winter,Dry,0.9,0.00698964,0,0,0.99301036,D,A,1
nmfs_032,Sample 9_UrbanPopgen_Plate09_7-5-23_data.csv,Ofav,Miami urban,MacArthur North,21-Jan,Winter,Dry,1.5,0.01355037,0,0,0.98644963,D,A,1
nmfs_033,Sample 10_UrbanPopgen_Plate09_7-5-23_data.csv,Ofav,Miami urban,MacArthur North,21-Jan,Winter,Dry,0.9,0.03403011,2.22E-04,0,0.96574825,D,AB,1
nmfs_034,Sample 11_UrbanPopgen_Plate09_7-5-23_data.csv,Ofav,Miami urban,MacArthur North,21-Jan,Winter,Dry,1.2,0.00343,0.00107291,0,0.99549709,D,AB,1
nmfs_035,Sample 12_UrbanPopgen_Plate09_7-5-23_data.csv,Ofav,Miami urban,MacArthur North,21-Jan,Winter,Dry,0.9,0,6.59E-04,0,0.99934135,D,B,1
nmfs_066,Sample 1_UrbanPopgen_Plate10_7-5-23_data.csv,Ofav,Miami urban,MacArthur North,21-Feb,Winter,Dry,1.2,0.0055838,0,0,0.9944162,D,A,1
nmfs_067,Sample 2_UrbanPopgen_Plate10_7-5-23_data.csv,Ofav,Miami urban,MacArthur North,21-Feb,Winter,Dry,1.2,0.00714285,0,0,0.99285715,D,A,1
nmfs_068,Sample 3_UrbanPopgen_Plate10_7-5-23_data.csv,Ofav,Miami urban,MacArthur North,21-Feb,Winter,Dry,0.9,0.0038394,9.54E-06,0,0.99615106,D,AB,1
nmfs_069,Sample 4_UrbanPopgen_Plate10_7-5-23_data.csv,Ofav,Miami urban,MacArthur North,21-Feb,Winter,Dry,1.2,0.07425544,0,0,0.92574456,D,A,1
nmfs_070,Sample 5_UrbanPopgen_Plate10_7-5-23_data.csv,Ofav,Miami urban,MacArthur North,21-Feb,Winter,Dry,1.2,0.0096314,0,0,0.9903686,D,A,1
nmfs_075,Sample 6_UrbanPopgen_Plate10_7-5-23_data.csv,Ofav,Miami urban,MacArthur North,21-Feb,Winter,Dry,0.9,0.13610054,1.83E-05,0,0.86388113,D,B,1
nmfs_056,Sample 7_UrbanPopgen_Plate10_7-5-23_data.csv,Ofav,Miami urban,Star Island,21-Feb,Winter,Dry,1.5,0.0021016,0,0,0.9978984,D,A,1
nmfs_058,Sample 8_UrbanPopgen_Plate10_7-5-23_data.csv,Ofav,Miami urban,Star Island,21-Feb,Winter,Dry,1.2,0.00879517,0.00233212,0,0.98887271,D,AB,1
nmfs_063,Sample 9_UrbanPopgen_Plate10_7-5-23_data.csv,Ofav,Miami urban,Star Island,21-Feb,Winter,Dry,1.5,0,0.00155674,0,0.99844326,D,B,1
nmfs_064,Sample 10_UrbanPopgen_Plate10_7-5-23_data.csv,Ofav,Miami urban,Star Island,21-Feb,Winter,Dry,0.6,0.01293794,0,2.39E-05,0.98703812,D,AC,1
nmfs_065,Sample 11_UrbanPopgen_Plate10_7-5-23_data.csv,Ofav,Miami urban,Star Island,21-Feb,Winter,Dry,1.2,0.00684427,0,0,0.99315573,D,A,1
urban_019,Sample 1_UrbanPopgen_Plate11_7-6-23_data.csv,Ofav,Miami urban,Star Island,22-Jul,Summer,Wet,2.4,0.03439663,0,0,0.96560337,D,A,1
urban_021,Sample 2_UrbanPopgen_Plate11_7-6-23_data.csv,Ofav,Miami urban,Star Island,22-Jul,Summer,Wet,2.4,0.01582928,0,0,0.98417072,D,A,1
urban_144,Sample 3_UrbanPopgen_Plate11_7-6-23_data.csv,Ofav,Miami urban,Star Island,22-Oct,Fall,Wet,2.4,0.16590662,0.83342281,3.57E-04,3.13E-04,B,CD,1
urban_145 rex,Sample 4_UrbanPopgen_Plate11_7-6-23_data.csv,Ofav,Miami urban,Star Island,22-Oct,Fall,Wet,2.4,0.00849887,0,0,0.99150113,D,A,1
urban_153,Sample 5_UrbanPopgen_Plate11_7-6-23_data.csv,Ofav,Miami urban,Star Island,22-Oct,Fall,Wet,2.4,0.0147117,0,0,0.9852883,D,A,1
urban_159 rex,Sample 6_UrbanPopgen_Plate11_7-6-23_data.csv,Ofav,Miami urban,Star Island,22-Oct,Fall,Wet,2.4,0.00739146,0,0,0.99260854,D,A,1
urban_160 rex,Sample 7_UrbanPopgen_Plate11_7-6-23_data.csv,Ofav,Miami urban,Star Island,22-Oct,Fall,Wet,2.4,0.18534448,0,0,0.81465552,D,,1
urban_085,Sample 8_UrbanPopgen_Plate11_7-6-23_data.csv,Cnat,Miami offshore,Emerald Reef,22-Oct,Fall,Wet,8.2,0.00653983,0,0,0.99346017,D,A,1
urban_098,Sample 9_UrbanPopgen_Plate11_7-6-23_data.csv,Cnat,Miami offshore,Rainbow Reef,22-Oct,Fall,Wet,7.6,0.13726061,0.86273939,0,0,B,,1
urban_314,Sample 10_UrbanPopgen_Plate11_7-6-23_data.csv,Cnat,Miami offshore,Rainbow Reef,23-Jun,Summer,Wet,4.9,0.02024094,0.0031915,1.86E-04,0.97638138,D,ABC,1
urban_251,Sample 11_UrbanPopgen_Plate11_7-6-23_data.csv,Cnat,Miami urban,Belle Isle,23-Apr,Spring,Dry,1.5,0.05435491,0,0,0.94564509,D,A,1
urban_252,Sample 12_UrbanPopgen_Plate11_7-6-23_data.csv,Cnat,Miami urban,Belle Isle,23-Apr,Spring,Dry,1.4,0,0,0,1,D,,1
urban_253,Sample 1_UrbanPopgen_Plate12_7-6-23_data.csv,Cnat,Miami urban,Belle Isle,23-Apr,Spring,Dry,0.5,0.00516964,0,0,0.99483036,D,A,1
urban_254,Sample 2_UrbanPopgen_Plate12_7-6-23_data.csv,Cnat,Miami urban,Belle Isle,23-Apr,Spring,Dry,0.5,0.10434931,0,0,0.89565069,D,,1
urban_256,Sample 3_UrbanPopgen_Plate12_7-6-23_data.csv,Cnat,Miami urban,Belle Isle,23-Apr,Spring,Dry,1.1,0,0.00258033,0,0.99741967,D,B,1
urban_257,Sample 4_UrbanPopgen_Plate12_7-6-23_data.csv,Cnat,Miami urban,Belle Isle,23-Apr,Spring,Dry,1.1,0.00902149,0,0,0.99097851,D,A,1
urban_258,Sample 5_UrbanPopgen_Plate12_7-6-23_data.csv,Cnat,Miami urban,Belle Isle,23-Apr,Spring,Dry,0.8,0.00225227,0,0,0.99774773,D,A,1
urban_259,Sample 6_UrbanPopgen_Plate12_7-6-23_data.csv,Cnat,Miami urban,Belle Isle,23-Apr,Spring,Dry,1,6.16E-04,1.18E-04,0,0.9992668,D,AB,1
urban_261,Sample 7_UrbanPopgen_Plate12_7-6-23_data.csv,Cnat,Miami urban,Belle Isle,23-Apr,Spring,Dry,1.1,0.01036224,0,0,0.98963776,D,A,1
urban_262,Sample 8_UrbanPopgen_Plate12_7-6-23_data.csv,Cnat,Miami urban,Belle Isle,23-Apr,Spring,Dry,1.2,0,0,8.18E-04,0.99918179,D,C,1
urban_263,Sample 9_UrbanPopgen_Plate12_7-6-23_data.csv,Cnat,Miami urban,Belle Isle,23-Apr,Spring,Dry,1.5,0.0096904,0,0,0.9903096,D,A,1
urban_264,Sample 10_UrbanPopgen_Plate12_7-6-23_data.csv,Cnat,Miami urban,Belle Isle,23-Apr,Spring,Dry,1,0.00429515,0,0,0.99570485,D,A,1
urban_265,Sample 11_UrbanPopgen_Plate12_7-6-23_data.csv,Cnat,Miami urban,Belle Isle,23-Apr,Spring,Dry,0.6,0.15374942,0,0,0.84625058,D,,1
urban_266,Sample 1_UrbanPopgen_Plate13_7-6-23_data.csv,Cnat,Miami urban,Belle Isle,23-Apr,Spring,Dry,0.7,0.02202164,0,4.86E-04,0.9774928,D,AC,1
urban_267,Sample 2_UrbanPopgen_Plate13_7-6-23_data.csv,Cnat,Miami urban,Belle Isle,23-Apr,Spring,Dry,0.6,0.34972393,0,0,0.65027607,D,,1
urban_268,Sample 3_UrbanPopgen_Plate13_7-6-23_data.csv,Cnat,Miami urban,Belle Isle,23-Apr,Spring,Dry,0.6,0.03557333,0,0,0.96442667,D,A,1
urban_113,Sample 4_UrbanPopgen_Plate13_7-6-23_data.csv,Cnat,Miami urban,MacArthur North,22-Oct,Fall,Wet,0.9,0.04051268,0,0,0.95948732,D,A,1
urban_114,Sample 5_UrbanPopgen_Plate13_7-6-23_data.csv,Cnat,Miami urban,MacArthur North,22-Oct,Fall,Wet,0.9,0.00290022,0,0,0.99709978,D,A,1
urban_117,Sample 6_UrbanPopgen_Plate13_7-6-23_data.csv,Cnat,Miami urban,MacArthur North,22-Oct,Fall,Wet,0.9,0.01806038,2.48E-05,2.01E-05,0.98189473,D,ABC,1
urban_118,Sample 7_UrbanPopgen_Plate13_7-6-23_data.csv,Cnat,Miami urban,MacArthur North,22-Oct,Fall,Wet,0.9,0.00863815,0.01669428,0,0.97466757,D,AB,1
urban_119,Sample 8_UrbanPopgen_Plate13_7-6-23_data.csv,Cnat,Miami urban,MacArthur North,22-Oct,Fall,Wet,0.9,0.24126513,0,0.0010806,0.75765427,D,C,1
urban_121,Sample 9_UrbanPopgen_Plate13_7-6-23_data.csv,Cnat,Miami urban,MacArthur North,22-Oct,Fall,Wet,0.9,0.09970108,0,0,0.90029892,D,A,1
urban_122,Sample 10_UrbanPopgen_Plate13_7-6-23_data.csv,Cnat,Miami urban,MacArthur North,22-Oct,Fall,Wet,0.9,0.09991333,0,3.30E-04,0.89975637,D,AC,1
urban_174,Sample 11_UrbanPopgen_Plate13_7-6-23_data.csv,Cnat,Miami urban,MacArthur North,23-Jan,Winter,Dry,1.1,0.00234098,0,3.13E-04,0.99734559,D,AC,1
urban_175,Sample 12_UrbanPopgen_Plate13_7-6-23_data.csv,Cnat,Miami urban,MacArthur North,23-Jan,Winter,Dry,1.3,0.00437875,0.03466017,0,0.96096108,D,AB,1
urban_176,Sample 1_UrbanPopgen_Plate14_7-6-23_data.csv,Cnat,Miami urban,MacArthur North,23-Jan,Winter,Dry,1.3,0,1.95E-04,0,0.99980466,D,B,1
urban_180,Sample 2_UrbanPopgen_Plate14_7-6-23_data.csv,Cnat,Miami urban,MacArthur North,23-Jan,Winter,Dry,1.2,0.09640346,0,8.49E-05,0.90351162,D,AC,1
urban_182,Sample 3_UrbanPopgen_Plate14_7-6-23_data.csv,Cnat,Miami urban,MacArthur North,23-Jan,Winter,Dry,1.2,0.02963759,0.01103603,0,0.95932638,D,AB,1
urban_184,Sample 4_UrbanPopgen_Plate14_7-6-23_data.csv,Cnat,Miami urban,MacArthur North,23-Jan,Winter,Dry,1.2,0.00168955,0,0,0.99831045,D,A,1
urban_190 rex,Sample 5_UrbanPopgen_Plate14_7-6-23_data.csv,Cnat,Miami urban,MacArthur North,23-Jan,Winter,Dry,1.1,0.02309105,0.38412382,0,0.59278513,D,A,1
urban_192,Sample 6_UrbanPopgen_Plate14_7-6-23_data.csv,Cnat,Miami urban,MacArthur North,23-Jan,Winter,Dry,1.1,0,5.15E-04,1.35E-04,0.99934942,D,BC,1
urban_194,Sample 7_UrbanPopgen_Plate14_7-6-23_data.csv,Cnat,Miami urban,MacArthur North,23-Jan,Winter,Dry,1.1,0.08343086,0.01252894,0,0.90404021,D,AB,1
urban_195,Sample 8_UrbanPopgen_Plate14_7-6-23_data.csv,Cnat,Miami urban,MacArthur North,23-Jan,Winter,Dry,1.1,0.0402866,8.98E-04,8.06E-05,0.9587343,D,ABC,1
urban_196,Sample 9_UrbanPopgen_Plate14_7-6-23_data.csv,Cnat,Miami urban,MacArthur North,23-Jan,Winter,Dry,1.1,0.00209029,0.00993881,0,0.9879709,D,AB,1
urban_197,Sample 10_UrbanPopgen_Plate14_7-6-23_data.csv,Cnat,Miami urban,MacArthur North,23-Jan,Winter,Dry,1.2,0.00142331,0,0,0.99857669,D,A,1
urban_198,Sample 11_UrbanPopgen_Plate14_7-6-23_data.csv,Cnat,Miami urban,MacArthur North,23-Jan,Winter,Dry,1.1,0.09144945,0,0,0.90855055,D,A,1
urban_200,Sample 1_UrbanPopgen_Plate15_7-7-23_data.csv,Cnat,Miami urban,MacArthur North,23-Jan,Winter,Dry,1.1,0.00611562,0.00461008,0,0.98927431,D,AB,1
urban_202,Sample 2_UrbanPopgen_Plate15_7-7-23_data.csv,Cnat,Miami urban,MacArthur North,23-Jan,Winter,Dry,1.1,0.00337092,0,2.96E-04,0.99633289,D,AC,1
urban_203,Sample 3_UrbanPopgen_Plate15_7-7-23_data.csv,Cnat,Miami urban,MacArthur North,23-Jan,Winter,Dry,1.1,0.04414459,0,0,0.95585541,D,A,1
urban_204,Sample 4_UrbanPopgen_Plate15_7-7-23_data.csv,Cnat,Miami urban,MacArthur North,23-Jan,Winter,Dry,1.1,0.01274677,0,0,0.98725323,D,A,1
urban_206,Sample 5_UrbanPopgen_Plate15_7-7-23_data.csv,Cnat,Miami urban,MacArthur North,23-Jan,Winter,Dry,1.1,0.01421222,0.03500715,0,0.95078063,D,AB,1
urban_207,Sample 6_UrbanPopgen_Plate15_7-7-23_data.csv,Cnat,Miami urban,MacArthur North,23-Jan,Winter,Dry,1.1,0.00811339,0,0,0.99188661,D,A,1
urban_208,Sample 7_UrbanPopgen_Plate15_7-7-23_data.csv,Cnat,Miami urban,MacArthur North,23-Jan,Winter,Dry,1.1,0.05047378,0,0,0.94952622,D,A,1
urban_001,Sample 8_UrbanPopgen_Plate15_7-7-23_data.csv,Cnat,Miami urban,Star Island,22-Jul,Summer,Wet,2.4,0.00717141,0.99282859,0,0,B,A,1
urban_013,Sample 9_UrbanPopgen_Plate15_7-7-23_data.csv,Cnat,Miami urban,Star Island,22-Jul,Summer,Wet,2.4,0.0099307,0.83457644,0,0.15549286,B,A,1
urban_016,Sample 10_UrbanPopgen_Plate15_7-7-23_data.csv,Cnat,Miami urban,Star Island,22-Jul,Summer,Wet,2.4,0.06335339,0.02842883,0,0.90821777,D,AB,1
urban_017,Sample 11_UrbanPopgen_Plate15_7-7-23_data.csv,Cnat,Miami urban,Star Island,22-Jul,Summer,Wet,2.4,0.07799127,0.8747776,2.70E-05,0.04720417,B,ACD,1
urban_024,Sample 12_UrbanPopgen_Plate15_7-7-23_data.csv,Cnat,Miami urban,Star Island,22-Jul,Summer,Wet,2.4,0,0.81763299,0,0.18236701,B,,1
urban_025 rex,Sample 1_UrbanPopgen_Plate16_7-7-23_data.csv,Cnat,Miami urban,Star Island,22-Jul,Summer,Wet,2.4,0.20757427,0.30611979,0,0.48630593,,,1
urban_028,Sample 2_UrbanPopgen_Plate16_7-7-23_data.csv,Cnat,Miami urban,Star Island,22-Jul,Summer,Wet,2.4,0.01967027,0.44551046,0,0.53481926,D,A,1
urban_030,Sample 3_UrbanPopgen_Plate16_7-7-23_data.csv,Cnat,Miami urban,Star Island,22-Jul,Summer,Wet,2.4,0.02491549,0.94788886,0,0.02719566,B,AD,1
urban_041,Sample 4_UrbanPopgen_Plate16_7-7-23_data.csv,Cnat,Miami urban,Star Island,22-Jul,Summer,Wet,2.4,0.00322382,0.00208844,0,0.99468774,D,AB,1
urban_130,Sample 5_UrbanPopgen_Plate16_7-7-23_data.csv,Cnat,Miami urban,Star Island,22-Oct,Fall,Wet,2.4,0.78237552,0,1.99E-05,0.21760463,A,C,1
urban_136,Sample 6_UrbanPopgen_Plate16_7-7-23_data.csv,Cnat,Miami urban,Star Island,22-Oct,Fall,Wet,2.4,0.02523655,0.00933596,0,0.96542749,D,AB,1
urban_137,Sample 7_UrbanPopgen_Plate16_7-7-23_data.csv,Cnat,Miami urban,Star Island,22-Oct,Fall,Wet,2.4,0.01930067,0,0,0.98069933,D,A,1
urban_138,Sample 8_UrbanPopgen_Plate16_7-7-23_data.csv,Cnat,Miami urban,Star Island,22-Oct,Fall,Wet,2.4,0.00863085,0.00246335,0,0.9889058,D,AB,1
urban_140,Sample 9_UrbanPopgen_Plate16_7-7-23_data.csv,Cnat,Miami urban,Star Island,22-Oct,Fall,Wet,2.4,0.00101557,0,0,0.99898443,D,A,1
C1,Sample 10_UrbanPopgen_Plate16_7-7-23_data.csv,Cnat,Miami urban,Star Island,22-Oct,Fall,Wet,2.4,0.00403266,0.67247637,0,0.32349097,B,A,1
C2,Sample 11_UrbanPopgen_Plate16_7-7-23_data.csv,Cnat,Miami urban,Star Island,22-Oct,Fall,Wet,2.4,0.5522195,3.17E-04,0,0.44746339,A,B,1
urban_143,Sample 1_UrbanPopgen_Plate17_7-10-23_data.csv,Cnat,Miami urban,Star Island,22-Oct,Fall,Wet,2.4,0.21732651,0.20042745,0,0.58224604,D,,1
urban_146 rex,Sample 2_UrbanPopgen_Plate17_7-10-23_data.csv,Cnat,Miami urban,Star Island,22-Oct,Fall,Wet,2.4,0.00691921,0.98401745,0,0.00906334,B,AD,1
urban_149 rex,Sample 3_UrbanPopgen_Plate17_7-10-23_data.csv,Cnat,Miami urban,Star Island,22-Oct,Fall,Wet,2.4,0.02416257,0,0,0.97583743,D,A,1
urban_150 rex,Sample 4_UrbanPopgen_Plate17_7-10-23_data.csv,Cnat,Miami urban,Star Island,22-Oct,Fall,Wet,2.4,0.00537366,0.15885608,0,0.83577026,D,A,1
urban_151 rex,Sample 5_UrbanPopgen_Plate17_7-10-23_data.csv,Cnat,Miami urban,Star Island,22-Oct,Fall,Wet,2.4,0.00267293,0.00257897,0,0.99474811,D,AB,1
urban_156,Sample 6_UrbanPopgen_Plate17_7-10-23_data.csv,Cnat,Miami urban,Star Island,22-Oct,Fall,Wet,2.4,0.01086896,0.03263964,0,0.9564914,D,AB,1
nmfs_013,Sample 7_UrbanPopgen_Plate17_7-10-23_data.csv,Pseu,Miami offshore,Emerald Reef,21-Jan,Winter,Dry,6.7,0.17727229,0.82271517,1.25E-05,0,B,C,1
nmfs_016,Sample 8_UrbanPopgen_Plate17_7-10-23_data.csv,Pseu,Miami offshore,Emerald Reef,21-Jan,Winter,Dry,6.7,0,0.99997808,2.19E-05,0,B,C,1
nmfs_021,Sample 9_UrbanPopgen_Plate17_7-10-23_data.csv,Pseu,Miami offshore,Emerald Reef,21-Jan,Winter,Dry,6.7,0.04242505,0.95757495,0,0,B,A,1
nmfs_022,Sample 10_UrbanPopgen_Plate17_7-10-23_data.csv,Pseu,Miami offshore,Emerald Reef,21-Jan,Winter,Dry,6.4,0.01081627,0.98916321,2.05E-05,0,B,AC,1
nmfs_023,Sample 11_UrbanPopgen_Plate17_7-10-23_data.csv,Pseu,Miami offshore,Emerald Reef,21-Jan,Winter,Dry,7.6,0.56917586,0.43081333,1.08E-05,0,A,C,1
nmfs_024,Sample 12_UrbanPopgen_Plate17_7-10-23_data.csv,Pseu,Miami offshore,Emerald Reef,21-Jan,Winter,Dry,6.7,0.00513835,0.99486165,0,0,B,A,1
OS1 rex,Sample 1_UrbanPopgen_Plate18_7-10-23_data.csv,Pseu,Miami offshore,Emerald Reef,22-Jun,Summer,Wet,8.2,0.20140855,0,0,0.79859145,D,,1
OS2 rex,Sample 2_UrbanPopgen_Plate18_7-10-23_data.csv,Pseu,Miami offshore,Emerald Reef,22-Jun,Summer,Wet,8.2,0,0.00125025,0,0.99874975,D,B,1
OS21,Sample 3_UrbanPopgen_Plate18_7-10-23_data.csv,Pseu,Miami offshore,Emerald Reef,22-Jul,Summer,Wet,6.1,0.05004947,0.94995053,0,0,B,A,1
OS22 rex,Sample 4_UrbanPopgen_Plate18_7-10-23_data.csv,Pseu,Miami offshore,Emerald Reef,22-Jul,Summer,Wet,6.1,0.32016699,0.67982776,5.25E-06,0,B,C,1
OS23 rex,Sample 5_UrbanPopgen_Plate18_7-10-23_data.csv,Pseu,Miami offshore,Emerald Reef,22-Jul,Summer,Wet,6.1,5.62E-05,0.99994383,0,0,B,A,1
OS24,Sample 6_UrbanPopgen_Plate18_7-10-23_data.csv,Pseu,Miami offshore,Emerald Reef,22-Jul,Summer,Wet,6.1,1.33E-05,0.99998674,0,0,B,A,1
OS5 rex,Sample 7_UrbanPopgen_Plate18_7-10-23_data.csv,Pseu,Miami offshore,Emerald Reef,22-Jun,Summer,Wet,8.2,0.3257387,0,2.80E-06,0.6742585,D,C,1
OS6 rex,Sample 8_UrbanPopgen_Plate18_7-10-23_data.csv,Pseu,Miami offshore,Emerald Reef,22-Jun,Summer,Wet,6.7,0.91891731,2.83E-04,3.61E-05,0.08076384,A,BCD,1
OS7 rex,Sample 9_UrbanPopgen_Plate18_7-10-23_data.csv,Pseu,Miami offshore,Emerald Reef,22-Jun,Summer,Wet,6.4,0.01449723,0.00454401,0,0.98095876,D,AB,1
OS8 rex,Sample 10_UrbanPopgen_Plate18_7-10-23_data.csv,Pseu,Miami offshore,Emerald Reef,22-Jun,Summer,Wet,6.7,0,0.96991881,0,0.03008119,B,D,1
OS9 rex,Sample 11_UrbanPopgen_Plate18_7-10-23_data.csv,Pseu,Miami offshore,Emerald Reef,22-Jun,Summer,Wet,7,8.39E-05,0.99991609,0,0,B,A,1
urban_078,Sample 1_UrbanPopgen_Plate19_7-10-23_data.csv,Pseu,Miami offshore,Emerald Reef,22-Oct,Fall,Wet,7.9,0.61877608,0,0,0.38122392,A,,1
urban_079,Sample 2_UrbanPopgen_Plate19_7-10-23_data.csv,Pseu,Miami offshore,Emerald Reef,22-Oct,Fall,Wet,7.3,0.03936679,0.96034358,2.63E-05,2.63E-04,B,ACD,1
urban_086,Sample 3_UrbanPopgen_Plate19_7-10-23_data.csv,Pseu,Miami offshore,Emerald Reef,22-Oct,Fall,Wet,7.9,0.10581582,0,1.45E-04,0.89403899,D,C,1
urban_090,Sample 4_UrbanPopgen_Plate19_7-10-23_data.csv,Pseu,Miami offshore,Emerald Reef,22-Oct,Fall,Wet,7.6,0.08184992,2.92E-05,0,0.91812084,D,AB,1
urban_171,Sample 5_UrbanPopgen_Plate19_7-10-23_data.csv,Pseu,Miami offshore,Emerald Reef,23-Jan,Winter,Dry,7.5,0.1053255,0.02457364,0.00552587,0.864575,D,BC,1
urban_173,Sample 6_UrbanPopgen_Plate19_7-10-23_data.csv,Pseu,Miami offshore,Emerald Reef,23-Jan,Winter,Dry,7.5,0.23963388,0.76016746,1.99E-04,0,B,C,1
urban_321,Sample 7_UrbanPopgen_Plate19_7-10-23_data.csv,Pseu,Miami offshore,Emerald Reef,23-Jun,Summer,Wet,8.5,0.00811315,0.00323675,0.00101788,0.98763222,D,ABC,1
urban_322 cc5,Sample 8_UrbanPopgen_Plate19_7-10-23_data.csv,Pseu,Miami offshore,Emerald Reef,23-Jun,Summer,Wet,8.5,0,0.996287,5.48E-04,0.00316539,B,CD,1
urban_323 cc5,Sample 9_UrbanPopgen_Plate19_7-10-23_data.csv,Pseu,Miami offshore,Emerald Reef,23-Jun,Summer,Wet,8.5,1.10E-04,0.99985598,3.37E-05,0,B,AC,1
urban_324,Sample 10_UrbanPopgen_Plate19_7-10-23_data.csv,Pseu,Miami offshore,Emerald Reef,23-Jun,Summer,Wet,7.9,0.52414093,0.00364964,0.00316999,0.46903943,A,BC,1
urban_325 cc5,Sample 11_UrbanPopgen_Plate19_7-10-23_data.csv,Pseu,Miami offshore,Emerald Reef,23-Jun,Summer,Wet,6.4,0.01450849,0.98469328,7.98E-04,0,B,AC,1
nmfs_006,Sample 12_UrbanPopgen_Plate19_7-10-23_data.csv,Pseu,Miami offshore,Rainbow Reef,21-Jan,Winter,Dry,5.5,0.01587335,0.98408196,4.47E-05,0,B,AC,1
nmfs_007,Sample 1_UrbanPopgen_Plate20_7-10-23_data.csv,Pseu,Miami offshore,Rainbow Reef,21-Jan,Winter,Dry,6.4,0,0.99850793,0,0.00149207,B,D,1
nmfs_008,Sample 2_UrbanPopgen_Plate20_7-10-23_data.csv,Pseu,Miami offshore,Rainbow Reef,21-Jan,Winter,Dry,7,0,1,0,0,B,,1
nmfs_009,Sample 3_UrbanPopgen_Plate20_7-10-23_data.csv,Pseu,Miami offshore,Rainbow Reef,21-Jan,Winter,Dry,7,7.06E-05,0.99992942,0,0,B,A,1
nmfs_010,Sample 4_UrbanPopgen_Plate20_7-10-23_data.csv,Pseu,Miami offshore,Rainbow Reef,21-Jan,Winter,Dry,7.6,0.96203966,0.03794607,0,1.43E-05,A,BD,1
OS11 cc5,Sample 5_UrbanPopgen_Plate20_7-10-23_data.csv,Pseu,Miami offshore,Rainbow Reef,22-Jun,Summer,Wet,7.9,0.00312529,0.99687471,0,0,B,A,1
OS12 rex2,Sample 6_UrbanPopgen_Plate20_7-10-23_data.csv,Pseu,Miami offshore,Rainbow Reef,22-Jun,Summer,Wet,8.2,9.44E-04,0.00610425,0,0.99295145,D,AB,1
OS13 rex,Sample 7_UrbanPopgen_Plate20_7-10-23_data.csv,Pseu,Miami offshore,Rainbow Reef,22-Jun,Summer,Wet,8.5,0,0.00272074,0,0.99727926,D,B,1
OS14 rex,Sample 8_UrbanPopgen_Plate20_7-10-23_data.csv,Pseu,Miami offshore,Rainbow Reef,22-Jun,Summer,Wet,8.8,0.04520543,0.95479457,0,0,B,A,1
OS15 rex,Sample 9_UrbanPopgen_Plate20_7-10-23_data.csv,Pseu,Miami offshore,Rainbow Reef,22-Jun,Summer,Wet,8.2,1.18E-05,0.00215605,2.60E-04,0.99757186,D,ABC,1
OS16 rex,Sample 10_UrbanPopgen_Plate20_7-10-23_data.csv,Pseu,Miami offshore,Rainbow Reef,22-Jun,Summer,Wet,7,1,0,0,0,A,,1
OS17 rex,Sample 11_UrbanPopgen_Plate20_7-10-23_data.csv,Pseu,Miami offshore,Rainbow Reef,22-Jun,Summer,Wet,6.7,0.0138049,0.9861951,0,0,B,A,1
OS18 rex,Sample 1_UrbanPopgen_Plate21_7-10-23_data.csv,Pseu,Miami offshore,Rainbow Reef,22-Jun,Summer,Wet,6.7,0,1,0,0,B,,1
OS19 rex2,Sample 2_UrbanPopgen_Plate21_7-10-23_data.csv,Pseu,Miami offshore,Rainbow Reef,22-Jun,Summer,Wet,6.7,0.66612307,0.33387693,0,0,A,,1
OS20 rex,Sample 3_UrbanPopgen_Plate21_7-10-23_data.csv,Pseu,Miami offshore,Rainbow Reef,22-Jun,Summer,Wet,6.1,0.01116619,0.98881907,1.47E-05,0,B,AC,1
urban_092,Sample 4_UrbanPopgen_Plate21_7-10-23_data.csv,Pseu,Miami offshore,Rainbow Reef,22-Oct,Fall,Wet,8.5,4.41E-04,0,0,0.99955916,D,A,1
urban_103,Sample 5_UrbanPopgen_Plate21_7-10-23_data.csv,Pseu,Miami offshore,Rainbow Reef,22-Oct,Fall,Wet,8.5,0.00808597,0.99191278,0,1.25E-06,B,AD,1
urban_107,Sample 6_UrbanPopgen_Plate21_7-10-23_data.csv,Pseu,Miami offshore,Rainbow Reef,22-Oct,Fall,Wet,5.5,0.94808661,1.48E-04,0,0.05176497,A,BD,1
urban_108,Sample 7_UrbanPopgen_Plate21_7-10-23_data.csv,Pseu,Miami offshore,Rainbow Reef,22-Oct,Fall,Wet,5.5,0.30383313,0,0,0.69616687,D,,1
urban_109,Sample 8_UrbanPopgen_Plate21_7-10-23_data.csv,Pseu,Miami offshore,Rainbow Reef,22-Oct,Fall,Wet,6.7,0.94299747,0.05696593,0,3.66E-05,A,BD,1
urban_110,Sample 9_UrbanPopgen_Plate21_7-10-23_data.csv,Pseu,Miami offshore,Rainbow Reef,22-Oct,Fall,Wet,6.1,0.99403001,0.00596239,4.64E-06,2.96E-06,A,BCD,1
urban_111,Sample 10_UrbanPopgen_Plate21_7-10-23_data.csv,Pseu,Miami offshore,Rainbow Reef,22-Oct,Fall,Wet,6.1,0.07817482,0.92182518,0,0,B,A,1
urban_311,Sample 11_UrbanPopgen_Plate21_7-10-23_data.csv,Pseu,Miami offshore,Rainbow Reef,23-Jun,Summer,Wet,4.6,3.25E-04,0.99966634,8.28E-06,0,B,AC,1
urban_312,Sample 12_UrbanPopgen_Plate21_7-10-23_data.csv,Pseu,Miami offshore,Rainbow Reef,23-Jun,Summer,Wet,4.6,1.24E-05,0.88648013,0,0.11350746,B,A,1
urban_315,Sample 1_UrbanPopgen_Plate22_7-10-23_data.csv,Pseu,Miami offshore,Rainbow Reef,23-Jun,Summer,Wet,1.8,0,1,0,0,B,,1
urban_317,Sample 2_UrbanPopgen_Plate22_7-10-23_data.csv,Pseu,Miami offshore,Rainbow Reef,23-Jun,Summer,Wet,5.5,0.93754655,0.00265263,2.66E-05,0.05977426,A,BCD,1
urban_319,Sample 3_UrbanPopgen_Plate22_7-10-23_data.csv,Pseu,Miami offshore,Rainbow Reef,23-Jun,Summer,Wet,4.9,0,1,0,0,B,,1
urban_211,Sample 4_UrbanPopgen_Plate22_7-10-23_data.csv,Pseu,Miami urban,Belle Isle,23-Apr,Spring,Dry,0.3,0.00140471,0,0,0.99859529,D,A,1
urban_212,Sample 5_UrbanPopgen_Plate22_7-10-23_data.csv,Pseu,Miami urban,Belle Isle,23-Apr,Spring,Dry,0.9,0.00663606,0.02464117,0,0.96872277,D,AB,1
urban_215,Sample 6_UrbanPopgen_Plate22_7-10-23_data.csv,Pseu,Miami urban,Belle Isle,23-Apr,Spring,Dry,0.6,0.00837429,0,0,0.99162571,D,A,1
urban_216,Sample 7_UrbanPopgen_Plate22_7-10-23_data.csv,Pseu,Miami urban,Belle Isle,23-Apr,Spring,Dry,0.3,0.04155445,0,0,0.95844555,D,A,1
urban_217,Sample 8_UrbanPopgen_Plate22_7-10-23_data.csv,Pseu,Miami urban,Belle Isle,23-Apr,Spring,Dry,0.6,1.00E-03,0,0,0.99900001,D,A,1
urban_218,Sample 9_UrbanPopgen_Plate22_7-10-23_data.csv,Pseu,Miami urban,Belle Isle,23-Apr,Spring,Dry,0.9,0.02703761,0,0,0.97296239,D,A,1
urban_219,Sample 10_UrbanPopgen_Plate22_7-10-23_data.csv,Pseu,Miami urban,Belle Isle,23-Apr,Spring,Dry,0.6,0,0.02870978,0,0.97129022,D,B,1
urban_220,Sample 11_UrbanPopgen_Plate22_7-10-23_data.csv,Pseu,Miami urban,Belle Isle,23-Apr,Spring,Dry,0.9,0,0.0100254,0,0.9899746,D,B,1
urban_221,Sample 1_UrbanPopgen_Plate23_7-11-23_data.csv,Pseu,Miami urban,Belle Isle,23-Apr,Spring,Dry,0.3,0.01189999,0.1257852,0,0.86231481,D,A,1
urban_223,Sample 2_UrbanPopgen_Plate23_7-11-23_data.csv,Pseu,Miami urban,Belle Isle,23-Apr,Spring,Dry,0.6,0,0.00238383,0,0.99761617,D,B,1
urban_225,Sample 3_UrbanPopgen_Plate23_7-11-23_data.csv,Pseu,Miami urban,Belle Isle,23-Apr,Spring,Dry,0.6,0.03636541,0.00131141,0,0.96232318,D,AB,1
urban_227,Sample 4_UrbanPopgen_Plate23_7-11-23_data.csv,Pseu,Miami urban,Belle Isle,23-Apr,Spring,Dry,0.9,0.06774381,8.70E-04,0,0.93138584,D,AB,1
urban_228,Sample 5_UrbanPopgen_Plate23_7-11-23_data.csv,Pseu,Miami urban,Belle Isle,23-Apr,Spring,Dry,0.6,0.12879194,0,0,0.87120806,D,,1
urban_229,Sample 6_UrbanPopgen_Plate23_7-11-23_data.csv,Pseu,Miami urban,Belle Isle,23-Apr,Spring,Dry,0.6,4.54E-04,0,0,0.99954558,D,A,1
urban_230,Sample 7_UrbanPopgen_Plate23_7-11-23_data.csv,Pseu,Miami urban,Belle Isle,23-Apr,Spring,Dry,0.3,0.09780081,0,0,0.90219919,D,A,1
urban_232,Sample 8_UrbanPopgen_Plate23_7-11-23_data.csv,Pseu,Miami urban,Belle Isle,23-Apr,Spring,Dry,1.2,0.00483366,0,0,0.99516634,D,A,1
urban_233,Sample 9_UrbanPopgen_Plate23_7-11-23_data.csv,Pseu,Miami urban,Belle Isle,23-Apr,Spring,Dry,1.4,0.05144334,0.00853275,0,0.94002391,D,AB,1
urban_234,Sample 10_UrbanPopgen_Plate23_7-11-23_data.csv,Pseu,Miami urban,Belle Isle,23-Apr,Spring,Dry,1,0,0.03817148,0,0.96182852,D,B,1
urban_235,Sample 11_UrbanPopgen_Plate23_7-11-23_data.csv,Pseu,Miami urban,Belle Isle,23-Apr,Spring,Dry,0.7,0.14155041,0,0,0.85844959,D,,1
urban_236,Sample 12_UrbanPopgen_Plate23_7-11-23_data.csv,Pseu,Miami urban,Belle Isle,23-Apr,Spring,Dry,0.5,0,0,5.42E-05,0.99994582,D,C,1
urban_237,Sample 1_UrbanPopgen_Plate24_7-11-23_data.csv,Pseu,Miami urban,Belle Isle,23-Apr,Spring,Dry,0.8,0.10864378,0.03200971,0,0.85934651,D,B,1
urban_238,Sample 2_UrbanPopgen_Plate24_7-11-23_data.csv,Pseu,Miami urban,Belle Isle,23-Apr,Spring,Dry,1.1,0.01733194,0.00546695,0,0.97720111,D,AB,1
urban_239,Sample 3_UrbanPopgen_Plate24_7-11-23_data.csv,Pseu,Miami urban,Belle Isle,23-Apr,Spring,Dry,1.1,0.00310378,0.01668619,0,0.98021002,D,AB,1
urban_241,Sample 4_UrbanPopgen_Plate24_7-11-23_data.csv,Pseu,Miami urban,Belle Isle,23-Apr,Spring,Dry,1.1,0,0.01166688,0,0.98833312,D,B,1
urban_242,Sample 5_UrbanPopgen_Plate24_7-11-23_data.csv,Pseu,Miami urban,Belle Isle,23-Apr,Spring,Dry,0.8,0.19928257,0.06612665,0,0.73459077,D,B,1
urban_244,Sample 6_UrbanPopgen_Plate24_7-11-23_data.csv,Pseu,Miami urban,Belle Isle,23-Apr,Spring,Dry,0.8,0.2995066,0,0,0.7004934,D,,1
nmfs_026,Sample 7_UrbanPopgen_Plate24_7-11-23_data.csv,Pseu,Miami urban,MacArthur North,21-Jan,Winter,Dry,0.9,0.00165075,0,2.53E-05,0.99832399,D,AC,1
nmfs_027,Sample 8_UrbanPopgen_Plate24_7-11-23_data.csv,Pseu,Miami urban,MacArthur North,21-Jan,Winter,Dry,0.9,8.75E-05,0,0,0.99991252,D,A,1
nmfs_028,Sample 9_UrbanPopgen_Plate24_7-11-23_data.csv,Pseu,Miami urban,MacArthur North,21-Jan,Winter,Dry,1.2,0.04994726,0,0,0.95005274,D,A,1
nmfs_029,Sample 10_UrbanPopgen_Plate24_7-11-23_data.csv,Pseu,Miami urban,MacArthur North,21-Jan,Winter,Dry,0.9,2.12E-04,0,0,0.99978777,D,A,1
nmfs_030,Sample 11_UrbanPopgen_Plate24_7-11-23_data.csv,Pseu,Miami urban,MacArthur North,21-Jan,Winter,Dry,0.9,0.00221979,0,0,0.99778021,D,A,1
UR1 rex2,Sample 1_UrbanPopgen_Plate25_7-11-23_data.csv,Pseu,Miami urban,MacArthur North,22-Jun,Summer,Wet,0.6,9.19E-05,3.15E-05,0,0.99987665,D,AB,1
UR10 rex,Sample 2_UrbanPopgen_Plate25_7-11-23_data.csv,Pseu,Miami urban,MacArthur North,22-Jun,Summer,Wet,0.3,0.01517102,0,6.27E-05,0.98476627,D,AC,1
UR11 rex,Sample 3_UrbanPopgen_Plate25_7-11-23_data.csv,Pseu,Miami urban,MacArthur North,22-Jun,Summer,Wet,0.3,0.02415304,0,0,0.97584696,D,A,1
UR12 cc5,Sample 4_UrbanPopgen_Plate25_7-11-23_data.csv,Pseu,Miami urban,MacArthur North,22-Jun,Summer,Wet,0.3,0.03069877,0,0,0.96930123,D,A,1
UR13 cc5,Sample 5_UrbanPopgen_Plate25_7-11-23_data.csv,Pseu,Miami urban,MacArthur North,22-Jun,Summer,Wet,0.3,0.0089879,0.00221975,0,0.98879235,D,AB,1
UR14 rex2,Sample 6_UrbanPopgen_Plate25_7-11-23_data.csv,Pseu,Miami urban,MacArthur North,22-Jun,Summer,Wet,0.3,0.02624218,0,0,0.97375782,D,A,1
UR15 rex,Sample 7_UrbanPopgen_Plate25_7-11-23_data.csv,Pseu,Miami urban,MacArthur North,22-Jun,Summer,Wet,0.3,0.31281388,0,0,0.68718612,D,,1
UR16 rex2,Sample 8_UrbanPopgen_Plate25_7-11-23_data.csv,Pseu,Miami urban,MacArthur North,22-Jun,Summer,Wet,0.3,0,0,0,0,,,0
UR17 rex,Sample 9_UrbanPopgen_Plate25_7-11-23_data.csv,Pseu,Miami urban,MacArthur North,22-Jun,Summer,Wet,0.6,0,0.99990004,2.62E-05,7.37E-05,B,CD,1
UR18 rex2,Sample 10_UrbanPopgen_Plate25_7-11-23_data.csv,Pseu,Miami urban,MacArthur North,22-Jun,Summer,Wet,0.6,1.05E-04,0,0,0.9998947,D,A,1
UR19 rex,Sample 11_UrbanPopgen_Plate25_7-11-23_data.csv,Pseu,Miami urban,MacArthur North,22-Jun,Summer,Wet,0.3,0.03141884,0.00567664,0,0.96290452,D,AB,1
UR2 rex,Sample 12_UrbanPopgen_Plate25_7-11-23_data.csv,Pseu,Miami urban,MacArthur North,22-Jun,Summer,Wet,0.3,0.00331913,0.99537667,2.18E-04,0.00108575,B,ACD,1
UR20,Sample 1_UrbanPopgen_Plate26_7-11-23_data.csv,Pseu,Miami urban,MacArthur North,22-Jun,Summer,Wet,0.3,0.02869801,0.00466535,0,0.96663664,D,AB,1
UR3 rex,Sample 2_UrbanPopgen_Plate26_7-11-23_data.csv,Pseu,Miami urban,MacArthur North,22-Jun,Summer,Wet,0.3,0.00100014,0.99895832,0,4.15E-05,B,AD,1
UR4 rex,Sample 3_UrbanPopgen_Plate26_7-11-23_data.csv,Pseu,Miami urban,MacArthur North,22-Jun,Summer,Wet,0.6,0.0070903,0,0,0.9929097,D,A,1
UR5 cc5,Sample 4_UrbanPopgen_Plate26_7-11-23_data.csv,Pseu,Miami urban,MacArthur North,22-Jun,Summer,Wet,0.3,0,0,0,1,D,,1
UR6 rex,Sample 5_UrbanPopgen_Plate26_7-11-23_data.csv,Pseu,Miami urban,MacArthur North,22-Jun,Summer,Wet,0.3,5.88E-04,0,0,0.99941205,D,A,1
UR7 rex,Sample 6_UrbanPopgen_Plate26_7-11-23_data.csv,Pseu,Miami urban,MacArthur North,22-Jun,Summer,Wet,0.3,0,0,0,1,D,,1
UR8 rex,Sample 7_UrbanPopgen_Plate26_7-11-23_data.csv,Pseu,Miami urban,MacArthur North,22-Jun,Summer,Wet,0.6,0.02822049,0,0,0.97177951,D,A,1
UR9 rex,Sample 8_UrbanPopgen_Plate26_7-11-23_data.csv,Pseu,Miami urban,MacArthur North,22-Jun,Summer,Wet,0.6,0.07720769,0.00291053,0,0.91988178,D,AB,1
urban_116,Sample 9_UrbanPopgen_Plate26_7-11-23_data.csv,Pseu,Miami urban,MacArthur North,22-Oct,Fall,Wet,0.9,0.05280204,9.31E-04,0,0.94626737,D,AB,1
urban_120,Sample 10_UrbanPopgen_Plate26_7-11-23_data.csv,Pseu,Miami urban,MacArthur North,22-Oct,Fall,Wet,0.9,0.03626311,0.96317238,0,5.65E-04,B,AD,1
urban_123,Sample 11_UrbanPopgen_Plate26_7-11-23_data.csv,Pseu,Miami urban,MacArthur North,22-Oct,Fall,Wet,0.9,0.81355902,0,0,0.18644098,A,,1
urban_124,Sample 1_UrbanPopgen_Plate27_7-13-23_data.csv,Pseu,Miami urban,MacArthur North,22-Oct,Fall,Wet,0.9,0.05634444,0.00696922,2.43E-04,0.93644307,D,ABC,1
urban_125,Sample 2_UrbanPopgen_Plate27_7-13-23_data.csv,Pseu,Miami urban,MacArthur North,22-Oct,Fall,Wet,0.9,0.84735555,5.75E-04,2.23E-05,0.15204747,A,BC,1
urban_126,Sample 3_UrbanPopgen_Plate27_7-13-23_data.csv,Pseu,Miami urban,MacArthur North,22-Oct,Fall,Wet,0.9,0.02834939,0.96998638,3.03E-04,0.00136167,B,ACD,1
urban_127,Sample 4_UrbanPopgen_Plate27_7-13-23_data.csv,Pseu,Miami urban,MacArthur North,22-Oct,Fall,Wet,0.9,0.91366371,0,0,0.08633629,A,D,1
urban_129,Sample 5_UrbanPopgen_Plate27_7-13-23_data.csv,Pseu,Miami urban,MacArthur North,22-Oct,Fall,Wet,0.9,0.04876911,0.94821759,1.28E-04,0.00288503,B,ACD,1
urban_181,Sample 6_UrbanPopgen_Plate27_7-13-23_data.csv,Pseu,Miami urban,MacArthur North,23-Jan,Winter,Dry,1.2,0.03606879,0.96375357,1.78E-04,0,B,AC,1
urban_183,Sample 7_UrbanPopgen_Plate27_7-13-23_data.csv,Pseu,Miami urban,MacArthur North,23-Jan,Winter,Dry,1.2,0.01010066,0.98500975,0.00488959,0,B,AC,1
urban_185,Sample 8_UrbanPopgen_Plate27_7-13-23_data.csv,Pseu,Miami urban,MacArthur North,23-Jan,Winter,Dry,1.1,0.01281259,0.98707898,8.38E-06,1.00E-04,B,ACD,1
urban_186,Sample 9_UrbanPopgen_Plate27_7-13-23_data.csv,Pseu,Miami urban,MacArthur North,23-Jan,Winter,Dry,1.1,0.05065814,0.94922768,1.14E-04,0,B,AC,1
urban_187,Sample 10_UrbanPopgen_Plate27_7-13-23_data.csv,Pseu,Miami urban,MacArthur North,23-Jan,Winter,Dry,1.1,0.01392552,0.01180352,0,0.97427097,D,AB,1
urban_188,Sample 11_UrbanPopgen_Plate27_7-13-23_data.csv,Pseu,Miami urban,MacArthur North,23-Jan,Winter,Dry,1.1,0.00204818,0.99779272,2.50E-06,1.57E-04,B,ACD,1
UR21,Sample 12_UrbanPopgen_Plate27_7-13-23_data.csv,Pseu,Miami urban,Star Island,22-Jun,Summer,Wet,1.5,2.52E-04,0.02166356,0,0.97808489,D,AB,1
UR22 rex2,Sample 1_UrbanPopgen_Plate28_7-13-23_data.csv,Pseu,Miami urban,Star Island,22-Jun,Summer,Wet,1.2,0.07465504,0.11180736,0,0.8135376,D,A,1
UR23 rex2,Sample 2_UrbanPopgen_Plate28_7-13-23_data.csv,Pseu,Miami urban,Star Island,22-Jun,Summer,Wet,0.9,0.64872502,0.35125555,1.94E-05,0,A,C,1
UR24,Sample 3_UrbanPopgen_Plate28_7-13-23_data.csv,Pseu,Miami urban,Star Island,22-Jun,Summer,Wet,0.6,0.0237157,0.97556681,0,7.17E-04,B,AD,1
UR25 rex,Sample 4_UrbanPopgen_Plate28_7-13-23_data.csv,Pseu,Miami urban,Star Island,22-Jun,Summer,Wet,0.3,2.13E-05,0.99997379,4.86E-06,0,B,AC,1
UR26 rex2,Sample 5_UrbanPopgen_Plate28_7-13-23_data.csv,Pseu,Miami urban,Star Island,22-Jun,Summer,Wet,1.2,0,0,0,1,D,,1
UR27 rex,Sample 6_UrbanPopgen_Plate28_7-13-23_data.csv,Pseu,Miami urban,Star Island,22-Jun,Summer,Wet,1.2,0.05376995,7.43E-04,0,0.94548731,D,AB,1
UR28 rex,Sample 7_UrbanPopgen_Plate28_7-13-23_data.csv,Pseu,Miami urban,Star Island,22-Jun,Summer,Wet,1.5,0,0.19814529,0,0.80185471,D,,1
UR29,Sample 8_UrbanPopgen_Plate28_7-13-23_data.csv,Pseu,Miami urban,Star Island,22-Jun,Summer,Wet,0.9,0.0144749,0,0,0.9855251,D,A,1
UR30,Sample 9_UrbanPopgen_Plate28_7-13-23_data.csv,Pseu,Miami urban,Star Island,22-Jun,Summer,Wet,1.2,0,0,0,1,D,,1
urban_003,Sample 10_UrbanPopgen_Plate28_7-13-23_data.csv,Pseu,Miami urban,Star Island,22-Jul,Summer,Wet,2.4,0.00118201,0.99860454,1.11E-04,1.02E-04,B,ACD,1
urban_004,Sample 11_UrbanPopgen_Plate28_7-13-23_data.csv,Pseu,Miami urban,Star Island,22-Jul,Summer,Wet,2.4,0.08911998,0.12432611,7.24E-04,0.78582948,D,AC,1
urban_007,Sample 1_UrbanPopgen_Plate29_7-13-23_data.csv,Pseu,Miami urban,Star Island,22-Jul,Summer,Wet,2.4,0.03836457,0.9616224,1.30E-05,0,B,AC,1
urban_008,Sample 2_UrbanPopgen_Plate29_7-13-23_data.csv,Pseu,Miami urban,Star Island,22-Jul,Summer,Wet,2.4,0.11839096,0.85893995,0,0.02266909,B,D,1
urban_011,Sample 3_UrbanPopgen_Plate29_7-13-23_data.csv,Pseu,Miami urban,Star Island,22-Jul,Summer,Wet,2.4,0.02823118,0.96913131,1.75E-05,0.00261998,B,ACD,1
urban_014,Sample 4_UrbanPopgen_Plate29_7-13-23_data.csv,Pseu,Miami urban,Star Island,22-Jul,Summer,Wet,2.4,0,0.99931561,9.64E-06,6.75E-04,B,CD,1
urban_018,Sample 5_UrbanPopgen_Plate29_7-13-23_data.csv,Pseu,Miami urban,Star Island,22-Jul,Summer,Wet,2.4,0.18192488,0.64870552,6.60E-05,0.16930364,B,C,1
urban_022,Sample 6_UrbanPopgen_Plate29_7-13-23_data.csv,Pseu,Miami urban,Star Island,22-Jul,Summer,Wet,2.4,0.82425543,0.17507599,3.20E-06,6.65E-04,A,CD,1
urban_023,Sample 7_UrbanPopgen_Plate29_7-13-23_data.csv,Pseu,Miami urban,Star Island,22-Jul,Summer,Wet,2.4,0.2538813,0.71568309,9.91E-04,0.02944434,B,CD,1
urban_026,Sample 8_UrbanPopgen_Plate29_7-13-23_data.csv,Pseu,Miami urban,Star Island,22-Jul,Summer,Wet,2.4,0.00878784,0.00933496,0,0.98187719,D,AB,1
urban_027,Sample 9_UrbanPopgen_Plate29_7-13-23_data.csv,Pseu,Miami urban,Star Island,22-Jul,Summer,Wet,2.4,0.82853061,0.1703535,1.44E-06,0.00111445,A,CD,1
urban_029,Sample 10_UrbanPopgen_Plate29_7-13-23_data.csv,Pseu,Miami urban,Star Island,22-Jul,Summer,Wet,2.4,0.00218813,3.73E-05,0,0.99777452,D,AB,1
urban_032,Sample 11_UrbanPopgen_Plate29_7-13-23_data.csv,Pseu,Miami urban,Star Island,22-Jul,Summer,Wet,2.4,0.02598162,0.97401838,0,0,B,A,1
urban_033,Sample 12_UrbanPopgen_Plate29_7-13-23_data.csv,Pseu,Miami urban,Star Island,22-Jul,Summer,Wet,2.4,0.02261529,0.97656354,8.21E-04,0,B,AC,1
urban_034,Sample 1_UrbanPopgen_Plate30_7-13-23_data.csv,Pseu,Miami urban,Star Island,22-Jul,Summer,Wet,2.4,0.01367174,0.00339356,0,0.98293471,D,AB,1
urban_035,Sample 2_UrbanPopgen_Plate30_7-13-23_data.csv,Pseu,Miami urban,Star Island,22-Jul,Summer,Wet,2.4,0.20650295,0.23692655,4.78E-05,0.55652272,D,C,1
urban_036,Sample 3_UrbanPopgen_Plate30_7-13-23_data.csv,Pseu,Miami urban,Star Island,22-Jul,Summer,Wet,2.4,0.08899052,0.91092157,8.79E-05,0,B,AC,1
urban_037,Sample 4_UrbanPopgen_Plate30_7-13-23_data.csv,Pseu,Miami urban,Star Island,22-Jul,Summer,Wet,2.4,0.39858269,0.59796824,1.27E-05,0.00343638,B,CD,1
urban_038,Sample 5_UrbanPopgen_Plate30_7-13-23_data.csv,Pseu,Miami urban,Star Island,22-Jul,Summer,Wet,2.4,0.16730789,0.83268681,5.30E-06,0,B,C,1
urban_039,Sample 6_UrbanPopgen_Plate30_7-13-23_data.csv,Pseu,Miami urban,Star Island,22-Jul,Summer,Wet,2.4,0.23990196,0.75833025,2.45E-05,0.00174329,B,CD,1
urban_040,Sample 7_UrbanPopgen_Plate30_7-13-23_data.csv,Pseu,Miami urban,Star Island,22-Jul,Summer,Wet,2.4,0.69303405,0.30696595,0,0,A,,1
P1,Sample 8_UrbanPopgen_Plate30_7-13-23_data.csv,Pseu,Miami urban,Star Island,22-Oct,Fall,Wet,2.4,0.15028587,0.84735738,3.46E-04,0.00201047,B,CD,1
urban_139,Sample 9_UrbanPopgen_Plate30_7-13-23_data.csv,Pseu,Miami urban,Star Island,22-Oct,Fall,Wet,2.4,0.05296411,0.00107308,0,0.94596281,D,AB,1
urban_148 rex,Sample 10_UrbanPopgen_Plate30_7-13-23_data.csv,Pseu,Miami urban,Star Island,22-Oct,Fall,Wet,2.4,0.08449387,0.91125836,2.05E-05,0.00422725,B,ACD,1
urban_152,Sample 11_UrbanPopgen_Plate30_7-13-23_data.csv,Pseu,Miami urban,Star Island,22-Oct,Fall,Wet,2.4,0.02035866,0.11653953,0,0.86310181,D,A,1
urban_155,Sample 1_UrbanPopgen_Plate31_7-13-23_data.csv,Pseu,Miami urban,Star Island,22-Oct,Fall,Wet,2.4,0.77856387,0.00398839,0,0.21744774,A,B,1
urban_161 rex,Sample 2_UrbanPopgen_Plate31_7-13-23_data.csv,Pseu,Miami urban,Star Island,22-Oct,Fall,Wet,2.4,0,0.00360013,0,0.99639987,D,B,1
urban_193,Sample 3_UrbanPopgen_Plate31_7-13-23_data.csv,Mcav,Miami urban,MacArthur North,23-Jan,Winter,Dry,1.1,0.78090236,0,0,0.21909764,A,,1
urban_209,Sample 4_UrbanPopgen_Plate31_7-13-23_data.csv,Mcav,Miami urban,MacArthur North,23-Jan,Winter,Dry,1.1,0.7716328,0,0,0.2283672,A,,1
urban_210,Sample 5_UrbanPopgen_Plate31_7-13-23_data.csv,Mcav,Miami urban,MacArthur North,23-Jan,Winter,Dry,1.1,0.83892561,0,4.69E-07,0.16107392,A,C,1
urban_012,Sample 6_UrbanPopgen_Plate31_7-13-23_data.csv,Mcav,Miami urban,Star Island,22-Jul,Summer,Wet,2.4,0.68646598,0,0,0.31353402,A,,1
urban_072,Sample 7_UrbanPopgen_Plate31_7-13-23_data.csv,Mcav,Miami urban,Star Island,22-Sep,Fall,Wet,5,0.73091195,0,5.20E-06,0.26908285,A,C,1
urban_073,Sample 8_UrbanPopgen_Plate31_7-13-23_data.csv,Mcav,Miami urban,Star Island,22-Sep,Fall,Wet,5,0.58825329,0,6.04E-06,0.41174068,A,C,1
urban_075,Sample 9_UrbanPopgen_Plate31_7-13-23_data.csv,Mcav,Miami urban,Star Island,22-Sep,Fall,Wet,5,0.78225578,0,1.45E-05,0.21772973,A,C,1
M2,Sample 10_UrbanPopgen_Plate31_7-13-23_data.csv,Mcav,Miami urban,Star Island,22-Oct,Fall,Wet,2.4,0.81978705,0,0,0.18021295,A,,1
urban_097,Sample 11_UrbanPopgen_Plate31_7-13-23_data.csv,Ofav,Miami offshore,Rainbow Reef,22-Oct,Fall,Wet,7.6,0.92072663,0.00356931,1.69E-04,0.07553483,A,BCD,1
OS16 rex,Sample 12_UrbanPopgen_Plate31_7-13-23_data.csv,Pseu,Miami offshore,Rainbow Reef,22-Jun,Summer,Wet,7,0.07395878,0.92604122,0,0,B,A,1
urban_087,Sample 1_UrbanPopgen_Plate32_7-13-23_data.csv,Ofav,Miami offshore,Emerald Reef,22-Oct,Fall,Wet,7,0,0.42362276,0,0.57637724,D,,1
urban_088,Sample 2_UrbanPopgen_Plate32_7-13-23_data.csv,Ofav,Miami offshore,Emerald Reef,22-Oct,Fall,Wet,7.3,0.07732727,0.92267273,0,0,B,A,1
urban_089,Sample 3_UrbanPopgen_Plate32_7-13-23_data.csv,Ofav,Miami offshore,Emerald Reef,22-Oct,Fall,Wet,7.3,0.68707471,0.30880162,8.31E-05,0.0040406,A,CD,1
urban_158b,Sample 4_UrbanPopgen_Plate32_7-13-23_data.csv,Ofav,Miami offshore,Emerald Reef,23-Jan,Winter,Dry,7.3,0.10050617,0.48549872,1.07E-04,0.41388853,,C,1
urban_159b,Sample 5_UrbanPopgen_Plate32_7-13-23_data.csv,Ofav,Miami offshore,Emerald Reef,23-Jan,Winter,Dry,7.3,0.8368138,0.16285974,2.96E-06,3.23E-04,A,CD,1
urban_161b,Sample 6_UrbanPopgen_Plate32_7-13-23_data.csv,Ofav,Miami offshore,Emerald Reef,23-Jan,Winter,Dry,7.3,0.05655645,0.08689256,0,0.85655099,D,AB,1
urban_163b,Sample 7_UrbanPopgen_Plate32_7-13-23_data.csv,Ofav,Miami offshore,Emerald Reef,23-Jan,Winter,Dry,7.3,0.1459216,0.01274621,2.37E-05,0.84130844,D,BC,1
urban_166,Sample 8_UrbanPopgen_Plate32_7-13-23_data.csv,Ofav,Miami offshore,Emerald Reef,23-Jan,Winter,Dry,7.5,0,1,0,0,B,,1
nmfs_001 cc5,Sample 9_UrbanPopgen_Plate32_7-13-23_data.csv,Ofav,Miami offshore,Rainbow Reef,21-Jan,Winter,Dry,7,0.01228418,0.12716516,0,0.86055066,D,A,1
nmfs_002,Sample 10_UrbanPopgen_Plate32_7-13-23_data.csv,Ofav,Miami offshore,Rainbow Reef,21-Jan,Winter,Dry,6.7,0.05597083,0.71332378,0,0.23070539,B,A,1
nmfs_003,Sample 11_UrbanPopgen_Plate32_7-13-23_data.csv,Ofav,Miami offshore,Rainbow Reef,21-Jan,Winter,Dry,6.4,0.01157768,0.24610427,0.48767812,0.25463993,,A,1
nmfs_004,Sample 12_UrbanPopgen_Plate32_7-13-23_data.csv,Ofav,Miami offshore,Rainbow Reef,21-Jan,Winter,Dry,7,8.62E-04,0.47894536,0,0.52019261,D,A,1
OS3 rex2,Sample 1_UrbanPopgen_Plate33_7-17-23_data.csv,Dlab,Miami offshore,Emerald Reef,22-Jun,Summer,Wet,9.1,0.96792456,0.03207544,0,0,A,B,1
OS4 rex2,Sample 2_UrbanPopgen_Plate33_7-17-23_data.csv,Dlab,Miami offshore,Emerald Reef,22-Jun,Summer,Wet,9.1,0.08910321,0,4.10E-04,0.91048674,D,AC,1
urban_326,Sample 3_UrbanPopgen_Plate33_7-17-23_data.csv,Dlab,Miami offshore,Emerald Reef,23-Jun,Summer,Wet,8.2,0.18404426,6.54E-05,0.76200259,0.05388774,C,BD,1
urban_307,Sample 4_UrbanPopgen_Plate33_7-17-23_data.csv,Dlab,Miami offshore,Rainbow Reef,23-Jun,Summer,Wet,6.1,4.13E-04,3.93E-05,0.15721984,0.84232768,D,AB,1
urban_308,Sample 5_UrbanPopgen_Plate33_7-17-23_data.csv,Dlab,Miami offshore,Rainbow Reef,23-Jun,Summer,Wet,6.1,0.99982663,1.54E-04,0,1.89E-05,A,BD,1
urban_309,Sample 6_UrbanPopgen_Plate33_7-17-23_data.csv,Dlab,Miami offshore,Rainbow Reef,23-Jun,Summer,Wet,4.9,0.99941452,5.85E-04,0,0,A,B,1
urban_310,Sample 7_UrbanPopgen_Plate33_7-17-23_data.csv,Dlab,Miami offshore,Rainbow Reef,23-Jun,Summer,Wet,4.9,0,0.99945366,5.46E-04,0,B,C,1
urban_318,Sample 8_UrbanPopgen_Plate33_7-17-23_data.csv,Dlab,Miami offshore,Rainbow Reef,23-Jun,Summer,Wet,5.5,0.00259082,5.51E-05,4.01E-04,0.99695299,D,ABC,1
urban_320,Sample 9_UrbanPopgen_Plate33_7-17-23_data.csv,Dlab,Miami offshore,Rainbow Reef,23-Jun,Summer,Wet,5.8,0.01015869,0.09508321,0,0.8947581,D,AB,1
urban_213,Sample 10_UrbanPopgen_Plate33_7-17-23_data.csv,Dlab,Miami urban,Belle Isle,23-Apr,Spring,Dry,0.6,0,0,0,1,D,,1
urban_214,Sample 11_UrbanPopgen_Plate33_7-17-23_data.csv,Dlab,Miami urban,Belle Isle,23-Apr,Spring,Dry,0.6,0.95820505,0,0,0.04179495,A,D,1
urban_222,Sample 12_UrbanPopgen_Plate33_7-17-23_data.csv,Dlab,Miami urban,Belle Isle,23-Apr,Spring,Dry,0.6,0,0,0,1,D,,1
urban_224,Sample 1_UrbanPopgen_Plate34_7-17-23_data.csv,Dlab,Miami urban,Belle Isle,23-Apr,Spring,Dry,0.6,0.31575517,6.13E-05,8.64E-07,0.68418266,D,BC,1
urban_226,Sample 2_UrbanPopgen_Plate34_7-17-23_data.csv,Dlab,Miami urban,Belle Isle,23-Apr,Spring,Dry,1.2,0.23299119,0,0,0.76700881,D,,1
urban_231,Sample 3_UrbanPopgen_Plate34_7-17-23_data.csv,Dlab,Miami urban,Belle Isle,23-Apr,Spring,Dry,0.3,9.38E-04,0,0,0.99906238,D,A,1
urban_240,Sample 4_UrbanPopgen_Plate34_7-17-23_data.csv,Dlab,Miami urban,Belle Isle,23-Apr,Spring,Dry,1.1,0.02463819,0,0,0.97536181,D,A,1
urban_243,Sample 5_UrbanPopgen_Plate34_7-17-23_data.csv,Dlab,Miami urban,Belle Isle,23-Apr,Spring,Dry,0.8,0.01524449,0,0,0.98475551,D,A,1
urban_331,Sample 6_UrbanPopgen_Plate34_7-17-23_data.csv,Dlab,Miami offshore,Emerald Reef,23-Jul,Summer,Wet,6.4,0,0,0,1,D,,1
urban_332,Sample 7_UrbanPopgen_Plate34_7-17-23_data.csv,Dlab,Miami offshore,Emerald Reef,23-Jul,Summer,Wet,5.8,2.38E-04,0,0.97786829,0.02189389,C,AD,1
urban_333,Sample 8_UrbanPopgen_Plate34_7-17-23_data.csv,Dlab,Miami offshore,Emerald Reef,23-Jul,Summer,Wet,6.7,1.79E-04,0,0,0.99982135,D,A,1
urban_334,Sample 9_UrbanPopgen_Plate34_7-17-23_data.csv,Dlab,Miami offshore,Emerald Reef,23-Jul,Summer,Wet,6.7,0,0,0,1,D,,1
urban_335,Sample 10_UrbanPopgen_Plate34_7-17-23_data.csv,Dlab,Miami offshore,Emerald Reef,23-Jul,Summer,Wet,6.7,0.01461731,0.98538269,0,0,B,A,1
urban_222,Sample 11_UrbanPopgen_Plate34_7-17-23_data.csv,Dlab,Miami urban,Belle Isle,23-Apr,Spring,Dry,0.6,0.45591204,0,0,0.54408796,D,,1