ID,Sample.Plate,Species,Region,Site,CollectionDate,Season,Rain,sampleName,fileName,totalSym,propA,propB,propC,propD,dom,coDom,background
urban_083,Sample 1_UrbanPopgen_Plate01_6-29-23_data.csv,Mcav,Miami offshore,Emerald Reef,22-Oct,Fall,Wet,Sample 1,UrbanPopgen_Plate01_6-29-23_data.csv,1,0.41762314177237203,0,0.582376858227628,0,C,CA,""
urban_157b rex,Sample 2_UrbanPopgen_Plate01_6-29-23_data.csv,Mcav,Miami offshore,Emerald Reef,23-Jan,Winter,Dry,Sample 2,UrbanPopgen_Plate01_6-29-23_data.csv,0.9999999999999999,0.44485452684505017,0.002695127527180449,0.10213303757302895,0.45031730805474035,"",ACD,B
urban_160b,Sample 3_UrbanPopgen_Plate01_6-29-23_data.csv,Mcav,Miami offshore,Emerald Reef,23-Jan,Winter,Dry,Sample 3,UrbanPopgen_Plate01_6-29-23_data.csv,0.9999999999999999,0.006228769489418778,0.00542668101931378,0.9875842808536687,7.602686375987414e-4,C,C,ABD
urban_162b,Sample 4_UrbanPopgen_Plate01_6-29-23_data.csv,Mcav,Miami offshore,Emerald Reef,23-Jan,Winter,Dry,Sample 4,UrbanPopgen_Plate01_6-29-23_data.csv,0.9999999999999999,0.4116652896568597,0,0.5880060811999815,3.2862914315865647e-4,C,CA,D
urban_164,Sample 5_UrbanPopgen_Plate01_6-29-23_data.csv,Mcav,Miami offshore,Emerald Reef,23-Jan,Winter,Dry,Sample 5,UrbanPopgen_Plate01_6-29-23_data.csv,1,0.5484425244024848,0.0011972426165445414,0.4496255121251596,7.347208558111252e-4,A,AC,BD
urban_165,Sample 6_UrbanPopgen_Plate01_6-29-23_data.csv,Mcav,Miami offshore,Emerald Reef,23-Jan,Winter,Dry,Sample 6,UrbanPopgen_Plate01_6-29-23_data.csv,1,0.35286199287785247,3.4093445007227246e-4,0.0643414640778254,0.5824556085942498,D,DA,BC
urban_167,Sample 7_UrbanPopgen_Plate01_6-29-23_data.csv,Mcav,Miami offshore,Emerald Reef,23-Jan,Winter,Dry,Sample 7,UrbanPopgen_Plate01_6-29-23_data.csv,1,0.3970504575230614,0.0045371089044867995,0.46475586241435757,0.13365657115809426,"",ACD,B
urban_168,Sample 8_UrbanPopgen_Plate01_6-29-23_data.csv,Mcav,Miami offshore,Emerald Reef,23-Jan,Winter,Dry,Sample 8,UrbanPopgen_Plate01_6-29-23_data.csv,0.9999999999999998,0.44819369002458026,0,0.5507835237838803,0.001022786191539305,C,CA,D
urban_169,Sample 9_UrbanPopgen_Plate01_6-29-23_data.csv,Mcav,Miami offshore,Emerald Reef,23-Jan,Winter,Dry,Sample 9,UrbanPopgen_Plate01_6-29-23_data.csv,1,0.27952016251847517,5.361773117728601e-4,0.7187882236915953,0.0011554364781566429,C,CA,BD
urban_170,Sample 10_UrbanPopgen_Plate01_6-29-23_data.csv,Mcav,Miami offshore,Emerald Reef,23-Jan,Winter,Dry,Sample 10,UrbanPopgen_Plate01_6-29-23_data.csv,1,0.3989809442497,0.002031882723277596,0.5989871730270224,0,C,CA,B
urban_172,Sample 11_UrbanPopgen_Plate01_6-29-23_data.csv,Mcav,Miami offshore,Emerald Reef,23-Jan,Winter,Dry,Sample 11,UrbanPopgen_Plate01_6-29-23_data.csv,0.9999999999999999,0.3375002224209929,7.160250640238716e-4,0.6539738679020988,0.007809884612884378,C,CA,BD
urban_104,Sample 12_UrbanPopgen_Plate01_6-29-23_data.csv,Mcav,Miami offshore,Rainbow Reef,22-Oct,Fall,Wet,Sample 12,UrbanPopgen_Plate01_6-29-23_data.csv,1,0,0.003673154032151565,0.3640290478091622,0.6322977981586863,D,DC,B
urban_313,Sample 1_UrbanPopgen_Plate02_6-29-23_data.csv,Mcav,Miami offshore,Rainbow Reef,23-Jun,Summer,Wet,Sample 1,UrbanPopgen_Plate02_6-29-23_data.csv,1,0.12805090575930356,8.777963120320521e-4,0.8647618709172434,0.006309427011420996,C,CA,BD
urban_316,Sample 2_UrbanPopgen_Plate02_6-29-23_data.csv,Mcav,Miami offshore,Rainbow Reef,23-Jun,Summer,Wet,Sample 2,UrbanPopgen_Plate02_6-29-23_data.csv,1,0.3030224593471748,0,0.6959086294775609,0.0010689111752642656,C,CA,D
urban_255,Sample 3_UrbanPopgen_Plate02_6-29-23_data.csv,Mcav,Miami urban,Belle Isle,23-Apr,Spring,Dry,Sample 3,UrbanPopgen_Plate02_6-29-23_data.csv,1,0.44401822800841223,0,0,0.5559817719915877,D,DA,""
urban_269,Sample 4_UrbanPopgen_Plate02_6-29-23_data.csv,Mcav,Miami urban,Belle Isle,23-Apr,Spring,Dry,Sample 4,UrbanPopgen_Plate02_6-29-23_data.csv,1,0.29840377395587236,0,0,0.7015962260441276,D,DA,""
urban_270,Sample 5_UrbanPopgen_Plate02_6-29-23_data.csv,Mcav,Miami urban,Belle Isle,23-Apr,Spring,Dry,Sample 5,UrbanPopgen_Plate02_6-29-23_data.csv,1,0.3181646214654929,0,0,0.681835378534507,D,DA,""
urban_112,Sample 6_UrbanPopgen_Plate02_6-29-23_data.csv,Mcav,Miami urban,MacArthur North,22-Oct,Fall,Wet,Sample 6,UrbanPopgen_Plate02_6-29-23_data.csv,2,0.1858730383986561,1,0,0.814126961601344,B,BAD,""
urban_115,Sample 7_UrbanPopgen_Plate02_6-29-23_data.csv,Mcav,Miami urban,MacArthur North,22-Oct,Fall,Wet,Sample 7,UrbanPopgen_Plate02_6-29-23_data.csv,2,0.4173919893647056,1,0,0.5826080106352943,B,BAD,""
M1,Sample 8_UrbanPopgen_Plate02_6-29-23_data.csv,Mcav,Miami urban,MacArthur North,22-Oct,Fall,Wet,Sample 8,UrbanPopgen_Plate02_6-29-23_data.csv,1,0.06637725044784,0,0,0.93362274955216,D,D,A
urban_177,Sample 9_UrbanPopgen_Plate02_6-29-23_data.csv,Mcav,Miami urban,MacArthur North,23-Jan,Winter,Dry,Sample 9,UrbanPopgen_Plate02_6-29-23_data.csv,1,0.43439660180674433,0,0,0.5656033981932557,D,DA,""
urban_178,Sample 10_UrbanPopgen_Plate02_6-29-23_data.csv,Mcav,Miami urban,MacArthur North,23-Jan,Winter,Dry,Sample 10,UrbanPopgen_Plate02_6-29-23_data.csv,1,0.3040789468291599,0,0.00465322711427364,0.6912678260565664,D,DA,C
urban_179,Sample 11_UrbanPopgen_Plate02_6-29-23_data.csv,Mcav,Miami urban,MacArthur North,23-Jan,Winter,Dry,Sample 11,UrbanPopgen_Plate02_6-29-23_data.csv,1,0.32148389560155777,9.632957963747412e-4,0,0.6775528086020675,D,DA,B
urban_189,Sample 1_UrbanPopgen_Plate03_6-30-23_data.csv,Mcav,Miami urban,MacArthur North,23-Jan,Winter,Dry,Sample 1,UrbanPopgen_Plate03_6-30-23_data.csv,0.9999999999999999,0.42316806879442626,0.0069834312206818175,0,0.5698484999848918,D,DA,B
urban_191,Sample 2_UrbanPopgen_Plate03_6-30-23_data.csv,Mcav,Miami urban,MacArthur North,23-Jan,Winter,Dry,Sample 2,UrbanPopgen_Plate03_6-30-23_data.csv,1,0.3240189869728519,3.539089241667876e-4,0,0.6756271041029813,D,DA,B
urban_193,Sample 3_UrbanPopgen_Plate03_6-30-23_data.csv,Mcav,Miami urban,MacArthur North,23-Jan,Winter,Dry,Sample 3,UrbanPopgen_Plate03_6-30-23_data.csv,1,0,0,0,1,D,D,""
urban_199,Sample 4_UrbanPopgen_Plate03_6-30-23_data.csv,Mcav,Miami urban,MacArthur North,23-Jan,Winter,Dry,Sample 4,UrbanPopgen_Plate03_6-30-23_data.csv,1,0,0,0,1,D,D,""
urban_201,Sample 5_UrbanPopgen_Plate03_6-30-23_data.csv,Mcav,Miami urban,MacArthur North,23-Jan,Winter,Dry,Sample 5,UrbanPopgen_Plate03_6-30-23_data.csv,1,0.5370175162991959,0,0,0.4629824837008041,A,AD,""
urban_205,Sample 6_UrbanPopgen_Plate03_6-30-23_data.csv,Mcav,Miami urban,MacArthur North,23-Jan,Winter,Dry,Sample 6,UrbanPopgen_Plate03_6-30-23_data.csv,1,0.38814957933791167,0,0,0.6118504206620883,D,DA,""
urban_209,Sample 7_UrbanPopgen_Plate03_6-30-23_data.csv,Mcav,Miami urban,MacArthur North,23-Jan,Winter,Dry,Sample 7,UrbanPopgen_Plate03_6-30-23_data.csv,1,0,0,0,1,D,D,""
urban_210,Sample 8_UrbanPopgen_Plate03_6-30-23_data.csv,Mcav,Miami urban,MacArthur North,23-Jan,Winter,Dry,Sample 8,UrbanPopgen_Plate03_6-30-23_data.csv,1,0,0,0,1,D,D,""
urban_002,Sample 9_UrbanPopgen_Plate03_6-30-23_data.csv,Mcav,Miami urban,Star Island,22-Jul,Summer,Wet,Sample 9,UrbanPopgen_Plate03_6-30-23_data.csv,1,0.11935408935879505,7.74388076195276e-4,0.498503879751601,0.38136764281340874,"",ACD,B
urban_005,Sample 10_UrbanPopgen_Plate03_6-30-23_data.csv,Mcav,Miami urban,Star Island,22-Jul,Summer,Wet,Sample 10,UrbanPopgen_Plate03_6-30-23_data.csv,1,0.18051146253720063,0.008801460962254993,8.783110361202611e-5,0.8105992453969324,D,DA,BC
urban_006,Sample 11_UrbanPopgen_Plate03_6-30-23_data.csv,Mcav,Miami urban,Star Island,22-Jul,Summer,Wet,Sample 11,UrbanPopgen_Plate03_6-30-23_data.csv,1,0,0.0010693176949053734,5.412970276464981e-5,0.99887655260233,D,D,BC
urban_009,Sample 12_UrbanPopgen_Plate03_6-30-23_data.csv,Mcav,Miami urban,Star Island,22-Jul,Summer,Wet,Sample 12,UrbanPopgen_Plate03_6-30-23_data.csv,1,0.046016336328308226,0,0,0.9539836636716917,D,D,A
urban_010,Sample 1_UrbanPopgen_Plate04_6-30-23_data.csv,Mcav,Miami urban,Star Island,22-Jul,Summer,Wet,Sample 1,UrbanPopgen_Plate04_6-30-23_data.csv,1,0.19380813421145177,0.0011671690306372898,0,0.8050246967579109,D,DA,B
urban_012,Sample 2_UrbanPopgen_Plate04_6-30-23_data.csv,Mcav,Miami urban,Star Island,22-Jul,Summer,Wet,Sample 2,UrbanPopgen_Plate04_6-30-23_data.csv,1,0,0,0,1,D,D,""
urban_015,Sample 3_UrbanPopgen_Plate04_6-30-23_data.csv,Mcav,Miami urban,Star Island,22-Jul,Summer,Wet,Sample 3,UrbanPopgen_Plate04_6-30-23_data.csv,1,0,0.0027041365552210477,4.275023531810882e-5,0.9972531132094609,D,D,BC
urban_031,Sample 4_UrbanPopgen_Plate04_6-30-23_data.csv,Mcav,Miami urban,Star Island,22-Jul,Summer,Wet,Sample 4,UrbanPopgen_Plate04_6-30-23_data.csv,0.9999999999999999,0,0,0.7262449943147345,0.27375500568526534,C,CD,""
urban_072,Sample 5_UrbanPopgen_Plate04_6-30-23_data.csv,Mcav,Miami urban,Star Island,22-Sep,Fall,Wet,Sample 5,UrbanPopgen_Plate04_6-30-23_data.csv,1.0000000000000002,0,0,0.0011015063681156822,0.9988984936318844,D,D,C
urban_073,Sample 6_UrbanPopgen_Plate04_6-30-23_data.csv,Mcav,Miami urban,Star Island,22-Sep,Fall,Wet,Sample 6,UrbanPopgen_Plate04_6-30-23_data.csv,1,0,0,0.0013515113164423512,0.9986484886835577,D,D,C
urban_074,Sample 7_UrbanPopgen_Plate04_6-30-23_data.csv,Mcav,Miami urban,Star Island,22-Sep,Fall,Wet,Sample 7,UrbanPopgen_Plate04_6-30-23_data.csv,1,0,0,1,0,C,C,""
urban_075,Sample 8_UrbanPopgen_Plate04_6-30-23_data.csv,Mcav,Miami urban,Star Island,22-Sep,Fall,Wet,Sample 8,UrbanPopgen_Plate04_6-30-23_data.csv,1,0,0,0.002608323518784232,0.9973916764812157,D,D,C
urban_131,Sample 9_UrbanPopgen_Plate04_6-30-23_data.csv,Mcav,Miami urban,Star Island,22-Oct,Fall,Wet,Sample 9,UrbanPopgen_Plate04_6-30-23_data.csv,1,0,0.03591723508334919,0,0.9640827649166509,D,D,B
M2,Sample 10_UrbanPopgen_Plate04_6-30-23_data.csv,Mcav,Miami urban,Star Island,22-Oct,Fall,Wet,Sample 10,UrbanPopgen_Plate04_6-30-23_data.csv,1,0,9.407047189564152e-4,0,0.9990592952810435,D,D,B
urban_134,Sample 11_UrbanPopgen_Plate04_6-30-23_data.csv,Mcav,Miami urban,Star Island,22-Oct,Fall,Wet,Sample 11,UrbanPopgen_Plate04_6-30-23_data.csv,1,0,5.879093701656937e-4,0,0.9994120906298344,D,D,B
urban_135,Sample 1_UrbanPopgen_Plate05_6-30-23_data.csv,Mcav,Miami urban,Star Island,22-Oct,Fall,Wet,Sample 1,UrbanPopgen_Plate05_6-30-23_data.csv,1,0.37383948597044087,0,0,0.6261605140295592,D,DA,""
urban_147 rex,Sample 2_UrbanPopgen_Plate05_6-30-23_data.csv,Mcav,Miami urban,Star Island,22-Oct,Fall,Wet,Sample 2,UrbanPopgen_Plate05_6-30-23_data.csv,0.9999999999999998,0.24319209102785583,0,6.527787034195129e-5,0.7567426311018021,D,DA,C
urban_154,Sample 3_UrbanPopgen_Plate05_6-30-23_data.csv,Mcav,Miami urban,Star Island,22-Oct,Fall,Wet,Sample 3,UrbanPopgen_Plate05_6-30-23_data.csv,1,0.27339131248371906,0,0,0.7266086875162809,D,DA,""
urban_157 rex,Sample 4_UrbanPopgen_Plate05_6-30-23_data.csv,Mcav,Miami urban,Star Island,22-Oct,Fall,Wet,Sample 4,UrbanPopgen_Plate05_6-30-23_data.csv,1,0.7001469883538207,0,0,0.29985301164617933,A,AD,""
urban_158 rex,Sample 5_UrbanPopgen_Plate05_6-30-23_data.csv,Mcav,Miami urban,Star Island,22-Oct,Fall,Wet,Sample 5,UrbanPopgen_Plate05_6-30-23_data.csv,1,0.4900845274259881,0,5.6880288394765145e-5,0.509858592285617,"",AD,C
urban_162 rex,Sample 6_UrbanPopgen_Plate05_6-30-23_data.csv,Mcav,Miami urban,Star Island,22-Oct,Fall,Wet,Sample 6,UrbanPopgen_Plate05_6-30-23_data.csv,1,0.6336560210642144,0,0,0.36634397893578563,A,AD,""
urban_163 rex,Sample 7_UrbanPopgen_Plate05_6-30-23_data.csv,Mcav,Miami urban,Star Island,22-Oct,Fall,Wet,Sample 7,UrbanPopgen_Plate05_6-30-23_data.csv,1,0.2301566094696106,0,3.938436986563359e-5,0.7698040061605238,D,DA,C
nmfs_011,Sample 8_UrbanPopgen_Plate05_6-30-23_data.csv,Ofav,Miami offshore,Emerald Reef,21-Jan,Winter,Dry,Sample 8,UrbanPopgen_Plate05_6-30-23_data.csv,1,1.9832041381237473e-4,0.9047002710061972,0.06074645323534572,0.03435495534464473,B,B,ACD
nmfs_012,Sample 9_UrbanPopgen_Plate05_6-30-23_data.csv,Ofav,Miami offshore,Emerald Reef,21-Jan,Winter,Dry,Sample 9,UrbanPopgen_Plate05_6-30-23_data.csv,1,0.0020625823311296474,0.9805548233661057,9.754809729685843e-6,0.017372839493035006,B,B,ACD
nmfs_014,Sample 10_UrbanPopgen_Plate05_6-30-23_data.csv,Ofav,Miami offshore,Emerald Reef,21-Jan,Winter,Dry,Sample 10,UrbanPopgen_Plate05_6-30-23_data.csv,1,0.0019376669724772682,0.5231943902610239,0,0.4748679427664989,B,BD,A
nmfs_015,Sample 11_UrbanPopgen_Plate05_6-30-23_data.csv,Ofav,Miami offshore,Emerald Reef,21-Jan,Winter,Dry,Sample 11,UrbanPopgen_Plate05_6-30-23_data.csv,1,0,1,0,0,B,B,""
nmfs_017,Sample 12_UrbanPopgen_Plate05_6-30-23_data.csv,Ofav,Miami offshore,Emerald Reef,21-Jan,Winter,Dry,Sample 12,UrbanPopgen_Plate05_6-30-23_data.csv,1,3.352145803872919e-4,0.7088257738635761,0,0.29083901155603653,B,BD,A
nmfs_036,Sample 1_UrbanPopgen_Plate06_6-30-23_data.csv,Ofav,Miami offshore,Emerald Reef,21-Feb,Winter,Dry,Sample 1,UrbanPopgen_Plate06_6-30-23_data.csv,1,0,1,0,0,B,B,""
nmfs_037,Sample 2_UrbanPopgen_Plate06_6-30-23_data.csv,Ofav,Miami offshore,Emerald Reef,21-Feb,Winter,Dry,Sample 2,UrbanPopgen_Plate06_6-30-23_data.csv,0.9999999999999999,0.0017074355637046,0.8755141592703436,0,0.12277840516595177,B,BD,A
nmfs_038,Sample 3_UrbanPopgen_Plate06_6-30-23_data.csv,Ofav,Miami offshore,Emerald Reef,21-Feb,Winter,Dry,Sample 3,UrbanPopgen_Plate06_6-30-23_data.csv,1,9.505201392287522e-4,0.8081411920038465,0,0.1909082878569247,B,BD,A
nmfs_041,Sample 4_UrbanPopgen_Plate06_6-30-23_data.csv,Ofav,Miami offshore,Emerald Reef,21-Feb,Winter,Dry,Sample 4,UrbanPopgen_Plate06_6-30-23_data.csv,1,0.0015130978524555397,0.9982278582601293,6.974972699828568e-5,1.8929416041690373e-4,B,B,ACD
nmfs_043,Sample 5_UrbanPopgen_Plate06_6-30-23_data.csv,Ofav,Miami offshore,Emerald Reef,21-Feb,Winter,Dry,Sample 5,UrbanPopgen_Plate06_6-30-23_data.csv,0.9999999999999999,0.0015561852319262053,0.9984438147680736,0,0,B,B,A
urban_076,Sample 6_UrbanPopgen_Plate06_6-30-23_data.csv,Ofav,Miami offshore,Emerald Reef,22-Oct,Fall,Wet,Sample 6,UrbanPopgen_Plate06_6-30-23_data.csv,1,0.013845275108094645,0.006746883669411445,0,0.9794078412224939,D,D,AB
urban_077,Sample 7_UrbanPopgen_Plate06_6-30-23_data.csv,Ofav,Miami offshore,Emerald Reef,22-Oct,Fall,Wet,Sample 7,UrbanPopgen_Plate06_6-30-23_data.csv,0.9999999999999999,0.2537907188570537,0.2786418336821898,0,0.4675674474607564,"",ABD,""
urban_080,Sample 8_UrbanPopgen_Plate06_6-30-23_data.csv,Ofav,Miami offshore,Emerald Reef,22-Oct,Fall,Wet,Sample 8,UrbanPopgen_Plate06_6-30-23_data.csv,1,0.010334882421618072,0.9859706913101897,0,0.003694426268192284,B,B,AD
urban_081,Sample 9_UrbanPopgen_Plate06_6-30-23_data.csv,Ofav,Miami offshore,Emerald Reef,22-Oct,Fall,Wet,Sample 9,UrbanPopgen_Plate06_6-30-23_data.csv,1,0.29827283114426756,0,4.4194027939794925e-5,0.7016829748277926,D,DA,C
urban_082,Sample 10_UrbanPopgen_Plate06_6-30-23_data.csv,Ofav,Miami offshore,Emerald Reef,22-Oct,Fall,Wet,Sample 10,UrbanPopgen_Plate06_6-30-23_data.csv,1,0.13872631004613237,0,1.5431571963845826e-4,0.8611193742342291,D,DA,C
urban_084,Sample 11_UrbanPopgen_Plate06_6-30-23_data.csv,Ofav,Miami offshore,Emerald Reef,22-Oct,Fall,Wet,Sample 11,UrbanPopgen_Plate06_6-30-23_data.csv,1.0000000000000002,0.027879184299744134,0,1.7412894350001418e-5,0.972103402805906,D,D,AC
nmfs_005,Sample 1_UrbanPopgen_Plate08_7-3-23_data.csv,Ofav,Miami offshore,Rainbow Reef,21-Jan,Winter,Dry,Sample 1,UrbanPopgen_Plate08_7-3-23_data.csv,1,0.0012193758519995737,0.9691216599018636,0,0.029658964246136732,B,B,AD
nmfs_046,Sample 2_UrbanPopgen_Plate08_7-3-23_data.csv,Ofav,Miami offshore,Rainbow Reef,21-Feb,Winter,Dry,Sample 2,UrbanPopgen_Plate08_7-3-23_data.csv,1,7.546048522136923e-4,0.9985199993497011,4.7131038228309515e-5,6.78264759856891e-4,B,B,ACD
nmfs_048,Sample 3_UrbanPopgen_Plate08_7-3-23_data.csv,Ofav,Miami offshore,Rainbow Reef,21-Feb,Winter,Dry,Sample 3,UrbanPopgen_Plate08_7-3-23_data.csv,0.9999999999999999,0.005303309679034657,0.001687953611669266,0,0.993008736709296,D,D,AB
nmfs_051,Sample 4_UrbanPopgen_Plate08_7-3-23_data.csv,Ofav,Miami offshore,Rainbow Reef,21-Feb,Winter,Dry,Sample 4,UrbanPopgen_Plate08_7-3-23_data.csv,1,0.003223822565579753,0.9967761774344203,0,0,B,B,A
nmfs_052,Sample 5_UrbanPopgen_Plate08_7-3-23_data.csv,Ofav,Miami offshore,Rainbow Reef,21-Feb,Winter,Dry,Sample 5,UrbanPopgen_Plate08_7-3-23_data.csv,1,2.6577936328590554e-4,0.5673119372496739,2.915661950849639e-5,0.4323931267675317,B,BD,AC
nmfs_053,Sample 6_UrbanPopgen_Plate08_7-3-23_data.csv,Ofav,Miami offshore,Rainbow Reef,21-Feb,Winter,Dry,Sample 6,UrbanPopgen_Plate08_7-3-23_data.csv,1,0,0.005637310033638551,1.7997653860863806e-5,0.9943446923125007,D,D,BC
urban_091,Sample 7_UrbanPopgen_Plate08_7-3-23_data.csv,Ofav,Miami offshore,Rainbow Reef,22-Oct,Fall,Wet,Sample 7,UrbanPopgen_Plate08_7-3-23_data.csv,1,0.009250024305357945,0.9855381939367429,9.727344459287833e-5,0.005114508313306282,B,B,ACD
urban_093,Sample 8_UrbanPopgen_Plate08_7-3-23_data.csv,Ofav,Miami offshore,Rainbow Reef,22-Oct,Fall,Wet,Sample 8,UrbanPopgen_Plate08_7-3-23_data.csv,1,0.0968008749572554,0,0,0.9031991250427446,D,D,A
urban_094,Sample 9_UrbanPopgen_Plate08_7-3-23_data.csv,Ofav,Miami offshore,Rainbow Reef,22-Oct,Fall,Wet,Sample 9,UrbanPopgen_Plate08_7-3-23_data.csv,0.9999999999999999,0.2222699111406629,0.651651355324134,0.020052996009718212,0.10602573752548484,B,BAD,C
urban_095,Sample 10_UrbanPopgen_Plate08_7-3-23_data.csv,Ofav,Miami offshore,Rainbow Reef,22-Oct,Fall,Wet,Sample 10,UrbanPopgen_Plate08_7-3-23_data.csv,1,0.030806429290583692,0.37732719525288355,0,0.5918663754565328,D,DB,A
urban_096,Sample 11_UrbanPopgen_Plate08_7-3-23_data.csv,Ofav,Miami offshore,Rainbow Reef,22-Oct,Fall,Wet,Sample 11,UrbanPopgen_Plate08_7-3-23_data.csv,0.9999999999999999,0.4888062475299592,0.4993008338734327,0.01189291859660803,0,"",AB,C
urban_097,Sample 1_UrbanPopgen_Plate09_7-5-23_data.csv,Ofav,Miami offshore,Rainbow Reef,22-Oct,Fall,Wet,Sample 1,UrbanPopgen_Plate09_7-5-23_data.csv,1,0,0.9458550672800953,0.05414493271990479,0,B,B,C
urban_099,Sample 2_UrbanPopgen_Plate09_7-5-23_data.csv,Ofav,Miami offshore,Rainbow Reef,22-Oct,Fall,Wet,Sample 2,UrbanPopgen_Plate09_7-5-23_data.csv,0.9999999999999999,0.1412325993975443,0,0,0.8587674006024556,D,DA,""
urban_100,Sample 3_UrbanPopgen_Plate09_7-5-23_data.csv,Ofav,Miami offshore,Rainbow Reef,22-Oct,Fall,Wet,Sample 3,UrbanPopgen_Plate09_7-5-23_data.csv,1,0.12010705657375356,0.8798929434262465,0,0,B,BA,""
urban_101,Sample 4_UrbanPopgen_Plate09_7-5-23_data.csv,Ofav,Miami offshore,Rainbow Reef,22-Oct,Fall,Wet,Sample 4,UrbanPopgen_Plate09_7-5-23_data.csv,1,0.007895618366077186,0.619709369405748,0,0.37239501222817495,B,BD,A
urban_102,Sample 5_UrbanPopgen_Plate09_7-5-23_data.csv,Ofav,Miami offshore,Rainbow Reef,22-Oct,Fall,Wet,Sample 5,UrbanPopgen_Plate09_7-5-23_data.csv,1,0.00991030943435883,0.9895659783323959,0,5.237122332454008e-4,B,B,AD
urban_105,Sample 6_UrbanPopgen_Plate09_7-5-23_data.csv,Ofav,Miami offshore,Rainbow Reef,22-Oct,Fall,Wet,Sample 6,UrbanPopgen_Plate09_7-5-23_data.csv,1,0.9541504135775078,0,7.494676398998169e-4,0.045100118782592354,A,A,CD
urban_106,Sample 7_UrbanPopgen_Plate09_7-5-23_data.csv,Ofav,Miami offshore,Rainbow Reef,22-Oct,Fall,Wet,Sample 7,UrbanPopgen_Plate09_7-5-23_data.csv,1,0.1297617620922646,0.810106634219006,1.3038557704200856e-5,0.06011856513102516,B,BA,CD
nmfs_031,Sample 8_UrbanPopgen_Plate09_7-5-23_data.csv,Ofav,Miami urban,MacArthur North,21-Jan,Winter,Dry,Sample 8,UrbanPopgen_Plate09_7-5-23_data.csv,1,7.814817911140887e-4,0,0,0.999218518208886,D,D,A
nmfs_032,Sample 9_UrbanPopgen_Plate09_7-5-23_data.csv,Ofav,Miami urban,MacArthur North,21-Jan,Winter,Dry,Sample 9,UrbanPopgen_Plate09_7-5-23_data.csv,0.9999999999999999,0.001523952623402463,0,0,0.9984760473765975,D,D,A
nmfs_033,Sample 10_UrbanPopgen_Plate09_7-5-23_data.csv,Ofav,Miami urban,MacArthur North,21-Jan,Winter,Dry,Sample 10,UrbanPopgen_Plate09_7-5-23_data.csv,1,0.003899065966791695,2.2855402953306502e-4,0,0.9958723800036753,D,D,AB
nmfs_034,Sample 11_UrbanPopgen_Plate09_7-5-23_data.csv,Ofav,Miami urban,MacArthur North,21-Jan,Winter,Dry,Sample 11,UrbanPopgen_Plate09_7-5-23_data.csv,1,3.822765649419457e-4,0.001076193778407813,0,0.9985415296566503,D,D,AB
nmfs_035,Sample 12_UrbanPopgen_Plate09_7-5-23_data.csv,Ofav,Miami urban,MacArthur North,21-Jan,Winter,Dry,Sample 12,UrbanPopgen_Plate09_7-5-23_data.csv,1,0,6.586496354291089e-4,0,0.999341350364571,D,D,B
nmfs_066,Sample 1_UrbanPopgen_Plate10_7-5-23_data.csv,Ofav,Miami urban,MacArthur North,21-Feb,Winter,Dry,Sample 1,UrbanPopgen_Plate10_7-5-23_data.csv,1,6.235173101863894e-4,0,0,0.9993764826898136,D,D,A
nmfs_067,Sample 2_UrbanPopgen_Plate10_7-5-23_data.csv,Ofav,Miami urban,MacArthur North,21-Feb,Winter,Dry,Sample 2,UrbanPopgen_Plate10_7-5-23_data.csv,1.0000000000000002,7.987217257840044e-4,0,0,0.9992012782742161,D,D,A
nmfs_068,Sample 3_UrbanPopgen_Plate10_7-5-23_data.csv,Ofav,Miami urban,MacArthur North,21-Feb,Winter,Dry,Sample 3,UrbanPopgen_Plate10_7-5-23_data.csv,2,4.2806496840932596e-4,1,0,0.9995719350315907,B,BD,A
nmfs_069,Sample 4_UrbanPopgen_Plate10_7-5-23_data.csv,Ofav,Miami urban,MacArthur North,21-Feb,Winter,Dry,Sample 4,UrbanPopgen_Plate10_7-5-23_data.csv,1,0.00883366951671827,0,0,0.9911663304832817,D,D,A
nmfs_070,Sample 5_UrbanPopgen_Plate10_7-5-23_data.csv,Ofav,Miami urban,MacArthur North,21-Feb,Winter,Dry,Sample 5,UrbanPopgen_Plate10_7-5-23_data.csv,0.9999999999999999,0.0010793969360938715,0,0,0.9989206030639061,D,D,A
nmfs_075,Sample 6_UrbanPopgen_Plate10_7-5-23_data.csv,Ofav,Miami urban,MacArthur North,21-Feb,Winter,Dry,Sample 6,UrbanPopgen_Plate10_7-5-23_data.csv,1,0.017203895386143225,0,0,0.9827961046138568,D,D,A
nmfs_056,Sample 7_UrbanPopgen_Plate10_7-5-23_data.csv,Ofav,Miami urban,Star Island,21-Feb,Winter,Dry,Sample 7,UrbanPopgen_Plate10_7-5-23_data.csv,1,2.339477687225089e-4,0,0,0.9997660522312776,D,D,A
nmfs_058,Sample 8_UrbanPopgen_Plate10_7-5-23_data.csv,Ofav,Miami urban,Star Island,21-Feb,Winter,Dry,Sample 8,UrbanPopgen_Plate10_7-5-23_data.csv,0.9999999999999999,9.849413404433487e-4,0.002350500507400628,0,0.9966645581521559,D,D,AB
nmfs_063,Sample 9_UrbanPopgen_Plate10_7-5-23_data.csv,Ofav,Miami urban,Star Island,21-Feb,Winter,Dry,Sample 9,UrbanPopgen_Plate10_7-5-23_data.csv,1,0,0.001556743994369546,0,0.9984432560056304,D,D,B
nmfs_064,Sample 10_UrbanPopgen_Plate10_7-5-23_data.csv,Ofav,Miami urban,Star Island,21-Feb,Winter,Dry,Sample 10,UrbanPopgen_Plate10_7-5-23_data.csv,1.0000000000000002,0.0014542736290545986,0,2.4223357928514767e-5,0.998521503013017,D,D,AC
nmfs_065,Sample 11_UrbanPopgen_Plate10_7-5-23_data.csv,Ofav,Miami urban,Star Island,21-Feb,Winter,Dry,Sample 11,UrbanPopgen_Plate10_7-5-23_data.csv,1,7.651290123066275e-4,0,0,0.9992348709876934,D,D,A
urban_019,Sample 1_UrbanPopgen_Plate11_7-6-23_data.csv,Ofav,Miami urban,Star Island,22-Jul,Summer,Wet,Sample 1,UrbanPopgen_Plate11_7-6-23_data.csv,0.9999999999999999,0.003942384841156409,0,0,0.9960576151588435,D,D,A
urban_021,Sample 2_UrbanPopgen_Plate11_7-6-23_data.csv,Ofav,Miami urban,Star Island,22-Jul,Summer,Wet,Sample 2,UrbanPopgen_Plate11_7-6-23_data.csv,1,0.0017839095813302886,0,0,0.9982160904186698,D,D,A
urban_144,Sample 3_UrbanPopgen_Plate11_7-6-23_data.csv,Ofav,Miami urban,Star Island,22-Oct,Fall,Wet,Sample 3,UrbanPopgen_Plate11_7-6-23_data.csv,1,0.021622844303702746,0.9775905888282257,4.1922034987051915e-4,3.673465182010908e-4,B,B,ACD
urban_145 rex,Sample 4_UrbanPopgen_Plate11_7-6-23_data.csv,Ofav,Miami urban,Star Island,22-Oct,Fall,Wet,Sample 4,UrbanPopgen_Plate11_7-6-23_data.csv,0.9999999999999999,9.515069247619546e-4,0,0,0.9990484930752379,D,D,A
urban_153,Sample 5_UrbanPopgen_Plate11_7-6-23_data.csv,Ofav,Miami urban,Star Island,22-Oct,Fall,Wet,Sample 5,UrbanPopgen_Plate11_7-6-23_data.csv,1,0.0016562926933715958,0,0,0.9983437073066285,D,D,A
urban_159 rex,Sample 6_UrbanPopgen_Plate11_7-6-23_data.csv,Ofav,Miami urban,Star Island,22-Oct,Fall,Wet,Sample 6,UrbanPopgen_Plate11_7-6-23_data.csv,1,8.267054007662341e-4,0,0,0.9991732945992338,D,D,A
urban_160 rex,Sample 7_UrbanPopgen_Plate11_7-6-23_data.csv,Ofav,Miami urban,Star Island,22-Oct,Fall,Wet,Sample 7,UrbanPopgen_Plate11_7-6-23_data.csv,1.0000000000000002,0.024655908716376584,0,0,0.9753440912836235,D,D,A
urban_085,Sample 8_UrbanPopgen_Plate11_7-6-23_data.csv,Cnat,Miami offshore,Emerald Reef,22-Oct,Fall,Wet,Sample 8,UrbanPopgen_Plate11_7-6-23_data.csv,1,7.308967391970874e-4,0,0,0.9992691032608029,D,D,A
urban_098,Sample 9_UrbanPopgen_Plate11_7-6-23_data.csv,Cnat,Miami offshore,Rainbow Reef,22-Oct,Fall,Wet,Sample 9,UrbanPopgen_Plate11_7-6-23_data.csv,1,0.0173705503799143,0.9826294496200858,0,0,B,B,A
urban_314,Sample 10_UrbanPopgen_Plate11_7-6-23_data.csv,Cnat,Miami offshore,Rainbow Reef,23-Jun,Summer,Wet,Sample 10,UrbanPopgen_Plate11_7-6-23_data.csv,1,0.0022901983287793703,0.0032499759587798892,1.8959273594507808e-4,0.9942702329764956,D,D,ABC
urban_251,Sample 11_UrbanPopgen_Plate11_7-6-23_data.csv,Cnat,Miami urban,Belle Isle,23-Apr,Spring,Dry,Sample 11,UrbanPopgen_Plate11_7-6-23_data.csv,0.9999999999999999,0.006346046621568949,0,0,0.993653953378431,D,D,A
urban_252,Sample 12_UrbanPopgen_Plate11_7-6-23_data.csv,Cnat,Miami urban,Belle Isle,23-Apr,Spring,Dry,Sample 12,UrbanPopgen_Plate11_7-6-23_data.csv,1,0,0,0,1,D,D,""
urban_253,Sample 1_UrbanPopgen_Plate12_7-6-23_data.csv,Cnat,Miami urban,Belle Isle,23-Apr,Spring,Dry,Sample 1,UrbanPopgen_Plate12_7-6-23_data.csv,1,5.770565463424482e-4,0,0,0.9994229434536576,D,D,A
urban_254,Sample 2_UrbanPopgen_Plate12_7-6-23_data.csv,Cnat,Miami urban,Belle Isle,23-Apr,Spring,Dry,Sample 2,UrbanPopgen_Plate12_7-6-23_data.csv,1,0.012779752688618154,0,0,0.9872202473113819,D,D,A
urban_256,Sample 3_UrbanPopgen_Plate12_7-6-23_data.csv,Cnat,Miami urban,Belle Isle,23-Apr,Spring,Dry,Sample 3,UrbanPopgen_Plate12_7-6-23_data.csv,1,0,0.0025803323644179757,0,0.9974196676355821,D,D,B
urban_257,Sample 4_UrbanPopgen_Plate12_7-6-23_data.csv,Cnat,Miami urban,Belle Isle,23-Apr,Spring,Dry,Sample 4,UrbanPopgen_Plate12_7-6-23_data.csv,1,0.0010104905376340562,0,0,0.998989509462366,D,D,A
urban_258,Sample 5_UrbanPopgen_Plate12_7-6-23_data.csv,Cnat,Miami urban,Belle Isle,23-Apr,Spring,Dry,Sample 5,UrbanPopgen_Plate12_7-6-23_data.csv,1,2.507544191547652e-4,0,0,0.9997492455808453,D,D,A
urban_259,Sample 6_UrbanPopgen_Plate12_7-6-23_data.csv,Cnat,Miami urban,Belle Isle,23-Apr,Spring,Dry,Sample 6,UrbanPopgen_Plate12_7-6-23_data.csv,1.0000000000000002,6.844556043439414e-5,1.1759262065870703e-4,0,0.999813961818907,D,D,AB
urban_261,Sample 7_UrbanPopgen_Plate12_7-6-23_data.csv,Cnat,Miami urban,Belle Isle,23-Apr,Spring,Dry,Sample 7,UrbanPopgen_Plate12_7-6-23_data.csv,0.9999999999999999,0.0011620633713212215,0,0,0.9988379366286787,D,D,A
urban_262,Sample 8_UrbanPopgen_Plate12_7-6-23_data.csv,Cnat,Miami urban,Belle Isle,23-Apr,Spring,Dry,Sample 8,UrbanPopgen_Plate12_7-6-23_data.csv,1,0,0,8.182054971239866e-4,0.999181794502876,D,D,C
urban_263,Sample 9_UrbanPopgen_Plate12_7-6-23_data.csv,Cnat,Miami urban,Belle Isle,23-Apr,Spring,Dry,Sample 9,UrbanPopgen_Plate12_7-6-23_data.csv,1,0.0010860659716929804,0,0,0.998913934028307,D,D,A
urban_264,Sample 10_UrbanPopgen_Plate12_7-6-23_data.csv,Cnat,Miami urban,Belle Isle,23-Apr,Spring,Dry,Sample 10,UrbanPopgen_Plate12_7-6-23_data.csv,1,4.7906779564141035e-4,0,0,0.9995209322043586,D,D,A
urban_265,Sample 11_UrbanPopgen_Plate12_7-6-23_data.csv,Cnat,Miami urban,Belle Isle,23-Apr,Spring,Dry,Sample 11,UrbanPopgen_Plate12_7-6-23_data.csv,1,0.019787558662757127,0,0,0.980212441337243,D,D,A
urban_266,Sample 1_UrbanPopgen_Plate13_7-6-23_data.csv,Cnat,Miami urban,Belle Isle,23-Apr,Spring,Dry,Sample 1,UrbanPopgen_Plate13_7-6-23_data.csv,1,0.002495702135972778,0,4.952558917131126e-4,0.9970090419723141,D,D,AC
urban_267,Sample 2_UrbanPopgen_Plate13_7-6-23_data.csv,Cnat,Miami urban,Belle Isle,23-Apr,Spring,Dry,Sample 2,UrbanPopgen_Plate13_7-6-23_data.csv,1,0.05638699946331692,0,0,0.9436130005366831,D,D,A
urban_268,Sample 3_UrbanPopgen_Plate13_7-6-23_data.csv,Cnat,Miami urban,Belle Isle,23-Apr,Spring,Dry,Sample 3,UrbanPopgen_Plate13_7-6-23_data.csv,1,0.004081657354803922,0,0,0.9959183426451962,D,D,A
urban_113,Sample 4_UrbanPopgen_Plate13_7-6-23_data.csv,Cnat,Miami urban,MacArthur North,22-Oct,Fall,Wet,Sample 4,UrbanPopgen_Plate13_7-6-23_data.csv,1,0.004669566329849147,0,0,0.9953304336701508,D,D,A
urban_114,Sample 5_UrbanPopgen_Plate13_7-6-23_data.csv,Cnat,Miami urban,MacArthur North,22-Oct,Fall,Wet,Sample 5,UrbanPopgen_Plate13_7-6-23_data.csv,1.0000000000000002,3.230793738547979e-4,0,0,0.9996769206261453,D,D,A
urban_117,Sample 6_UrbanPopgen_Plate13_7-6-23_data.csv,Cnat,Miami urban,MacArthur North,22-Oct,Fall,Wet,Sample 6,UrbanPopgen_Plate13_7-6-23_data.csv,2,0.0020395014451078082,1,2.0417257173198e-5,0.9979400812977189,B,BD,AC
urban_118,Sample 7_UrbanPopgen_Plate13_7-6-23_data.csv,Cnat,Miami urban,MacArthur North,22-Oct,Fall,Wet,Sample 7,UrbanPopgen_Plate13_7-6-23_data.csv,0.9999999999999999,9.672211178324068e-4,0.016823456821705968,0,0.9822093220604615,D,D,AB
urban_119,Sample 8_UrbanPopgen_Plate13_7-6-23_data.csv,Cnat,Miami urban,MacArthur North,22-Oct,Fall,Wet,Sample 8,UrbanPopgen_Plate13_7-6-23_data.csv,1,0.034125779190042164,0,0.0013756148093518163,0.964498606000606,D,D,AC
urban_121,Sample 9_UrbanPopgen_Plate13_7-6-23_data.csv,Cnat,Miami urban,MacArthur North,22-Oct,Fall,Wet,Sample 9,UrbanPopgen_Plate13_7-6-23_data.csv,0.9999999999999999,0.012155123811509124,0,0,0.9878448761884908,D,D,A
urban_122,Sample 10_UrbanPopgen_Plate13_7-6-23_data.csv,Cnat,Miami urban,MacArthur North,22-Oct,Fall,Wet,Sample 10,UrbanPopgen_Plate13_7-6-23_data.csv,1,0.012183522700781275,0,3.624858136438416e-4,0.9874539914855749,D,D,AC
urban_174,Sample 11_UrbanPopgen_Plate13_7-6-23_data.csv,Cnat,Miami urban,MacArthur North,23-Jan,Winter,Dry,Sample 11,UrbanPopgen_Plate13_7-6-23_data.csv,1,2.606516450036946e-4,0,3.140786050564313e-4,0.9994252697499398,D,D,AC
urban_175,Sample 12_UrbanPopgen_Plate13_7-6-23_data.csv,Cnat,Miami urban,MacArthur North,23-Jan,Winter,Dry,Sample 12,UrbanPopgen_Plate13_7-6-23_data.csv,1.0000000000000002,4.88428496177565e-4,0.034795601330677536,0,0.964715970173145,D,D,AB
urban_176,Sample 1_UrbanPopgen_Plate14_7-6-23_data.csv,Cnat,Miami urban,MacArthur North,23-Jan,Winter,Dry,Sample 1,UrbanPopgen_Plate14_7-6-23_data.csv,1,0,0,0,1,D,D,""
urban_180,Sample 2_UrbanPopgen_Plate14_7-6-23_data.csv,Cnat,Miami urban,MacArthur North,23-Jan,Winter,Dry,Sample 2,UrbanPopgen_Plate14_7-6-23_data.csv,0.9999999999999999,0.011715412648943713,0,9.287829419127898e-5,0.9881917090568649,D,D,AC
urban_182,Sample 3_UrbanPopgen_Plate14_7-6-23_data.csv,Cnat,Miami urban,MacArthur North,23-Jan,Winter,Dry,Sample 3,UrbanPopgen_Plate14_7-6-23_data.csv,0.9999999999999999,0.003382166871599186,0.01133463994815408,0,0.9852831931802466,D,D,AB
urban_184,Sample 4_UrbanPopgen_Plate14_7-6-23_data.csv,Cnat,Miami urban,MacArthur North,23-Jan,Winter,Dry,Sample 4,UrbanPopgen_Plate14_7-6-23_data.csv,1,1.8800979391034818e-4,0,0,0.9998119902060897,D,D,A
urban_190 rex,Sample 5_UrbanPopgen_Plate14_7-6-23_data.csv,Cnat,Miami urban,MacArthur North,23-Jan,Winter,Dry,Sample 5,UrbanPopgen_Plate14_7-6-23_data.csv,1,0.002619437272269375,0.3921733295578465,0,0.6052072331698841,D,DB,A
urban_192,Sample 6_UrbanPopgen_Plate14_7-6-23_data.csv,Cnat,Miami urban,MacArthur North,23-Jan,Winter,Dry,Sample 6,UrbanPopgen_Plate14_7-6-23_data.csv,1,0,5.152947413873368e-4,1.3528283784035634e-4,0.9993494224207723,D,D,BC
urban_194,Sample 7_UrbanPopgen_Plate14_7-6-23_data.csv,Cnat,Miami urban,MacArthur North,23-Jan,Winter,Dry,Sample 7,UrbanPopgen_Plate14_7-6-23_data.csv,0.9999999999999999,0.010012640042392553,0.013532516973201476,0,0.9764548429844059,D,D,AB
urban_195,Sample 8_UrbanPopgen_Plate14_7-6-23_data.csv,Cnat,Miami urban,MacArthur North,23-Jan,Winter,Dry,Sample 8,UrbanPopgen_Plate14_7-6-23_data.csv,0.9999999999999999,0.004642539905455186,9.31818667213598e-4,8.364445689254536e-5,0.9943419969704386,D,D,ABC
urban_196,Sample 9_UrbanPopgen_Plate14_7-6-23_data.csv,Cnat,Miami urban,MacArthur North,23-Jan,Winter,Dry,Sample 9,UrbanPopgen_Plate14_7-6-23_data.csv,1.0000000000000002,2.3268626814333137e-4,0.009957312579935372,0,0.9898100011519214,D,D,AB
urban_197,Sample 10_UrbanPopgen_Plate14_7-6-23_data.csv,Cnat,Miami urban,MacArthur North,23-Jan,Winter,Dry,Sample 10,UrbanPopgen_Plate14_7-6-23_data.csv,1.0000000000000002,1.583455689475779e-4,0,0,0.9998416544310526,D,D,A
urban_198,Sample 11_UrbanPopgen_Plate14_7-6-23_data.csv,Cnat,Miami urban,MacArthur North,23-Jan,Winter,Dry,Sample 11,UrbanPopgen_Plate14_7-6-23_data.csv,1,0.01106010862294685,0,0,0.9889398913770532,D,D,A
urban_200,Sample 1_UrbanPopgen_Plate15_7-7-23_data.csv,Cnat,Miami urban,MacArthur North,23-Jan,Winter,Dry,Sample 1,UrbanPopgen_Plate15_7-7-23_data.csv,1,0,0.004638443610415849,0,0.9953615563895841,D,D,B
urban_202,Sample 2_UrbanPopgen_Plate15_7-7-23_data.csv,Cnat,Miami urban,MacArthur North,23-Jan,Winter,Dry,Sample 2,UrbanPopgen_Plate15_7-7-23_data.csv,1.0000000000000002,3.756721031144645e-4,0,2.970790588230839e-4,0.9993272488380626,D,D,AC
urban_203,Sample 3_UrbanPopgen_Plate15_7-7-23_data.csv,Cnat,Miami urban,MacArthur North,23-Jan,Winter,Dry,Sample 3,UrbanPopgen_Plate15_7-7-23_data.csv,1,0.00510528435963881,0,0,0.9948947156403612,D,D,A
urban_204,Sample 4_UrbanPopgen_Plate15_7-7-23_data.csv,Cnat,Miami urban,MacArthur North,23-Jan,Winter,Dry,Sample 4,UrbanPopgen_Plate15_7-7-23_data.csv,1,0.001432539217423805,0,0,0.9985674607825763,D,D,A
urban_206,Sample 5_UrbanPopgen_Plate15_7-7-23_data.csv,Cnat,Miami urban,MacArthur North,23-Jan,Winter,Dry,Sample 5,UrbanPopgen_Plate15_7-7-23_data.csv,1,0.0015993398915477707,0.03545505942764523,0,0.962945600680807,D,D,AB
urban_207,Sample 6_UrbanPopgen_Plate15_7-7-23_data.csv,Cnat,Miami urban,MacArthur North,23-Jan,Winter,Dry,Sample 6,UrbanPopgen_Plate15_7-7-23_data.csv,1,9.080363891939853e-4,0,0,0.999091963610806,D,D,A
urban_208,Sample 7_UrbanPopgen_Plate15_7-7-23_data.csv,Cnat,Miami urban,MacArthur North,23-Jan,Winter,Dry,Sample 7,UrbanPopgen_Plate15_7-7-23_data.csv,1,0.005871631499727075,0,0,0.994128368500273,D,D,A
urban_001,Sample 8_UrbanPopgen_Plate15_7-7-23_data.csv,Cnat,Miami urban,Star Island,22-Jul,Summer,Wet,Sample 8,UrbanPopgen_Plate15_7-7-23_data.csv,1,8.019348839335025e-4,0.9991980651160665,0,0,B,B,A
urban_013,Sample 9_UrbanPopgen_Plate15_7-7-23_data.csv,Cnat,Miami urban,Star Island,22-Jul,Summer,Wet,Sample 9,UrbanPopgen_Plate15_7-7-23_data.csv,0.9999999999999999,0.0011132384192380656,0.8420091001305855,0,0.15687766145017637,B,BD,A
urban_016,Sample 10_UrbanPopgen_Plate15_7-7-23_data.csv,Cnat,Miami urban,Star Island,22-Jul,Summer,Wet,Sample 10,UrbanPopgen_Plate15_7-7-23_data.csv,1,0.007459331542373955,0.030125315647567937,0,0.9624153528100582,D,D,AB
urban_017,Sample 11_UrbanPopgen_Plate15_7-7-23_data.csv,Cnat,Miami urban,Star Island,22-Jul,Summer,Wet,Sample 11,UrbanPopgen_Plate15_7-7-23_data.csv,1,0.009311201499827679,0.9399394443664576,2.895922738315412e-5,0.050720394906331595,B,B,ACD
urban_024,Sample 12_UrbanPopgen_Plate15_7-7-23_data.csv,Cnat,Miami urban,Star Island,22-Jul,Summer,Wet,Sample 12,UrbanPopgen_Plate15_7-7-23_data.csv,1,0,0.8176329873385975,0,0.18236701266140248,B,BD,""
urban_025 rex,Sample 1_UrbanPopgen_Plate16_7-7-23_data.csv,Cnat,Miami urban,Star Island,22-Jul,Summer,Wet,Sample 1,UrbanPopgen_Plate16_7-7-23_data.csv,1,0.028282163419087795,0.3753816319984816,0,0.5963362045824305,D,DB,A
urban_028,Sample 2_UrbanPopgen_Plate16_7-7-23_data.csv,Cnat,Miami urban,Star Island,22-Jul,Summer,Wet,Sample 2,UrbanPopgen_Plate16_7-7-23_data.csv,1,0.002224480234385659,0.45343869810756676,0,0.5443368216580475,D,DB,A
urban_030,Sample 3_UrbanPopgen_Plate16_7-7-23_data.csv,Cnat,Miami urban,Star Island,22-Jul,Summer,Wet,Sample 3,UrbanPopgen_Plate16_7-7-23_data.csv,1.0000000000000002,0.002831087735651497,0.9693573083169795,0,0.027811603947369094,B,B,AD
urban_041,Sample 4_UrbanPopgen_Plate16_7-7-23_data.csv,Cnat,Miami urban,Star Island,22-Jul,Summer,Wet,Sample 4,UrbanPopgen_Plate16_7-7-23_data.csv,1,3.592312233952769e-4,0.0020944461506260214,0,0.9975463226259788,D,D,AB
urban_130,Sample 5_UrbanPopgen_Plate16_7-7-23_data.csv,Cnat,Miami urban,Star Island,22-Oct,Fall,Wet,Sample 5,UrbanPopgen_Plate16_7-7-23_data.csv,1,0.285434765937945,0,6.518696921904051e-5,0.7145000470928361,D,DA,C
urban_136,Sample 6_UrbanPopgen_Plate16_7-7-23_data.csv,Cnat,Miami urban,Star Island,22-Oct,Fall,Wet,Sample 6,UrbanPopgen_Plate16_7-7-23_data.csv,0.9999999999999999,0.002868407018235947,0.009550194093297984,0,0.987581398888466,D,D,AB
urban_137,Sample 7_UrbanPopgen_Plate16_7-7-23_data.csv,Cnat,Miami urban,Star Island,22-Oct,Fall,Wet,Sample 7,UrbanPopgen_Plate16_7-7-23_data.csv,1,0.00218195304682291,0,0,0.9978180469531771,D,D,A
urban_138,Sample 8_UrbanPopgen_Plate16_7-7-23_data.csv,Cnat,Miami urban,Star Island,22-Oct,Fall,Wet,Sample 8,UrbanPopgen_Plate16_7-7-23_data.csv,1.0000000000000002,0,0.00248479822310479,0,0.9975152017768953,D,D,B
urban_140,Sample 9_UrbanPopgen_Plate16_7-7-23_data.csv,Cnat,Miami urban,Star Island,22-Oct,Fall,Wet,Sample 9,UrbanPopgen_Plate16_7-7-23_data.csv,0.9999999999999999,1.1294301795766313e-4,0,0,0.9998870569820423,D,D,A
C1,Sample 10_UrbanPopgen_Plate16_7-7-23_data.csv,Cnat,Miami urban,Star Island,22-Oct,Fall,Wet,Sample 10,UrbanPopgen_Plate16_7-7-23_data.csv,1,4.4968496479732114e-4,0.6748955916063923,0,0.32465472342881035,B,BD,A
C2,Sample 11_UrbanPopgen_Plate16_7-7-23_data.csv,Cnat,Miami urban,Star Island,22-Oct,Fall,Wet,Sample 11,UrbanPopgen_Plate16_7-7-23_data.csv,1,0.12051289541587153,6.228470588846933e-4,0,0.8788642575252438,D,DA,B
urban_143,Sample 1_UrbanPopgen_Plate17_7-10-23_data.csv,Cnat,Miami urban,Star Island,22-Oct,Fall,Wet,Sample 1,UrbanPopgen_Plate17_7-10-23_data.csv,1,0.029929060123851183,0.248416290603066,0,0.7216546492730828,D,DB,A
urban_146 rex,Sample 2_UrbanPopgen_Plate17_7-10-23_data.csv,Cnat,Miami urban,Star Island,22-Oct,Fall,Wet,Sample 2,UrbanPopgen_Plate17_7-10-23_data.csv,1,7.73558835838216e-4,0.9901070086800826,0,0.009119432484079266,B,B,AD
urban_149 rex,Sample 3_UrbanPopgen_Plate17_7-10-23_data.csv,Cnat,Miami urban,Star Island,22-Oct,Fall,Wet,Sample 3,UrbanPopgen_Plate17_7-10-23_data.csv,1,0.0027436582426657308,0,0,0.9972563417573344,D,D,A
urban_150 rex,Sample 4_UrbanPopgen_Plate17_7-10-23_data.csv,Cnat,Miami urban,Star Island,22-Oct,Fall,Wet,Sample 4,UrbanPopgen_Plate17_7-10-23_data.csv,1,5.999393333221552e-4,0.1596185139453559,0,0.839781546721322,D,DB,A
urban_151 rex,Sample 5_UrbanPopgen_Plate17_7-10-23_data.csv,Cnat,Miami urban,Star Island,22-Oct,Fall,Wet,Sample 5,UrbanPopgen_Plate17_7-10-23_data.csv,1,2.976990775221191e-4,0.002585107916347393,0,0.9971171930061306,D,D,AB
urban_156,Sample 6_UrbanPopgen_Plate17_7-10-23_data.csv,Cnat,Miami urban,Star Island,22-Oct,Fall,Wet,Sample 6,UrbanPopgen_Plate17_7-10-23_data.csv,0.9999999999999999,0.0012194435097417097,0.03295805976752537,0,0.9658224967227328,D,D,AB
nmfs_013,Sample 7_UrbanPopgen_Plate17_7-10-23_data.csv,Pseu,Miami offshore,Emerald Reef,21-Jan,Winter,Dry,Sample 7,UrbanPopgen_Plate17_7-10-23_data.csv,0.9999999999999999,0.023381225966350415,0.9766038899073992,1.4884126250306118e-5,0,B,B,AC
nmfs_016,Sample 8_UrbanPopgen_Plate17_7-10-23_data.csv,Pseu,Miami offshore,Emerald Reef,21-Jan,Winter,Dry,Sample 8,UrbanPopgen_Plate17_7-10-23_data.csv,1,0,0.9999780821756575,2.191782434257646e-5,0,B,B,C
nmfs_021,Sample 9_UrbanPopgen_Plate17_7-10-23_data.csv,Pseu,Miami offshore,Emerald Reef,21-Jan,Winter,Dry,Sample 9,UrbanPopgen_Plate17_7-10-23_data.csv,1,0.004898627771084625,0.9951013722289155,0,0,B,B,A
nmfs_022,Sample 10_UrbanPopgen_Plate17_7-10-23_data.csv,Pseu,Miami offshore,Emerald Reef,21-Jan,Winter,Dry,Sample 10,UrbanPopgen_Plate17_7-10-23_data.csv,1,0.0012134746980910257,0.9987658021910135,2.0723110895471294e-5,0,B,B,AC
nmfs_023,Sample 11_UrbanPopgen_Plate17_7-10-23_data.csv,Pseu,Miami offshore,Emerald Reef,21-Jan,Winter,Dry,Sample 11,UrbanPopgen_Plate17_7-10-23_data.csv,1,0.1280054867905974,0.8719945132094027,0,0,B,BA,""
nmfs_024,Sample 12_UrbanPopgen_Plate17_7-10-23_data.csv,Pseu,Miami offshore,Emerald Reef,21-Jan,Winter,Dry,Sample 12,UrbanPopgen_Plate17_7-10-23_data.csv,1,5.735478255785514e-4,0.9994264521744215,0,0,B,B,A
OS1 rex,Sample 1_UrbanPopgen_Plate18_7-10-23_data.csv,Pseu,Miami offshore,Emerald Reef,22-Jun,Summer,Wet,Sample 1,UrbanPopgen_Plate18_7-10-23_data.csv,1,0.027258880417241886,0,0,0.9727411195827582,D,D,A
OS2 rex,Sample 2_UrbanPopgen_Plate18_7-10-23_data.csv,Pseu,Miami offshore,Emerald Reef,22-Jun,Summer,Wet,Sample 2,UrbanPopgen_Plate18_7-10-23_data.csv,1,0,0.0012502514301627205,0,0.9987497485698373,D,D,B
OS21,Sample 3_UrbanPopgen_Plate18_7-10-23_data.csv,Pseu,Miami offshore,Emerald Reef,22-Jul,Summer,Wet,Sample 3,UrbanPopgen_Plate18_7-10-23_data.csv,1,0.005819973874592501,0.9941800261254075,0,0,B,B,A
OS22 rex,Sample 4_UrbanPopgen_Plate18_7-10-23_data.csv,Pseu,Miami offshore,Emerald Reef,22-Jul,Summer,Wet,Sample 4,UrbanPopgen_Plate18_7-10-23_data.csv,1,0.04972605064591558,0.9502739493540845,0,0,B,B,A
OS23 rex,Sample 5_UrbanPopgen_Plate18_7-10-23_data.csv,Pseu,Miami offshore,Emerald Reef,22-Jul,Summer,Wet,Sample 5,UrbanPopgen_Plate18_7-10-23_data.csv,1,0,1,0,0,B,B,""
OS24,Sample 6_UrbanPopgen_Plate18_7-10-23_data.csv,Pseu,Miami offshore,Emerald Reef,22-Jul,Summer,Wet,Sample 6,UrbanPopgen_Plate18_7-10-23_data.csv,2,1,1,0,0,A,AB,""
OS5 rex,Sample 7_UrbanPopgen_Plate18_7-10-23_data.csv,Pseu,Miami offshore,Emerald Reef,22-Jun,Summer,Wet,Sample 7,UrbanPopgen_Plate18_7-10-23_data.csv,2,0.050943913724661054,0,1,0.9490560862753389,C,CD,A
OS6 rex,Sample 8_UrbanPopgen_Plate18_7-10-23_data.csv,Pseu,Miami offshore,Emerald Reef,22-Jun,Summer,Wet,Sample 8,UrbanPopgen_Plate18_7-10-23_data.csv,0.9999999999999999,0.5573717096420358,0.001543298578694067,1.9729644730997497e-4,0.44088769533196015,A,AD,BC
OS7 rex,Sample 9_UrbanPopgen_Plate18_7-10-23_data.csv,Pseu,Miami offshore,Emerald Reef,22-Jun,Summer,Wet,Sample 9,UrbanPopgen_Plate18_7-10-23_data.csv,1,0.0016318314976561574,0.004603332361739528,0,0.9937648361406043,D,D,AB
OS8 rex,Sample 10_UrbanPopgen_Plate18_7-10-23_data.csv,Pseu,Miami offshore,Emerald Reef,22-Jun,Summer,Wet,Sample 10,UrbanPopgen_Plate18_7-10-23_data.csv,1,0,0.9699188147371653,0,0.030081185262834636,B,B,D
OS9 rex,Sample 11_UrbanPopgen_Plate18_7-10-23_data.csv,Pseu,Miami offshore,Emerald Reef,22-Jun,Summer,Wet,Sample 11,UrbanPopgen_Plate18_7-10-23_data.csv,0.9999999999999999,9.324352824084958e-6,0.9999906756471758,0,0,B,B,A
urban_078,Sample 1_UrbanPopgen_Plate19_7-10-23_data.csv,Pseu,Miami offshore,Emerald Reef,22-Oct,Fall,Wet,Sample 1,UrbanPopgen_Plate19_7-10-23_data.csv,1,0.1527920865046832,0,0,0.8472079134953168,D,DA,""
urban_079,Sample 2_UrbanPopgen_Plate19_7-10-23_data.csv,Pseu,Miami offshore,Emerald Reef,22-Oct,Fall,Wet,Sample 2,UrbanPopgen_Plate19_7-10-23_data.csv,1.0000000000000002,0.004532822914705317,0.9951942409011393,0,2.729361841554866e-4,B,B,AD
urban_086,Sample 3_UrbanPopgen_Plate19_7-10-23_data.csv,Pseu,Miami offshore,Emerald Reef,22-Oct,Fall,Wet,Sample 3,UrbanPopgen_Plate19_7-10-23_data.csv,1,0.012978004910157569,0,1.6027115156779464e-4,0.9868617239382746,D,D,AC
urban_090,Sample 4_UrbanPopgen_Plate19_7-10-23_data.csv,Pseu,Miami offshore,Emerald Reef,22-Oct,Fall,Wet,Sample 4,UrbanPopgen_Plate19_7-10-23_data.csv,2,0.009808331969630388,1,0,0.9901916680303696,B,BD,A
urban_171,Sample 5_UrbanPopgen_Plate19_7-10-23_data.csv,Pseu,Miami offshore,Emerald Reef,23-Jan,Winter,Dry,Sample 5,UrbanPopgen_Plate19_7-10-23_data.csv,1,0.01291165645533941,0.027111928540994142,0.006096649674400232,0.9538797653292662,D,D,ABC
urban_173,Sample 6_UrbanPopgen_Plate19_7-10-23_data.csv,Pseu,Miami offshore,Emerald Reef,23-Jan,Winter,Dry,Sample 6,UrbanPopgen_Plate19_7-10-23_data.csv,1,0.03383259695345822,0.9659149795022128,2.524235443289474e-4,0,B,B,AC
urban_321,Sample 7_UrbanPopgen_Plate19_7-10-23_data.csv,Pseu,Miami offshore,Emerald Reef,23-Jun,Summer,Wet,Sample 7,UrbanPopgen_Plate19_7-10-23_data.csv,1,9.080094620666225e-4,0.003260262704039682,0.0010252702809018862,0.9948064575529918,D,D,ABC
urban_322 cc5,Sample 8_UrbanPopgen_Plate19_7-10-23_data.csv,Pseu,Miami offshore,Emerald Reef,23-Jun,Summer,Wet,Sample 8,UrbanPopgen_Plate19_7-10-23_data.csv,1,0,0.9962870017875549,5.476040133135792e-4,0.0031653941991314845,B,B,CD
urban_323 cc5,Sample 9_UrbanPopgen_Plate19_7-10-23_data.csv,Pseu,Miami offshore,Emerald Reef,23-Jun,Summer,Wet,Sample 9,UrbanPopgen_Plate19_7-10-23_data.csv,1,1.2255544902474716e-5,0.999954005421611,3.373903348658383e-5,0,B,B,AC
urban_324,Sample 10_UrbanPopgen_Plate19_7-10-23_data.csv,Pseu,Miami offshore,Emerald Reef,23-Jun,Summer,Wet,Sample 10,UrbanPopgen_Plate19_7-10-23_data.csv,1,0.10903990498359563,0.006833296494902981,0.0059352406243429355,0.8781915578971584,D,DA,BC
urban_325 cc5,Sample 11_UrbanPopgen_Plate19_7-10-23_data.csv,Pseu,Miami offshore,Emerald Reef,23-Jun,Summer,Wet,Sample 11,UrbanPopgen_Plate19_7-10-23_data.csv,1,0.0016331155615020379,0.9975582235747893,8.086608637087062e-4,0,B,B,AC
nmfs_006,Sample 12_UrbanPopgen_Plate19_7-10-23_data.csv,Pseu,Miami offshore,Rainbow Reef,21-Jan,Winter,Dry,Sample 12,UrbanPopgen_Plate19_7-10-23_data.csv,1,0.0017890284057078961,0.9982109715942921,0,0,B,B,A
nmfs_007,Sample 1_UrbanPopgen_Plate20_7-10-23_data.csv,Pseu,Miami offshore,Rainbow Reef,21-Jan,Winter,Dry,Sample 1,UrbanPopgen_Plate20_7-10-23_data.csv,0.9999999999999999,0,0.9985079331097444,0,0.0014920668902554835,B,B,D
nmfs_008,Sample 2_UrbanPopgen_Plate20_7-10-23_data.csv,Pseu,Miami offshore,Rainbow Reef,21-Jan,Winter,Dry,Sample 2,UrbanPopgen_Plate20_7-10-23_data.csv,1,0,1,0,0,B,B,""
nmfs_009,Sample 3_UrbanPopgen_Plate20_7-10-23_data.csv,Pseu,Miami offshore,Rainbow Reef,21-Jan,Winter,Dry,Sample 3,UrbanPopgen_Plate20_7-10-23_data.csv,1,7.843143614298135e-6,0.9999921568563858,0,0,B,B,A
nmfs_010,Sample 4_UrbanPopgen_Plate20_7-10-23_data.csv,Pseu,Miami offshore,Rainbow Reef,21-Jan,Winter,Dry,Sample 4,UrbanPopgen_Plate20_7-10-23_data.csv,1,0.7379400197715802,0.26196146681293087,0,9.85134154889229e-5,A,AB,D
OS11 cc5,Sample 5_UrbanPopgen_Plate20_7-10-23_data.csv,Pseu,Miami offshore,Rainbow Reef,22-Jun,Summer,Wet,Sample 5,UrbanPopgen_Plate20_7-10-23_data.csv,1,3.4822145466793526e-4,0.9996517785453322,0,0,B,B,A
OS12 rex2,Sample 6_UrbanPopgen_Plate20_7-10-23_data.csv,Pseu,Miami offshore,Rainbow Reef,22-Jun,Summer,Wet,Sample 6,UrbanPopgen_Plate20_7-10-23_data.csv,1,1.0501032818956908e-4,0.006109373492435681,0,0.9937856161793748,D,D,AB
OS13 rex,Sample 7_UrbanPopgen_Plate20_7-10-23_data.csv,Pseu,Miami offshore,Rainbow Reef,22-Jun,Summer,Wet,Sample 7,UrbanPopgen_Plate20_7-10-23_data.csv,1.0000000000000002,0,0.002720741047275064,0,0.9972792589527251,D,D,B
OS14 rex,Sample 8_UrbanPopgen_Plate20_7-10-23_data.csv,Pseu,Miami offshore,Rainbow Reef,22-Jun,Summer,Wet,Sample 8,UrbanPopgen_Plate20_7-10-23_data.csv,1,0.005233105392291995,0.994766894607708,0,0,B,B,A
OS15 rex,Sample 9_UrbanPopgen_Plate20_7-10-23_data.csv,Pseu,Miami offshore,Rainbow Reef,22-Jun,Summer,Wet,Sample 9,UrbanPopgen_Plate20_7-10-23_data.csv,2,1,0.002156078838179261,2.602633380023483e-4,0.9975836578238184,A,AD,BC
OS16 rex,Sample 10_UrbanPopgen_Plate20_7-10-23_data.csv,Pseu,Miami offshore,Rainbow Reef,22-Jun,Summer,Wet,Sample 10,UrbanPopgen_Plate20_7-10-23_data.csv,1,1,0,0,0,A,A,""
OS17 rex,Sample 11_UrbanPopgen_Plate20_7-10-23_data.csv,Pseu,Miami offshore,Rainbow Reef,22-Jun,Summer,Wet,Sample 11,UrbanPopgen_Plate20_7-10-23_data.csv,1,0.0015529337693886433,0.9984470662306114,0,0,B,B,A
OS18 rex,Sample 1_UrbanPopgen_Plate21_7-10-23_data.csv,Pseu,Miami offshore,Rainbow Reef,22-Jun,Summer,Wet,Sample 1,UrbanPopgen_Plate21_7-10-23_data.csv,1,0,1,0,0,B,B,""
OS19 rex2,Sample 2_UrbanPopgen_Plate21_7-10-23_data.csv,Pseu,Miami offshore,Rainbow Reef,22-Jun,Summer,Wet,Sample 2,UrbanPopgen_Plate21_7-10-23_data.csv,0.9999999999999999,0.18145471992528098,0.8185452800747189,0,0,B,BA,""
OS20 rex,Sample 3_UrbanPopgen_Plate21_7-10-23_data.csv,Pseu,Miami offshore,Rainbow Reef,22-Jun,Summer,Wet,Sample 3,UrbanPopgen_Plate21_7-10-23_data.csv,1,0.0012531251689951325,0.9987319799250323,1.4894905972645329e-5,0,B,B,AC
urban_092,Sample 4_UrbanPopgen_Plate21_7-10-23_data.csv,Pseu,Miami offshore,Rainbow Reef,22-Oct,Fall,Wet,Sample 4,UrbanPopgen_Plate21_7-10-23_data.csv,1,4.9001479964093095e-5,0,0,0.9999509985200359,D,D,A
urban_103,Sample 5_UrbanPopgen_Plate21_7-10-23_data.csv,Pseu,Miami offshore,Rainbow Reef,22-Oct,Fall,Wet,Sample 5,UrbanPopgen_Plate21_7-10-23_data.csv,2,9.049468114090282e-4,0.9990950531885909,0,1,D,DB,A
urban_107,Sample 6_UrbanPopgen_Plate21_7-10-23_data.csv,Pseu,Miami offshore,Rainbow Reef,22-Oct,Fall,Wet,Sample 6,UrbanPopgen_Plate21_7-10-23_data.csv,1,0.6698804643000918,9.438114902127482e-4,0,0.32917572420969543,A,AD,B
urban_108,Sample 7_UrbanPopgen_Plate21_7-10-23_data.csv,Pseu,Miami offshore,Rainbow Reef,22-Oct,Fall,Wet,Sample 7,UrbanPopgen_Plate21_7-10-23_data.csv,0.9999999999999999,0.046250210832458415,0,0,0.9537497891675415,D,D,A
urban_109,Sample 8_UrbanPopgen_Plate21_7-10-23_data.csv,Pseu,Miami offshore,Rainbow Reef,22-Oct,Fall,Wet,Sample 8,UrbanPopgen_Plate21_7-10-23_data.csv,1,0.6476540810943798,0.3521196421076889,0,2.2627679793130095e-4,A,AB,D
urban_110,Sample 9_UrbanPopgen_Plate21_7-10-23_data.csv,Pseu,Miami offshore,Rainbow Reef,22-Oct,Fall,Wet,Sample 9,UrbanPopgen_Plate21_7-10-23_data.csv,1,0.9487192429824028,0.05121545238164096,3.98544161749491e-5,2.5450219781295555e-5,A,A,BCD
urban_111,Sample 10_UrbanPopgen_Plate21_7-10-23_data.csv,Pseu,Miami offshore,Rainbow Reef,22-Oct,Fall,Wet,Sample 10,UrbanPopgen_Plate21_7-10-23_data.csv,1,0.00933475173122669,0.9906652482687733,0,0,B,B,A
urban_311,Sample 11_UrbanPopgen_Plate21_7-10-23_data.csv,Pseu,Miami offshore,Rainbow Reef,23-Jun,Summer,Wet,Sample 11,UrbanPopgen_Plate21_7-10-23_data.csv,1,3.616351617271816e-5,0.9999555491678052,8.287316022134814e-6,0,B,B,AC
urban_312,Sample 12_UrbanPopgen_Plate21_7-10-23_data.csv,Pseu,Miami offshore,Rainbow Reef,23-Jun,Summer,Wet,Sample 12,UrbanPopgen_Plate21_7-10-23_data.csv,1,0,0.8864911309881421,0,0.11350886901185782,B,BD,""
urban_315,Sample 1_UrbanPopgen_Plate22_7-10-23_data.csv,Pseu,Miami offshore,Rainbow Reef,23-Jun,Summer,Wet,Sample 1,UrbanPopgen_Plate22_7-10-23_data.csv,1,0,1,0,0,B,B,""
urban_317,Sample 2_UrbanPopgen_Plate22_7-10-23_data.csv,Pseu,Miami offshore,Rainbow Reef,23-Jun,Summer,Wet,Sample 2,UrbanPopgen_Plate22_7-10-23_data.csv,1,0.6251862319325794,0.015919706613390774,1.5944958218368774e-4,0.35873461187184613,A,AD,BC
urban_319,Sample 3_UrbanPopgen_Plate22_7-10-23_data.csv,Pseu,Miami offshore,Rainbow Reef,23-Jun,Summer,Wet,Sample 3,UrbanPopgen_Plate22_7-10-23_data.csv,1,0,1,0,0,B,B,""
urban_211,Sample 4_UrbanPopgen_Plate22_7-10-23_data.csv,Pseu,Miami urban,Belle Isle,23-Apr,Spring,Dry,Sample 4,UrbanPopgen_Plate22_7-10-23_data.csv,1,1.5627387001030963e-4,0,0,0.9998437261299897,D,D,A
urban_212,Sample 5_UrbanPopgen_Plate22_7-10-23_data.csv,Pseu,Miami urban,Belle Isle,23-Apr,Spring,Dry,Sample 5,UrbanPopgen_Plate22_7-10-23_data.csv,0.9999999999999999,7.417148731153769e-4,0.024787384505672177,0,0.9744709006212123,D,D,AB
urban_215,Sample 6_UrbanPopgen_Plate22_7-10-23_data.csv,Pseu,Miami urban,Belle Isle,23-Apr,Spring,Dry,Sample 6,UrbanPopgen_Plate22_7-10-23_data.csv,1,9.374547911859913e-4,0,0,0.999062545208814,D,D,A
urban_216,Sample 7_UrbanPopgen_Plate22_7-10-23_data.csv,Pseu,Miami urban,Belle Isle,23-Apr,Spring,Dry,Sample 7,UrbanPopgen_Plate22_7-10-23_data.csv,0.9999999999999999,0.004794247531414768,0,0,0.9952057524685851,D,D,A
urban_217,Sample 8_UrbanPopgen_Plate22_7-10-23_data.csv,Pseu,Miami urban,Belle Isle,23-Apr,Spring,Dry,Sample 8,UrbanPopgen_Plate22_7-10-23_data.csv,1,1.1120940087191281e-4,0,0,0.999888790599128,D,D,A
urban_218,Sample 9_UrbanPopgen_Plate22_7-10-23_data.csv,Pseu,Miami urban,Belle Isle,23-Apr,Spring,Dry,Sample 9,UrbanPopgen_Plate22_7-10-23_data.csv,1,0.003078158033089169,0,0,0.9969218419669109,D,D,A
urban_219,Sample 10_UrbanPopgen_Plate22_7-10-23_data.csv,Pseu,Miami urban,Belle Isle,23-Apr,Spring,Dry,Sample 10,UrbanPopgen_Plate22_7-10-23_data.csv,1,0,0.028709779619679864,0,0.9712902203803201,D,D,B
urban_220,Sample 11_UrbanPopgen_Plate22_7-10-23_data.csv,Pseu,Miami urban,Belle Isle,23-Apr,Spring,Dry,Sample 11,UrbanPopgen_Plate22_7-10-23_data.csv,1,0,0.010025396672444575,0,0.9899746033275554,D,D,B
urban_221,Sample 1_UrbanPopgen_Plate23_7-11-23_data.csv,Pseu,Miami urban,Belle Isle,23-Apr,Spring,Dry,Sample 1,UrbanPopgen_Plate23_7-11-23_data.csv,1,0.0013363567896240282,0.12712994627395105,0,0.8715336969364249,D,DB,A
urban_223,Sample 2_UrbanPopgen_Plate23_7-11-23_data.csv,Pseu,Miami urban,Belle Isle,23-Apr,Spring,Dry,Sample 2,UrbanPopgen_Plate23_7-11-23_data.csv,0.9999999999999999,0,0.0023838293811675815,0,0.9976161706188323,D,D,B
urban_225,Sample 3_UrbanPopgen_Plate23_7-11-23_data.csv,Pseu,Miami urban,Belle Isle,23-Apr,Spring,Dry,Sample 3,UrbanPopgen_Plate23_7-11-23_data.csv,1,0.004175575389998795,0.0013552180543350886,0,0.9944692065556662,D,D,AB
urban_227,Sample 4_UrbanPopgen_Plate23_7-11-23_data.csv,Pseu,Miami urban,Belle Isle,23-Apr,Spring,Dry,Sample 4,UrbanPopgen_Plate23_7-11-23_data.csv,1,0.008016813636443059,0,0,0.991983186363557,D,D,A
urban_228,Sample 5_UrbanPopgen_Plate23_7-11-23_data.csv,Pseu,Miami urban,Belle Isle,23-Apr,Spring,Dry,Sample 5,UrbanPopgen_Plate23_7-11-23_data.csv,0.9999999999999999,0.016160271519150043,0,0,0.9838397284808499,D,D,A
urban_229,Sample 6_UrbanPopgen_Plate23_7-11-23_data.csv,Pseu,Miami urban,Belle Isle,23-Apr,Spring,Dry,Sample 6,UrbanPopgen_Plate23_7-11-23_data.csv,1.0000000000000002,5.051173944215106e-5,0,0,0.999949488260558,D,D,A
urban_230,Sample 7_UrbanPopgen_Plate23_7-11-23_data.csv,Pseu,Miami urban,Belle Isle,23-Apr,Spring,Dry,Sample 7,UrbanPopgen_Plate23_7-11-23_data.csv,0.9999999999999999,0.01190139318454134,0,0,0.9880986068154586,D,D,A
urban_232,Sample 8_UrbanPopgen_Plate23_7-11-23_data.csv,Pseu,Miami urban,Belle Isle,23-Apr,Spring,Dry,Sample 8,UrbanPopgen_Plate23_7-11-23_data.csv,1,5.393905207432786e-4,0,0,0.9994606094792567,D,D,A
urban_233,Sample 9_UrbanPopgen_Plate23_7-11-23_data.csv,Pseu,Miami urban,Belle Isle,23-Apr,Spring,Dry,Sample 9,UrbanPopgen_Plate23_7-11-23_data.csv,0.9999999999999999,0.005989826059576057,0.008941626783612901,0,0.9850685471568109,D,D,AB
urban_234,Sample 10_UrbanPopgen_Plate23_7-11-23_data.csv,Pseu,Miami urban,Belle Isle,23-Apr,Spring,Dry,Sample 10,UrbanPopgen_Plate23_7-11-23_data.csv,1,0,0.03817147813334296,0,0.961828521866657,D,D,B
urban_235,Sample 11_UrbanPopgen_Plate23_7-11-23_data.csv,Pseu,Miami urban,Belle Isle,23-Apr,Spring,Dry,Sample 11,UrbanPopgen_Plate23_7-11-23_data.csv,1,0.017991569172005638,0,0,0.9820084308279944,D,D,A
urban_236,Sample 12_UrbanPopgen_Plate23_7-11-23_data.csv,Pseu,Miami urban,Belle Isle,23-Apr,Spring,Dry,Sample 12,UrbanPopgen_Plate23_7-11-23_data.csv,1.0000000000000002,0,0,5.4183814105520186e-5,0.9999458161858946,D,D,C
urban_237,Sample 1_UrbanPopgen_Plate24_7-11-23_data.csv,Pseu,Miami urban,Belle Isle,23-Apr,Spring,Dry,Sample 1,UrbanPopgen_Plate24_7-11-23_data.csv,1,0.013852744643767262,0,0,0.9861472553562327,D,D,A
urban_238,Sample 2_UrbanPopgen_Plate24_7-11-23_data.csv,Pseu,Miami urban,Belle Isle,23-Apr,Spring,Dry,Sample 2,UrbanPopgen_Plate24_7-11-23_data.csv,0.9999999999999999,0.0019559040885760103,0.005552488532574575,0,0.9924916073788493,D,D,AB
urban_239,Sample 3_UrbanPopgen_Plate24_7-11-23_data.csv,Pseu,Miami urban,Belle Isle,23-Apr,Spring,Dry,Sample 3,UrbanPopgen_Plate24_7-11-23_data.csv,1,3.458190109655457e-4,0.016732356867152666,0,0.9829218241218818,D,D,AB
urban_241,Sample 4_UrbanPopgen_Plate24_7-11-23_data.csv,Pseu,Miami urban,Belle Isle,23-Apr,Spring,Dry,Sample 4,UrbanPopgen_Plate24_7-11-23_data.csv,1,0,0.011666884846130399,0,0.9883331151538697,D,D,B
urban_242,Sample 5_UrbanPopgen_Plate24_7-11-23_data.csv,Pseu,Miami urban,Belle Isle,23-Apr,Spring,Dry,Sample 5,UrbanPopgen_Plate24_7-11-23_data.csv,0.9999999999999999,0.026909206410826524,0.0803619803135891,0,0.8927288132755843,D,D,AB
urban_244,Sample 6_UrbanPopgen_Plate24_7-11-23_data.csv,Pseu,Miami urban,Belle Isle,23-Apr,Spring,Dry,Sample 6,UrbanPopgen_Plate24_7-11-23_data.csv,0.9999999999999999,0.045352663442473955,0,0,0.954647336557526,D,D,A
nmfs_026,Sample 7_UrbanPopgen_Plate24_7-11-23_data.csv,Pseu,Miami urban,MacArthur North,21-Jan,Winter,Dry,Sample 7,UrbanPopgen_Plate24_7-11-23_data.csv,1,1.8368574647240185e-4,0,2.5298712350586884e-5,0.999791015541177,D,D,AC
nmfs_027,Sample 8_UrbanPopgen_Plate24_7-11-23_data.csv,Pseu,Miami urban,MacArthur North,21-Jan,Winter,Dry,Sample 8,UrbanPopgen_Plate24_7-11-23_data.csv,2,1,0,0,1,A,AD,""
nmfs_028,Sample 9_UrbanPopgen_Plate24_7-11-23_data.csv,Pseu,Miami urban,MacArthur North,21-Jan,Winter,Dry,Sample 9,UrbanPopgen_Plate24_7-11-23_data.csv,1,0.005807535938430031,0,0,0.9941924640615699,D,D,A
nmfs_029,Sample 10_UrbanPopgen_Plate24_7-11-23_data.csv,Pseu,Miami urban,MacArthur North,21-Jan,Winter,Dry,Sample 10,UrbanPopgen_Plate24_7-11-23_data.csv,0.9999999999999999,2.3586055441878804e-5,0,0,0.999976413944558,D,D,A
nmfs_030,Sample 11_UrbanPopgen_Plate24_7-11-23_data.csv,Pseu,Miami urban,MacArthur North,21-Jan,Winter,Dry,Sample 11,UrbanPopgen_Plate24_7-11-23_data.csv,1,0,0,0,1,D,D,""
UR1 rex2,Sample 1_UrbanPopgen_Plate25_7-11-23_data.csv,Pseu,Miami urban,MacArthur North,22-Jun,Summer,Wet,Sample 1,UrbanPopgen_Plate25_7-11-23_data.csv,1,1.0207793058492123e-5,0,0,0.9999897922069415,D,D,A
UR10 rex,Sample 2_UrbanPopgen_Plate25_7-11-23_data.csv,Pseu,Miami urban,MacArthur North,22-Jun,Summer,Wet,Sample 2,UrbanPopgen_Plate25_7-11-23_data.csv,1,0.0017087109132100725,0,6.357560569183657e-5,0.9982277134810981,D,D,AC
UR11 rex,Sample 3_UrbanPopgen_Plate25_7-11-23_data.csv,Pseu,Miami urban,MacArthur North,22-Jun,Summer,Wet,Sample 3,UrbanPopgen_Plate25_7-11-23_data.csv,1,0.0027425515585201617,0,0,0.9972574484414798,D,D,A
UR12 cc5,Sample 4_UrbanPopgen_Plate25_7-11-23_data.csv,Pseu,Miami urban,MacArthur North,22-Jun,Summer,Wet,Sample 4,UrbanPopgen_Plate25_7-11-23_data.csv,1,0.003506663744488567,0,0,0.9964933362555115,D,D,A
UR13 cc5,Sample 5_UrbanPopgen_Plate25_7-11-23_data.csv,Pseu,Miami urban,MacArthur North,22-Jun,Summer,Wet,Sample 5,UrbanPopgen_Plate25_7-11-23_data.csv,0.9999999999999999,0.0010066985912296168,0.00223762485160741,0,0.9967556765571629,D,D,AB
UR14 rex2,Sample 6_UrbanPopgen_Plate25_7-11-23_data.csv,Pseu,Miami urban,MacArthur North,22-Jun,Summer,Wet,Sample 6,UrbanPopgen_Plate25_7-11-23_data.csv,0.9999999999999999,0.002985437561302994,0,0,0.9970145624386969,D,D,A
UR15 rex,Sample 7_UrbanPopgen_Plate25_7-11-23_data.csv,Pseu,Miami urban,MacArthur North,22-Jun,Summer,Wet,Sample 7,UrbanPopgen_Plate25_7-11-23_data.csv,1,0.04814381169001308,0,0,0.9518561883099869,D,D,A
UR16 rex2,Sample 8_UrbanPopgen_Plate25_7-11-23_data.csv,Pseu,Miami urban,MacArthur North,22-Jun,Summer,Wet,Sample 8,UrbanPopgen_Plate25_7-11-23_data.csv,0,0,0,0,0,"","",""
UR17 rex,Sample 9_UrbanPopgen_Plate25_7-11-23_data.csv,Pseu,Miami urban,MacArthur North,22-Jun,Summer,Wet,Sample 9,UrbanPopgen_Plate25_7-11-23_data.csv,1,0,0.9999000391521178,2.624885501327066e-5,7.371199286906996e-5,B,B,CD
UR18 rex2,Sample 10_UrbanPopgen_Plate25_7-11-23_data.csv,Pseu,Miami urban,MacArthur North,22-Jun,Summer,Wet,Sample 10,UrbanPopgen_Plate25_7-11-23_data.csv,1,0,0,0,1,D,D,""
UR19 rex,Sample 11_UrbanPopgen_Plate25_7-11-23_data.csv,Pseu,Miami urban,MacArthur North,22-Jun,Summer,Wet,Sample 11,UrbanPopgen_Plate25_7-11-23_data.csv,1,0.0035912785566313728,0.00583973294860251,0,0.9905689884947662,D,D,AB
UR2 rex,Sample 12_UrbanPopgen_Plate25_7-11-23_data.csv,Pseu,Miami urban,MacArthur North,22-Jun,Summer,Wet,Sample 12,UrbanPopgen_Plate25_7-11-23_data.csv,0.9999999999999999,3.6988306685886214e-4,0.998322054209983,2.1909648455441233e-4,0.0010889662386036746,B,B,ACD
UR20,Sample 1_UrbanPopgen_Plate26_7-11-23_data.csv,Pseu,Miami urban,MacArthur North,22-Jun,Summer,Wet,Sample 1,UrbanPopgen_Plate26_7-11-23_data.csv,1,0.0032721377866374033,0.0047874752262064176,0,0.9919403869871563,D,D,AB
UR3 rex,Sample 2_UrbanPopgen_Plate26_7-11-23_data.csv,Pseu,Miami urban,MacArthur North,22-Jun,Summer,Wet,Sample 2,UrbanPopgen_Plate26_7-11-23_data.csv,1,1.11225901320203e-4,0.9998472048467715,0,4.156925190842803e-5,B,B,AD
UR4 rex,Sample 3_UrbanPopgen_Plate26_7-11-23_data.csv,Pseu,Miami urban,MacArthur North,22-Jun,Summer,Wet,Sample 3,UrbanPopgen_Plate26_7-11-23_data.csv,1,7.928075769738384e-4,0,0,0.9992071924230261,D,D,A
UR5 cc5,Sample 4_UrbanPopgen_Plate26_7-11-23_data.csv,Pseu,Miami urban,MacArthur North,22-Jun,Summer,Wet,Sample 4,UrbanPopgen_Plate26_7-11-23_data.csv,1,0,0,0,1,D,D,""
UR6 rex,Sample 5_UrbanPopgen_Plate26_7-11-23_data.csv,Pseu,Miami urban,MacArthur North,22-Jun,Summer,Wet,Sample 5,UrbanPopgen_Plate26_7-11-23_data.csv,1,0,0,0,1,D,D,""
UR7 rex,Sample 6_UrbanPopgen_Plate26_7-11-23_data.csv,Pseu,Miami urban,MacArthur North,22-Jun,Summer,Wet,Sample 6,UrbanPopgen_Plate26_7-11-23_data.csv,1,0,0,0,1,D,D,""
UR8 rex,Sample 7_UrbanPopgen_Plate26_7-11-23_data.csv,Pseu,Miami urban,MacArthur North,22-Jun,Summer,Wet,Sample 7,UrbanPopgen_Plate26_7-11-23_data.csv,1.0000000000000002,0.0032162896796788056,0,0,0.9967837103203213,D,D,A
UR9 rex,Sample 8_UrbanPopgen_Plate26_7-11-23_data.csv,Pseu,Miami urban,MacArthur North,22-Jun,Summer,Wet,Sample 8,UrbanPopgen_Plate26_7-11-23_data.csv,1.0000000000000002,0.009210757750825293,0.0031249926581385745,0,0.9876642495910363,D,D,AB
urban_116,Sample 9_UrbanPopgen_Plate26_7-11-23_data.csv,Pseu,Miami urban,MacArthur North,22-Oct,Fall,Wet,Sample 9,UrbanPopgen_Plate26_7-11-23_data.csv,0.9999999999999999,0.006161834503590874,0,0,0.993838165496409,D,D,A
urban_120,Sample 10_UrbanPopgen_Plate26_7-11-23_data.csv,Pseu,Miami urban,MacArthur North,22-Oct,Fall,Wet,Sample 10,UrbanPopgen_Plate26_7-11-23_data.csv,1.0000000000000002,0.00416343866804722,0.9952532506082201,0,5.833107237328093e-4,B,B,AD
urban_123,Sample 11_UrbanPopgen_Plate26_7-11-23_data.csv,Pseu,Miami urban,MacArthur North,22-Oct,Fall,Wet,Sample 11,UrbanPopgen_Plate26_7-11-23_data.csv,1,0.32653017151790864,0,0,0.6734698284820914,D,DA,""
urban_124,Sample 1_UrbanPopgen_Plate27_7-13-23_data.csv,Pseu,Miami urban,MacArthur North,22-Oct,Fall,Wet,Sample 1,UrbanPopgen_Plate27_7-13-23_data.csv,1,0.006592263494038269,0.0073385472077286155,0,0.9860691892982331,D,D,AB
urban_125,Sample 2_UrbanPopgen_Plate27_7-13-23_data.csv,Pseu,Miami urban,MacArthur North,22-Oct,Fall,Wet,Sample 2,UrbanPopgen_Plate27_7-13-23_data.csv,1,0.38149310806179454,0.0023286402086884596,9.029903023201174e-5,0.616087952699285,D,DA,BC
urban_126,Sample 3_UrbanPopgen_Plate27_7-13-23_data.csv,Pseu,Miami urban,MacArthur North,22-Oct,Fall,Wet,Sample 3,UrbanPopgen_Plate27_7-13-23_data.csv,0.9999999999999999,0.003231361013891039,0.9950613913318406,3.1037482340677834e-4,0.0013968728308615657,B,B,ACD
urban_127,Sample 4_UrbanPopgen_Plate27_7-13-23_data.csv,Pseu,Miami urban,MacArthur North,22-Oct,Fall,Wet,Sample 4,UrbanPopgen_Plate27_7-13-23_data.csv,1,0.5404086615768722,0,0,0.45959133842312794,A,AD,""
urban_129,Sample 5_UrbanPopgen_Plate27_7-13-23_data.csv,Pseu,Miami urban,MacArthur North,22-Oct,Fall,Wet,Sample 5,UrbanPopgen_Plate27_7-13-23_data.csv,0.9999999999999999,0.005665101124993177,0.9913187311966324,0,0.0030161676783743044,B,B,AD
urban_181,Sample 6_UrbanPopgen_Plate27_7-13-23_data.csv,Pseu,Miami urban,MacArthur North,23-Jan,Winter,Dry,Sample 6,UrbanPopgen_Plate27_7-13-23_data.csv,1,0.004140388667933554,0.9956760823947066,1.8352893735986e-4,0,B,B,AC
urban_183,Sample 7_UrbanPopgen_Plate27_7-13-23_data.csv,Pseu,Miami urban,MacArthur North,23-Jan,Winter,Dry,Sample 7,UrbanPopgen_Plate27_7-13-23_data.csv,1,0.001132463307265214,0.9939336467252501,0.004933889967484738,0,B,B,AC
urban_185,Sample 8_UrbanPopgen_Plate27_7-13-23_data.csv,Pseu,Miami urban,MacArthur North,23-Jan,Winter,Dry,Sample 8,UrbanPopgen_Plate27_7-13-23_data.csv,1.0000000000000002,0.0014400215623239948,0.9984503032032707,8.47595377191047e-6,1.0119928063350582e-4,B,B,ACD
urban_186,Sample 9_UrbanPopgen_Plate27_7-13-23_data.csv,Pseu,Miami urban,MacArthur North,23-Jan,Winter,Dry,Sample 9,UrbanPopgen_Plate27_7-13-23_data.csv,1,0.005894090150860385,0.993986352417338,1.1955743180160944e-4,0,B,B,AC
urban_187,Sample 10_UrbanPopgen_Plate27_7-13-23_data.csv,Pseu,Miami urban,MacArthur North,23-Jan,Winter,Dry,Sample 10,UrbanPopgen_Plate27_7-13-23_data.csv,1,0.00156667221901394,0.01195145553351821,0,0.9864818722474679,D,D,AB
urban_188,Sample 11_UrbanPopgen_Plate27_7-13-23_data.csv,Pseu,Miami urban,MacArthur North,23-Jan,Winter,Dry,Sample 11,UrbanPopgen_Plate27_7-13-23_data.csv,1,2.2799161283022193e-4,0.9996151275653303,0,1.5688082183939328e-4,B,B,AD
UR21,Sample 12_UrbanPopgen_Plate27_7-13-23_data.csv,Pseu,Miami urban,Star Island,22-Jun,Summer,Wet,Sample 12,UrbanPopgen_Plate27_7-13-23_data.csv,2,1,0.021669007583062484,0,0.9783309924169376,A,AD,B
UR22 rex2,Sample 1_UrbanPopgen_Plate28_7-13-23_data.csv,Pseu,Miami urban,Star Island,22-Jun,Summer,Wet,Sample 1,UrbanPopgen_Plate28_7-13-23_data.csv,1,0.008884585939771646,0.11975425717768268,0,0.8713611568825457,D,DB,A
UR23 rex2,Sample 2_UrbanPopgen_Plate28_7-13-23_data.csv,Pseu,Miami urban,Star Island,22-Jun,Summer,Wet,Sample 2,UrbanPopgen_Plate28_7-13-23_data.csv,2,0.17026791812674102,0.829732081873259,1,0,C,CAB,""
UR24,Sample 3_UrbanPopgen_Plate28_7-13-23_data.csv,Pseu,Miami urban,Star Island,22-Jun,Summer,Wet,Sample 3,UrbanPopgen_Plate28_7-13-23_data.csv,1,0.0026918225079184746,0.9965752306387511,0,7.329468533305285e-4,B,B,AD
UR25 rex,Sample 4_UrbanPopgen_Plate28_7-13-23_data.csv,Pseu,Miami urban,Star Island,22-Jun,Summer,Wet,Sample 4,UrbanPopgen_Plate28_7-13-23_data.csv,2,1,0.9999951384880941,4.861511905942403e-6,0,A,AB,C
UR26 rex2,Sample 5_UrbanPopgen_Plate28_7-13-23_data.csv,Pseu,Miami urban,Star Island,22-Jun,Summer,Wet,Sample 5,UrbanPopgen_Plate28_7-13-23_data.csv,1,0,0,0,1,D,D,""
UR27 rex,Sample 6_UrbanPopgen_Plate28_7-13-23_data.csv,Pseu,Miami urban,Star Island,22-Jun,Summer,Wet,Sample 6,UrbanPopgen_Plate28_7-13-23_data.csv,1,0.006274323724609749,7.800188931453494e-4,0,0.9929456573822449,D,D,AB
UR28 rex,Sample 7_UrbanPopgen_Plate28_7-13-23_data.csv,Pseu,Miami urban,Star Island,22-Jun,Summer,Wet,Sample 7,UrbanPopgen_Plate28_7-13-23_data.csv,1,0,0.19814529291226166,0,0.8018547070877383,D,DB,""
UR29,Sample 8_UrbanPopgen_Plate28_7-13-23_data.csv,Pseu,Miami urban,Star Island,22-Jun,Summer,Wet,Sample 8,UrbanPopgen_Plate28_7-13-23_data.csv,0.9999999999999999,0.0016292857820364103,0,0,0.9983707142179635,D,D,A
UR30,Sample 9_UrbanPopgen_Plate28_7-13-23_data.csv,Pseu,Miami urban,Star Island,22-Jun,Summer,Wet,Sample 9,UrbanPopgen_Plate28_7-13-23_data.csv,1,0,0,0,1,D,D,""
urban_003,Sample 10_UrbanPopgen_Plate28_7-13-23_data.csv,Pseu,Miami urban,Star Island,22-Jul,Summer,Wet,Sample 10,UrbanPopgen_Plate28_7-13-23_data.csv,1,1.3147309325327972e-4,0.9996548587902884,1.1153415392340428e-4,1.0213396253500972e-4,B,B,ACD
urban_004,Sample 11_UrbanPopgen_Plate28_7-13-23_data.csv,Pseu,Miami urban,Star Island,22-Jul,Summer,Wet,Sample 11,UrbanPopgen_Plate28_7-13-23_data.csv,1,0.010754138562429736,0.1350222721531486,7.867563815105508e-4,0.8534368329029112,D,DB,AC
urban_007,Sample 1_UrbanPopgen_Plate29_7-13-23_data.csv,Pseu,Miami urban,Star Island,22-Jul,Summer,Wet,Sample 1,UrbanPopgen_Plate29_7-13-23_data.csv,2,0.0044132887499893254,0.9955867112500106,1,0,C,CB,A
urban_008,Sample 2_UrbanPopgen_Plate29_7-13-23_data.csv,Pseu,Miami urban,Star Island,22-Jul,Summer,Wet,Sample 2,UrbanPopgen_Plate29_7-13-23_data.csv,1,0.014701706354766827,0.9599630079603554,0,0.02533528568487772,B,B,AD
urban_011,Sample 3_UrbanPopgen_Plate29_7-13-23_data.csv,Pseu,Miami urban,Star Island,22-Jul,Summer,Wet,Sample 3,UrbanPopgen_Plate29_7-13-23_data.csv,1,0.0032175400965341046,0.9940770608861225,1.7984513983655512e-5,0.002687414503359824,B,B,ACD
urban_014,Sample 4_UrbanPopgen_Plate29_7-13-23_data.csv,Pseu,Miami urban,Star Island,22-Jul,Summer,Wet,Sample 4,UrbanPopgen_Plate29_7-13-23_data.csv,2,0,0.9993252464174391,1,6.74753582560779e-4,C,CB,D
urban_018,Sample 5_UrbanPopgen_Plate29_7-13-23_data.csv,Pseu,Miami urban,Star Island,22-Jul,Summer,Wet,Sample 5,UrbanPopgen_Plate29_7-13-23_data.csv,1,0.10662255341371336,0,3.47980850806611e-4,0.89302946573548,D,DA,C
urban_022,Sample 6_UrbanPopgen_Plate29_7-13-23_data.csv,Pseu,Miami urban,Star Island,22-Jul,Summer,Wet,Sample 6,UrbanPopgen_Plate29_7-13-23_data.csv,2,0.342593586395188,0.6549173561388196,1,0.002489057465992343,C,CAB,D
urban_023,Sample 7_UrbanPopgen_Plate29_7-13-23_data.csv,Pseu,Miami urban,Star Island,22-Jul,Summer,Wet,Sample 7,UrbanPopgen_Plate29_7-13-23_data.csv,1,0.036430353460249046,0.9242637936424462,0.001280173529445973,0.03802567936785881,B,B,ACD
urban_026,Sample 8_UrbanPopgen_Plate29_7-13-23_data.csv,Pseu,Miami urban,Star Island,22-Jul,Summer,Wet,Sample 8,UrbanPopgen_Plate29_7-13-23_data.csv,1,9.841143758397173e-4,0.009408457499193019,0,0.9896074281249673,D,D,AB
urban_027,Sample 9_UrbanPopgen_Plate29_7-13-23_data.csv,Pseu,Miami urban,Star Island,22-Jul,Summer,Wet,Sample 9,UrbanPopgen_Plate29_7-13-23_data.csv,2,0.3493341887674465,0.6464368384967178,1,0.004228972735835714,C,CAB,D
urban_029,Sample 10_UrbanPopgen_Plate29_7-13-23_data.csv,Pseu,Miami urban,Star Island,22-Jul,Summer,Wet,Sample 10,UrbanPopgen_Plate29_7-13-23_data.csv,2,2.4360827640879063e-4,1,0,0.9997563917235913,B,BD,A
urban_032,Sample 11_UrbanPopgen_Plate29_7-13-23_data.csv,Pseu,Miami urban,Star Island,22-Jul,Summer,Wet,Sample 11,UrbanPopgen_Plate29_7-13-23_data.csv,1,0.002955093437536132,0.9970449065624639,0,0,B,B,A
urban_033,Sample 12_UrbanPopgen_Plate29_7-13-23_data.csv,Pseu,Miami urban,Star Island,22-Jul,Summer,Wet,Sample 12,UrbanPopgen_Plate29_7-13-23_data.csv,1,0.002564360053957071,0.9965976224580305,8.380174880123656e-4,0,B,B,AC
urban_034,Sample 1_UrbanPopgen_Plate30_7-13-23_data.csv,Pseu,Miami urban,Star Island,22-Jul,Summer,Wet,Sample 1,UrbanPopgen_Plate30_7-13-23_data.csv,0.9999999999999999,0.0015377700181843494,0.0034353031548764196,0,0.9950269268269392,D,D,AB
urban_035,Sample 2_UrbanPopgen_Plate30_7-13-23_data.csv,Pseu,Miami urban,Star Island,22-Jul,Summer,Wet,Sample 2,UrbanPopgen_Plate30_7-13-23_data.csv,1,0.02810502213301722,0.29021102495113754,0,0.6816839529158453,D,DB,A
urban_036,Sample 3_UrbanPopgen_Plate30_7-13-23_data.csv,Pseu,Miami urban,Star Island,22-Jul,Summer,Wet,Sample 3,UrbanPopgen_Plate30_7-13-23_data.csv,1.0000000000000002,0.010737175456058318,0.9891673676393219,9.54569046199031e-5,0,B,B,AC
urban_037,Sample 4_UrbanPopgen_Plate30_7-13-23_data.csv,Pseu,Miami urban,Star Island,22-Jul,Summer,Wet,Sample 4,UrbanPopgen_Plate30_7-13-23_data.csv,1,0.068587071410793,0.9260713696500942,1.96464368074646e-5,0.005321912502305259,B,B,ACD
urban_038,Sample 5_UrbanPopgen_Plate30_7-13-23_data.csv,Pseu,Miami urban,Star Island,22-Jul,Summer,Wet,Sample 5,UrbanPopgen_Plate30_7-13-23_data.csv,1,0.021837515282333117,0.9781624847176669,0,0,B,B,A
urban_039,Sample 6_UrbanPopgen_Plate30_7-13-23_data.csv,Pseu,Miami urban,Star Island,22-Jul,Summer,Wet,Sample 6,UrbanPopgen_Plate30_7-13-23_data.csv,1,0.03388175967492676,0.963902367905347,0,0.002215872419726269,B,B,AD
urban_040,Sample 7_UrbanPopgen_Plate30_7-13-23_data.csv,Pseu,Miami urban,Star Island,22-Jul,Summer,Wet,Sample 7,UrbanPopgen_Plate30_7-13-23_data.csv,1,0.20054649252333578,0.7994535074766642,0,0,B,BA,""
P1,Sample 8_UrbanPopgen_Plate30_7-13-23_data.csv,Pseu,Miami urban,Star Island,22-Oct,Fall,Wet,Sample 8,UrbanPopgen_Plate30_7-13-23_data.csv,1,0.019273070042004393,0.9780068032753989,3.996705967881598e-4,0.002320456085808532,B,B,ACD
urban_139,Sample 9_UrbanPopgen_Plate30_7-13-23_data.csv,Pseu,Miami urban,Star Island,22-Oct,Fall,Wet,Sample 9,UrbanPopgen_Plate30_7-13-23_data.csv,1,0.006182607668922193,0,0,0.9938173923310779,D,D,A
urban_148 rex,Sample 10_UrbanPopgen_Plate30_7-13-23_data.csv,Pseu,Miami urban,Star Island,22-Oct,Fall,Wet,Sample 10,UrbanPopgen_Plate30_7-13-23_data.csv,0.9999999999999999,0.010150573170324681,0.9852567174378388,2.2186521975247084e-5,0.004570522869861199,B,B,ACD
urban_152,Sample 11_UrbanPopgen_Plate30_7-13-23_data.csv,Pseu,Miami urban,Star Island,22-Oct,Fall,Wet,Sample 11,UrbanPopgen_Plate30_7-13-23_data.csv,1,0.0023037632839554944,0.11868736845683453,0,0.87900886825921,D,DB,A
urban_155,Sample 1_UrbanPopgen_Plate31_7-13-23_data.csv,Pseu,Miami urban,Star Island,22-Oct,Fall,Wet,Sample 1,UrbanPopgen_Plate31_7-13-23_data.csv,1,0.280918978530875,0.012951699835879025,0,0.7061293216332459,D,DA,B
urban_161 rex,Sample 2_UrbanPopgen_Plate31_7-13-23_data.csv,Pseu,Miami urban,Star Island,22-Oct,Fall,Wet,Sample 2,UrbanPopgen_Plate31_7-13-23_data.csv,1,0,0.003600125278040576,0,0.9963998747219595,D,D,B
urban_193,Sample 3_UrbanPopgen_Plate31_7-13-23_data.csv,Mcav,Miami urban,MacArthur North,23-Jan,Winter,Dry,Sample 3,UrbanPopgen_Plate31_7-13-23_data.csv,1,0.28367760641688033,0,0,0.7163223935831197,D,DA,""
urban_209,Sample 4_UrbanPopgen_Plate31_7-13-23_data.csv,Mcav,Miami urban,MacArthur North,23-Jan,Winter,Dry,Sample 4,UrbanPopgen_Plate31_7-13-23_data.csv,1,0.2729571405379064,0,0,0.7270428594620936,D,DA,""
urban_210,Sample 5_UrbanPopgen_Plate31_7-13-23_data.csv,Mcav,Miami urban,MacArthur North,23-Jan,Winter,Dry,Sample 5,UrbanPopgen_Plate31_7-13-23_data.csv,2,0.36656861668756124,0,1,0.6334313833124389,C,CAD,""
urban_012,Sample 6_UrbanPopgen_Plate31_7-13-23_data.csv,Mcav,Miami urban,Star Island,22-Jul,Summer,Wet,Sample 6,UrbanPopgen_Plate31_7-13-23_data.csv,1,0.19567067639111488,0,0,0.8043293236088851,D,DA,""
urban_072,Sample 7_UrbanPopgen_Plate31_7-13-23_data.csv,Mcav,Miami urban,Star Island,22-Sep,Fall,Wet,Sample 7,UrbanPopgen_Plate31_7-13-23_data.csv,0.9999999999999999,0.23183649800556172,0,1.484985241142303e-5,0.7681486521420268,D,DA,C
urban_073,Sample 8_UrbanPopgen_Plate31_7-13-23_data.csv,Mcav,Miami urban,Star Island,22-Sep,Fall,Wet,Sample 8,UrbanPopgen_Plate31_7-13-23_data.csv,1,0.13699508315503814,0,1.265665295042211e-5,0.8629922601920115,D,DA,C
urban_075,Sample 9_UrbanPopgen_Plate31_7-13-23_data.csv,Mcav,Miami urban,Star Island,22-Sep,Fall,Wet,Sample 9,UrbanPopgen_Plate31_7-13-23_data.csv,1,0.28529137793269094,0,4.7559365286679895e-5,0.7146610627020223,D,DA,C
M2,Sample 10_UrbanPopgen_Plate31_7-13-23_data.csv,Mcav,Miami urban,Star Island,22-Oct,Fall,Wet,Sample 10,UrbanPopgen_Plate31_7-13-23_data.csv,1,0.33574388647263065,0,0,0.6642561135273694,D,DA,""
urban_097,Sample 11_UrbanPopgen_Plate31_7-13-23_data.csv,Ofav,Miami offshore,Rainbow Reef,22-Oct,Fall,Wet,Sample 11,UrbanPopgen_Plate31_7-13-23_data.csv,1,0.563415739235089,0.01965735888702317,9.319540513034681e-4,0.41599494782658436,A,AD,BC
OS16 rex,Sample 12_UrbanPopgen_Plate31_7-13-23_data.csv,Pseu,Miami offshore,Rainbow Reef,22-Jun,Summer,Wet,Sample 12,UrbanPopgen_Plate31_7-13-23_data.csv,1,0.008795893902268178,0.9912041060977318,0,0,B,B,A
urban_087,Sample 1_UrbanPopgen_Plate32_7-13-23_data.csv,Ofav,Miami offshore,Emerald Reef,22-Oct,Fall,Wet,Sample 1,UrbanPopgen_Plate32_7-13-23_data.csv,1,0,0.42362275577244646,0,0.5763772442275535,D,DB,""
urban_088,Sample 2_UrbanPopgen_Plate32_7-13-23_data.csv,Ofav,Miami offshore,Emerald Reef,22-Oct,Fall,Wet,Sample 2,UrbanPopgen_Plate32_7-13-23_data.csv,0.9999999999999999,0.009226076511330393,0.99077392348866955,0,0,B,B,A
urban_089,Sample 3_UrbanPopgen_Plate32_7-13-23_data.csv,Ofav,Miami offshore,Emerald Reef,22-Oct,Fall,Wet,Sample 3,UrbanPopgen_Plate32_7-13-23_data.csv,1,0.19611642027179024,0.7932901715131736,2.1338281521558086e-4,0.010380025399820584,B,BA,CD
urban_158b,Sample 4_UrbanPopgen_Plate32_7-13-23_data.csv,Ofav,Miami offshore,Emerald Reef,23-Jan,Winter,Dry,Sample 4,UrbanPopgen_Plate32_7-13-23_data.csv,1,0.012262905838354175,0.5331277246021987,1.1702663635875683e-4,0.4544923429230883,B,BD,AC
urban_159b,Sample 5_UrbanPopgen_Plate32_7-13-23_data.csv,Ofav,Miami offshore,Emerald Reef,23-Jan,Winter,Dry,Sample 5,UrbanPopgen_Plate32_7-13-23_data.csv,2,0.36296996417129956,0.6357671816332805,1,0.0012628541954199167,C,CAB,D
urban_161b,Sample 6_UrbanPopgen_Plate32_7-13-23_data.csv,Ofav,Miami offshore,Emerald Reef,23-Jan,Winter,Dry,Sample 6,UrbanPopgen_Plate32_7-13-23_data.csv,1,0.006616686280009596,0.09149208554739881,0,0.9018912281725916,D,D,AB
urban_163b,Sample 7_UrbanPopgen_Plate32_7-13-23_data.csv,Ofav,Miami offshore,Emerald Reef,23-Jan,Winter,Dry,Sample 7,UrbanPopgen_Plate32_7-13-23_data.csv,1,0.018629968793461724,0.014645907701373133,2.7278272492205722e-5,0.966696845232673,D,D,ABC
urban_166,Sample 8_UrbanPopgen_Plate32_7-13-23_data.csv,Ofav,Miami offshore,Emerald Reef,23-Jan,Winter,Dry,Sample 8,UrbanPopgen_Plate32_7-13-23_data.csv,1,0,1,0,0,B,B,""
nmfs_001 cc5,Sample 9_UrbanPopgen_Plate32_7-13-23_data.csv,Ofav,Miami offshore,Rainbow Reef,21-Jan,Winter,Dry,Sample 9,UrbanPopgen_Plate32_7-13-23_data.csv,1,0.0013799772100883127,0.12856903653529456,0,0.8700509862546172,D,DB,A
nmfs_002,Sample 10_UrbanPopgen_Plate32_7-13-23_data.csv,Ofav,Miami offshore,Rainbow Reef,21-Jan,Winter,Dry,Sample 10,UrbanPopgen_Plate32_7-13-23_data.csv,1,0.0065445857936235995,0.7506710540776931,0,0.2427843601286833,B,BD,A
nmfs_003,Sample 11_UrbanPopgen_Plate32_7-13-23_data.csv,Ofav,Miami offshore,Rainbow Reef,21-Jan,Winter,Dry,Sample 11,UrbanPopgen_Plate32_7-13-23_data.csv,1,0.0012997849590817814,0.24866333499714105,0.49274913174455737,0.25728774829921985,"",BCD,A
nmfs_004,Sample 12_UrbanPopgen_Plate32_7-13-23_data.csv,Ofav,Miami offshore,Rainbow Reef,21-Jan,Winter,Dry,Sample 12,UrbanPopgen_Plate32_7-13-23_data.csv,1,0,0.47935857938264853,0,0.5206414206173514,D,DB,""
OS3 rex2,Sample 1_UrbanPopgen_Plate33_7-17-23_data.csv,Dlab,Miami offshore,Emerald Reef,22-Jun,Summer,Wet,Sample 1,UrbanPopgen_Plate33_7-17-23_data.csv,1,0.7702704665973584,0.22972953340264154,0,0,A,AB,""
OS4 rex2,Sample 2_UrbanPopgen_Plate33_7-17-23_data.csv,Dlab,Miami offshore,Emerald Reef,22-Jun,Summer,Wet,Sample 2,UrbanPopgen_Plate33_7-17-23_data.csv,1,0.010751940819471298,0,4.4532792081800775e-4,0.9888027312597107,D,D,AC
urban_326,Sample 3_UrbanPopgen_Plate33_7-17-23_data.csv,Dlab,Miami offshore,Emerald Reef,23-Jun,Summer,Wet,Sample 3,UrbanPopgen_Plate33_7-17-23_data.csv,1.9999999999999998,0.02445102401567667,1,0.9111161408102776,0.06443283517404572,B,BC,AD
urban_307,Sample 4_UrbanPopgen_Plate33_7-17-23_data.csv,Dlab,Miami offshore,Rainbow Reef,23-Jun,Summer,Wet,Sample 4,UrbanPopgen_Plate33_7-17-23_data.csv,3,1,1,0.15729100953975078,0.8427089904602492,A,ABCD,""
urban_308,Sample 5_UrbanPopgen_Plate33_7-17-23_data.csv,Dlab,Miami offshore,Rainbow Reef,23-Jun,Summer,Wet,Sample 5,UrbanPopgen_Plate33_7-17-23_data.csv,1,0.9984418420912038,0.0013879459926382646,0,1.7021191615801306e-4,A,A,BD
urban_309,Sample 6_UrbanPopgen_Plate33_7-17-23_data.csv,Dlab,Miami offshore,Rainbow Reef,23-Jun,Summer,Wet,Sample 6,UrbanPopgen_Plate33_7-17-23_data.csv,1,0.9947552658997285,0.005244734100271451,0,0,A,A,B
urban_310,Sample 7_UrbanPopgen_Plate33_7-17-23_data.csv,Dlab,Miami offshore,Rainbow Reef,23-Jun,Summer,Wet,Sample 7,UrbanPopgen_Plate33_7-17-23_data.csv,1,0,0.9994536576219527,5.463423780472474e-4,0,B,B,C
urban_318,Sample 8_UrbanPopgen_Plate33_7-17-23_data.csv,Dlab,Miami offshore,Rainbow Reef,23-Jun,Summer,Wet,Sample 8,UrbanPopgen_Plate33_7-17-23_data.csv,2,2.885496770155537e-4,1,4.019937291752748e-4,0.9993094565938093,B,BD,AC
urban_320,Sample 9_UrbanPopgen_Plate33_7-17-23_data.csv,Dlab,Miami offshore,Rainbow Reef,23-Jun,Summer,Wet,Sample 9,UrbanPopgen_Plate33_7-17-23_data.csv,1,0.0011390283811018804,0.09594963189342198,0,0.9029113397254762,D,D,AB
urban_213,Sample 10_UrbanPopgen_Plate33_7-17-23_data.csv,Dlab,Miami urban,Belle Isle,23-Apr,Spring,Dry,Sample 10,UrbanPopgen_Plate33_7-17-23_data.csv,1,0,0,0,1,D,D,""
urban_214,Sample 11_UrbanPopgen_Plate33_7-17-23_data.csv,Dlab,Miami urban,Belle Isle,23-Apr,Spring,Dry,Sample 11,UrbanPopgen_Plate33_7-17-23_data.csv,1,0.7181010691565574,0,0,0.28189893084344264,A,AD,""
urban_222,Sample 12_UrbanPopgen_Plate33_7-17-23_data.csv,Dlab,Miami urban,Belle Isle,23-Apr,Spring,Dry,Sample 12,UrbanPopgen_Plate33_7-17-23_data.csv,1,0,0,0,1,D,D,""
urban_224,Sample 1_UrbanPopgen_Plate34_7-17-23_data.csv,Dlab,Miami urban,Belle Isle,23-Apr,Spring,Dry,Sample 1,UrbanPopgen_Plate34_7-17-23_data.csv,2,0.048777337184615556,1,0,0.9512226628153844,B,BD,A
urban_226,Sample 2_UrbanPopgen_Plate34_7-17-23_data.csv,Dlab,Miami urban,Belle Isle,23-Apr,Spring,Dry,Sample 2,UrbanPopgen_Plate34_7-17-23_data.csv,1,0.0326497874842535,0,0,0.9673502125157466,D,D,A
urban_231,Sample 3_UrbanPopgen_Plate34_7-17-23_data.csv,Dlab,Miami urban,Belle Isle,23-Apr,Spring,Dry,Sample 3,UrbanPopgen_Plate34_7-17-23_data.csv,0.9999999999999999,1.0426706911329007e-4,0,0,0.9998957329308866,D,D,A
urban_240,Sample 4_UrbanPopgen_Plate34_7-17-23_data.csv,Dlab,Miami urban,Belle Isle,23-Apr,Spring,Dry,Sample 4,UrbanPopgen_Plate34_7-17-23_data.csv,1,0.002798874251382663,0,0,0.9972011257486173,D,D,A
urban_243,Sample 5_UrbanPopgen_Plate34_7-17-23_data.csv,Dlab,Miami urban,Belle Isle,23-Apr,Spring,Dry,Sample 5,UrbanPopgen_Plate34_7-17-23_data.csv,1,0.0017170996399143872,0,0,0.9982829003600856,D,D,A
urban_331,Sample 6_UrbanPopgen_Plate34_7-17-23_data.csv,Dlab,Miami offshore,Emerald Reef,23-Jul,Summer,Wet,Sample 6,UrbanPopgen_Plate34_7-17-23_data.csv,1,0,0,0,1,D,D,""
urban_332,Sample 7_UrbanPopgen_Plate34_7-17-23_data.csv,Dlab,Miami offshore,Emerald Reef,23-Jul,Summer,Wet,Sample 7,UrbanPopgen_Plate34_7-17-23_data.csv,2,1,0,0.9781009046705893,0.021899095329410746,A,AC,D
urban_333,Sample 8_UrbanPopgen_Plate34_7-17-23_data.csv,Dlab,Miami offshore,Emerald Reef,23-Jul,Summer,Wet,Sample 8,UrbanPopgen_Plate34_7-17-23_data.csv,2,1,0,0,1,A,AD,""
urban_334,Sample 9_UrbanPopgen_Plate34_7-17-23_data.csv,Dlab,Miami offshore,Emerald Reef,23-Jul,Summer,Wet,Sample 9,UrbanPopgen_Plate34_7-17-23_data.csv,1,0,0,0,1,D,D,""
urban_335,Sample 10_UrbanPopgen_Plate34_7-17-23_data.csv,Dlab,Miami offshore,Emerald Reef,23-Jul,Summer,Wet,Sample 10,UrbanPopgen_Plate34_7-17-23_data.csv,2,1,1,0,0,A,AB,""
urban_222,Sample 11_UrbanPopgen_Plate34_7-17-23_data.csv,Dlab,Miami urban,Belle Isle,23-Apr,Spring,Dry,Sample 11,UrbanPopgen_Plate34_7-17-23_data.csv,1,0.08517416060834367,0,0,0.9148258393916564,D,D,A
