,violation,Sample.Name,File.Name,A.CT.mean,B.CT.mean,C.CT.mean,D.CT.mean,A.CT.sd,B.CT.sd,C.CT.sd,D.CT.sd,A.reps,B.reps,C.reps,D.reps,A.B,A.C,A.D,B.A,B.C,B.D,C.A,C.B,C.D,D.A,D.B,D.C,Sample.Plate,ID,Species,Region,Site,CollectionDate,Season,Rain,propA,propB,propC,propD,dom,background,totalSym,redo
2,reps,Sample 11,UrbanPopgen_Plate11_7-6-23_data.csv,28.12927819,NA,39.6047554,22.42349911,0.18051799,NA,NA,0.304354195,2,0,1,2,0,0,0.006386576,0,0,0,0,0,0,156.57842,0,0,Sample 11_UrbanPopgen_Plate11_7-6-23_data.csv,urban_251,Cnat,Miami urban,Belle Isle,23-Apr,Spring,Dry,0.006346047,0,0,0.993653953,D,A,1,n
3,reps,Sample 12,UrbanPopgen_Plate11_7-6-23_data.csv,34.33860398,NA,NA,23.56087971,2.268657631,NA,NA,0.028132519,2,0,0,2,0,0,0.000189872,0,0,0,0,0,0,5266.711691,0,0,Sample 12_UrbanPopgen_Plate11_7-6-23_data.csv,urban_252,Cnat,Miami urban,Belle Isle,23-Apr,Spring,Dry,0,0,0,1,D,,1,n
4,reps,Sample 8,UrbanPopgen_Plate11_7-6-23_data.csv,30.32711697,32.7084465,32.68205261,21.49508953,1.340058037,NA,NA,0.332212922,2,1,1,2,0,0,0.000731431,0,0,0,0,0,0,1367.182325,0,0,Sample 8_UrbanPopgen_Plate11_7-6-23_data.csv,urban_085,Cnat,Miami reef,Emerald Reef,22-Oct,Fall,Wet,0.000731,0,0,0.999269103,D,A,1,n
5,reps,Sample 9,UrbanPopgen_Plate11_7-6-23_data.csv,21.44980717,18.79780007,34.80148315,NA,0.032510394,0.029779272,NA,NA,2,2,1,0,0.01767762,0,0,56.56869979,0,0,0,0,0,0,0,0,Sample 9_UrbanPopgen_Plate11_7-6-23_data.csv,urban_098,Cnat,Miami reef,Rainbow Reef,22-Oct,Fall,Wet,0.01737055,0.98262945,0,0,B,A,1,n
6,reps,Sample 1,UrbanPopgen_Plate12_7-6-23_data.csv,33.38740731,NA,NA,24.21420288,0.772435069,NA,NA,0.42416588,2,0,0,2,0,0,0.00057739,0,0,0,0,0,0,1731.932425,0,0,Sample 1_UrbanPopgen_Plate12_7-6-23_data.csv,urban_253,Cnat,Miami urban,Belle Isle,23-Apr,Spring,Dry,0.000577,0,0,0.999422943,D,A,1,n
7,reps,Sample 10,UrbanPopgen_Plate12_7-6-23_data.csv,31.75054551,NA,NA,22.30871678,0.046325118,NA,NA,0.07931295,2,0,0,2,0,0,0.000479297,0,0,0,0,0,0,2086.387232,0,0,Sample 10_UrbanPopgen_Plate12_7-6-23_data.csv,urban_264,Cnat,Miami urban,Belle Isle,23-Apr,Spring,Dry,0.000479,0,0,0.999520932,D,A,1,n
8,reps,Sample 11,UrbanPopgen_Plate12_7-6-23_data.csv,28.58143998,NA,NA,24.53597355,0.568212349,NA,NA,0.1377332,2,0,0,2,0,0,0.02018701,0,0,0,0,0,0,49.53680533,0,0,Sample 11_UrbanPopgen_Plate12_7-6-23_data.csv,urban_265,Cnat,Miami urban,Belle Isle,23-Apr,Spring,Dry,0.019787559,0,0,0.980212441,D,A,1,n
9,reps,Sample 2,UrbanPopgen_Plate12_7-6-23_data.csv,28.57002449,NA,NA,23.88354683,0.857314109,NA,NA,0.072123039,2,0,0,2,0,0,0.012945189,0,0,0,0,0,0,77.24877557,0,0,Sample 2_UrbanPopgen_Plate12_7-6-23_data.csv,urban_254,Cnat,Miami urban,Belle Isle,23-Apr,Spring,Dry,0.012779753,0,0,0.987220247,D,A,1,n
11,reps,Sample 4,UrbanPopgen_Plate12_7-6-23_data.csv,30.1066227,NA,NA,21.7423153,0.17647189,NA,NA,0.087905514,2,0,0,2,0,0,0.001011513,0,0,0,0,0,0,988.6183712,0,0,Sample 4_UrbanPopgen_Plate12_7-6-23_data.csv,urban_257,Cnat,Miami urban,Belle Isle,23-Apr,Spring,Dry,0.001010491,0,0,0.998989509,D,A,1,n
12,reps,Sample 5,UrbanPopgen_Plate12_7-6-23_data.csv,30.43907834,39.62171936,NA,20.06296539,0.157559082,NA,NA,0.319134586,2,1,0,2,0,0,0.000250817,0,0,0,0,0,0,3986.965609,0,0,Sample 5_UrbanPopgen_Plate12_7-6-23_data.csv,urban_258,Cnat,Miami urban,Belle Isle,23-Apr,Spring,Dry,0.000251,0,0,0.999749246,D,A,1,n
15,reps,Sample 8,UrbanPopgen_Plate12_7-6-23_data.csv,32.92167187,32.70606995,29.8452425,22.52977371,2.879808516,NA,0.090294057,0.265704523,2,1,2,2,0,0.302961754,0.000248088,0,0,0,3.300746666,0,0.000818876,4030.828427,0,1221.186851,Sample 8_UrbanPopgen_Plate12_7-6-23_data.csv,urban_262,Cnat,Miami urban,Belle Isle,23-Apr,Spring,Dry,0,0,0.000818,0.999181795,D,C,1,n
16,reps,Sample 9,UrbanPopgen_Plate12_7-6-23_data.csv,30.12392998,NA,39.96537399,21.86378765,0.409405719,NA,NA,0.016865487,2,0,1,2,0,0,0.001087247,0,0,0,0,0,0,919.7543796,0,0,Sample 9_UrbanPopgen_Plate12_7-6-23_data.csv,urban_263,Cnat,Miami urban,Belle Isle,23-Apr,Spring,Dry,0.001086066,0,0,0.998913934,D,A,1,n
17,reps,Sample 1,UrbanPopgen_Plate13_7-6-23_data.csv,31.81755066,NA,32.79711342,24.76049614,0.775771757,NA,0.114981997,0.384063662,2,0,2,2,0,5.039217459,0.002503189,0,0,0,0.19844351,0,0.000496742,399.490399,0,2013.118993,Sample 1_UrbanPopgen_Plate13_7-6-23_data.csv,urban_266,Cnat,Miami urban,Belle Isle,23-Apr,Spring,Dry,0.002495702,0,0.000495,0.997009042,D,AC,1,n
18,reps,Sample 10,UrbanPopgen_Plate13_7-6-23_data.csv,26.72594357,33.21519852,30.4431696,21.97019577,0.206411661,NA,0.41493943,0.413753931,2,1,2,2,0,33.61103316,0.012338319,0,0,0,0.029752135,0,0.000367091,81.04831548,0,2724.117619,Sample 10_UrbanPopgen_Plate13_7-6-23_data.csv,urban_122,Cnat,Miami urban,MacArthur North,22-Oct,Fall,Wet,0.012183523,0,0.000362,0.987453991,D,AC,1,n
21,reps,Sample 2,UrbanPopgen_Plate13_7-6-23_data.csv,26.06992912,NA,NA,23.59013081,0.544378134,NA,NA,0.056169275,2,0,0,2,0,0,0.059756489,0,0,0,0,0,0,16.73458438,0,0,Sample 2_UrbanPopgen_Plate13_7-6-23_data.csv,urban_267,Cnat,Miami urban,Belle Isle,23-Apr,Spring,Dry,0.056386999,0,0,0.943613001,D,A,1,n
22,reps,Sample 3,UrbanPopgen_Plate13_7-6-23_data.csv,30.63824845,NA,NA,24.29248238,0.092086481,NA,NA,0.442295101,2,0,0,2,0,0,0.004098386,0,0,0,0,0,0,243.9985173,0,0,Sample 3_UrbanPopgen_Plate13_7-6-23_data.csv,urban_268,Cnat,Miami urban,Belle Isle,23-Apr,Spring,Dry,0.004081657,0,0,0.995918343,D,A,1,n
23,reps,Sample 4,UrbanPopgen_Plate13_7-6-23_data.csv,27.44445038,NA,32.00416946,21.2936697,0.149414286,NA,NA,0.069936792,2,0,1,2,0,0,0.004691473,0,0,0,0,0,0,213.1526492,0,0,Sample 4_UrbanPopgen_Plate13_7-6-23_data.csv,urban_113,Cnat,Miami urban,MacArthur North,22-Oct,Fall,Wet,0.004669566,0,0,0.995330434,D,A,1,n
24,reps,Sample 5,UrbanPopgen_Plate13_7-6-23_data.csv,31.59244824,38.04188538,NA,21.58205319,1.327828031,NA,NA,0.097239861,2,1,0,2,0,0,0.000323184,0,0,0,0,0,0,3094.214616,0,0,Sample 5_UrbanPopgen_Plate13_7-6-23_data.csv,urban_114,Cnat,Miami urban,MacArthur North,22-Oct,Fall,Wet,0.000323,0,0,0.999676921,D,A,1,n
27,reps,Sample 8,UrbanPopgen_Plate13_7-6-23_data.csv,25.95325947,39.59902954,29.23233605,22.71737671,0.466597307,NA,0.913843485,0.180024366,2,1,2,2,0,24.80765615,0.035381885,0,0,0,0.040310136,0,0.001426249,28.26305007,0,701.140028,Sample 8_UrbanPopgen_Plate13_7-6-23_data.csv,urban_119,Cnat,Miami urban,MacArthur North,22-Oct,Fall,Wet,0.034125779,0,0.001375615,0.964498606,D,AC,1,n
28,reps,Sample 9,UrbanPopgen_Plate13_7-6-23_data.csv,26.83033371,32.51837921,34.38092422,22.0706482,0.302033081,NA,NA,0.225362236,2,1,1,2,0,0,0.012304689,0,0,0,0,0,0,81.2698325,0,0,Sample 9_UrbanPopgen_Plate13_7-6-23_data.csv,urban_121,Cnat,Miami urban,MacArthur North,22-Oct,Fall,Wet,0.012155124,0,0,0.987844876,D,A,1,n
30,reps,Sample 10,UrbanPopgen_Plate14_7-6-23_data.csv,32.72521496,NA,NA,21.68577004,1.162283303,NA,NA,0.113546988,2,0,0,2,0,0,0.000158371,0,0,0,0,0,0,6314.301443,0,0,Sample 10_UrbanPopgen_Plate14_7-6-23_data.csv,urban_197,Cnat,Miami urban,MacArthur North,23-Jan,Winter,Dry,0.000158,0,0,0.999841654,D,A,1,n
31,reps,Sample 11,UrbanPopgen_Plate14_7-6-23_data.csv,26.39585209,NA,NA,21.49836922,0.17621159,NA,NA,0.128682085,2,0,0,2,0,0,0.011183803,0,0,0,0,0,0,89.41502521,0,0,Sample 11_UrbanPopgen_Plate14_7-6-23_data.csv,urban_198,Cnat,Miami urban,MacArthur North,23-Jan,Winter,Dry,0.011060109,0,0,0.988939891,D,A,1,n
32,reps,Sample 2,UrbanPopgen_Plate14_7-6-23_data.csv,26.9893322,NA,32.61454583,22.17598343,0.28122266,NA,1.071317593,0.025002186,2,0,2,2,0,126.1372504,0.011855405,0,0,0,0.007927872,0,9.40E-05,84.34971423,0,10639.64102,Sample 2_UrbanPopgen_Plate14_7-6-23_data.csv,urban_180,Cnat,Miami urban,MacArthur North,23-Jan,Winter,Dry,0.011715413,0,9.29E-05,0.988191709,D,AC,1,n
44,reps,Sample 2,UrbanPopgen_Plate15_7-7-23_data.csv,30.77962685,NA,29.76461697,20.98732186,0.553449487,NA,0.271219355,0.157444445,2,0,2,2,0,1.264552623,0.000375925,0,0,0,0.790793504,0,0.000297279,2660.105024,0,3363.842786,Sample 2_UrbanPopgen_Plate15_7-7-23_data.csv,urban_202,Cnat,Miami urban,MacArthur North,23-Jan,Winter,Dry,0.000376,0,0.000297,0.999327249,D,AC,1,n
45,reps,Sample 3,UrbanPopgen_Plate15_7-7-23_data.csv,27.30391503,NA,NA,21.2824688,0.071445991,NA,NA,0.160225454,2,0,0,2,0,0,0.005131482,0,0,0,0,0,0,194.8754752,0,0,Sample 3_UrbanPopgen_Plate15_7-7-23_data.csv,urban_203,Cnat,Miami urban,MacArthur North,23-Jan,Winter,Dry,0.005105284,0,0,0.994894716,D,A,1,n
46,reps,Sample 4,UrbanPopgen_Plate15_7-7-23_data.csv,28.65482426,39.50046158,33.0190773,20.79464531,0.039601855,NA,NA,0.280774892,2,1,1,2,0,0,0.001434594,0,0,0,0,0,0,697.0611685,0,0,Sample 4_UrbanPopgen_Plate15_7-7-23_data.csv,urban_204,Cnat,Miami urban,MacArthur North,23-Jan,Winter,Dry,0.001432539,0,0,0.998567461,D,A,1,n
49,reps,Sample 7,UrbanPopgen_Plate15_7-7-23_data.csv,27.60112763,32.26917267,30.74629402,21.78256321,0.229176355,NA,NA,0.210244667,2,1,1,2,0,0,0.005906311,0,0,0,0,0,0,169.3104154,0,0,Sample 7_UrbanPopgen_Plate15_7-7-23_data.csv,urban_208,Cnat,Miami urban,MacArthur North,23-Jan,Winter,Dry,0.005871631,0,0,0.994128369,D,A,1,n
50,reps,Sample 8,UrbanPopgen_Plate15_7-7-23_data.csv,28.48943996,21.37629509,36.02116776,33.15000534,0.348675146,0.062744187,NA,NA,2,2,1,1,0.000802578,0,0,1245.984038,0,0,0,0,0,0,0,0,Sample 8_UrbanPopgen_Plate15_7-7-23_data.csv,urban_001,Cnat,Miami urban,Star Island,22-Jul,Summer,Wet,0.000802,0.999198065,0,0,B,A,1,n
58,reps,Sample 5,UrbanPopgen_Plate16_7-7-23_data.csv,21.17581463,NA,31.91846752,21.43700409,0.270491056,NA,1.274921262,0.003328592,2,0,2,2,0,4378.708956,0.399488799,0,0,0,0.000228378,0,9.12E-05,2.503199093,0,10960.78029,Sample 5_UrbanPopgen_Plate16_7-7-23_data.csv,urban_130,Cnat,Miami urban,Star Island,22-Oct,Fall,Wet,0.285434766,0,6.52E-05,0.714500047,D,C,1,n
60,reps,Sample 7,UrbanPopgen_Plate16_7-7-23_data.csv,27.30969715,32.50455093,NA,20.05764676,0.106729312,NA,NA,0.396769756,2,1,0,2,0,0,0.002186724,0,0,0,0,0,0,457.3050041,0,0,Sample 7_UrbanPopgen_Plate16_7-7-23_data.csv,urban_137,Cnat,Miami urban,Star Island,22-Oct,Fall,Wet,0.002181953,0,0,0.997818047,D,A,1,n
62,reps,Sample 9,UrbanPopgen_Plate16_7-7-23_data.csv,32.41207504,32.77780914,31.32669449,20.8850832,0.351622056,NA,NA,0.02244101,2,1,1,2,0,0,0.000112956,0,0,0,0,0,0,8853.022303,0,0,Sample 9_UrbanPopgen_Plate16_7-7-23_data.csv,urban_140,Cnat,Miami urban,Star Island,22-Oct,Fall,Wet,0.000113,0,0,0.999887057,D,A,1,n
65,reps,Sample 3,UrbanPopgen_Plate17_7-10-23_data.csv,27.38277245,32.6592865,32.28798294,20.46201515,0.262842586,NA,2.003292979,0.018889877,2,1,2,2,0,76.57743593,0.002751207,0,0,0,0.013058677,0,3.59E-05,363.4768814,0,27834.1276,Sample 3_UrbanPopgen_Plate17_7-10-23_data.csv,urban_149 rex,Cnat,Miami urban,Star Island,22-Oct,Fall,Wet,0.002743658,0,0,0.997256342,D,A,1,n
75,reps,Sample 5,UrbanPopgen_Plate47_1-16-24_data.csv,NA,NA,NA,30.05707646,NA,NA,NA,0.367786213,0,0,0,2,0,0,0,0,0,0,0,0,0,0,0,0,Sample 5_UrbanPopgen_Plate47_1-16-24_data.csv,Peanut_023,Cnat,Palm Beach urban,Peanut Island,23-Mar,Spring,Dry,0,0,0,1,D,,1,n
76,reps,Sample 6,UrbanPopgen_Plate47_1-16-24_data.csv,NA,NA,NA,29.2621336,NA,NA,NA,0.045177378,0,0,0,2,0,0,0,0,0,0,0,0,0,0,0,0,Sample 6_UrbanPopgen_Plate47_1-16-24_data.csv,Peanut_045,Cnat,Palm Beach urban,Peanut Island,23-Mar,Spring,Dry,0,0,0,1,D,,1,n
77,reps,Sample 7,UrbanPopgen_Plate47_1-16-24_data.csv,NA,NA,NA,28.39414311,NA,NA,NA,0.154662079,0,0,0,2,0,0,0,0,0,0,0,0,0,0,0,0,Sample 7_UrbanPopgen_Plate47_1-16-24_data.csv,Peanut_048,Cnat,Palm Beach urban,Peanut Island,23-Mar,Spring,Dry,0,0,0,1,D,,1,n
78,reps,Sample 8,UrbanPopgen_Plate47_1-16-24_data.csv,NA,NA,NA,28.32648468,NA,NA,NA,0.162156796,0,0,0,2,0,0,0,0,0,0,0,0,0,0,0,0,Sample 8_UrbanPopgen_Plate47_1-16-24_data.csv,Peanut_073,Cnat,Palm Beach urban,Peanut Island,23-Mar,Spring,Dry,0,0,0,1,D,,1,n
79,reps,Sample 9,UrbanPopgen_Plate47_1-16-24_data.csv,NA,NA,NA,26.18526268,NA,NA,NA,0.329112259,0,0,0,2,0,0,0,0,0,0,0,0,0,0,0,0,Sample 9_UrbanPopgen_Plate47_1-16-24_data.csv,Peanut_081,Cnat,Palm Beach urban,Peanut Island,23-Mar,Spring,Dry,0,0,0,1,D,,1,n
80,reps,Sample 4,UrbanPopgen_Plate50_1-19-24_data.csv,NA,27.06156921,NA,NA,NA,0.588094869,NA,NA,0,2,0,0,0,0,0,0,0,0,0,0,0,0,0,0,Sample 4_UrbanPopgen_Plate50_1-19-24_data.csv,Baggs_204,Cnat,Miami urban,Bill Baggs,20-Jun,Summer,Wet,0,1,0,0,B,,1,n
81,reps,Sample 5,UrbanPopgen_Plate50_1-19-24_data.csv,NA,25.29868031,NA,30.48340797,NA,0.110246715,NA,NA,0,2,0,1,0,0,0,0,0,0,0,0,0,0,0,0,Sample 5_UrbanPopgen_Plate50_1-19-24_data.csv,Baggs_205,Cnat,Miami urban,Bill Baggs,20-Jun,Summer,Wet,0,1,0,0,B,,1,y
82,reps,Sample 6,UrbanPopgen_Plate50_1-19-24_data.csv,NA,27.28903771,NA,NA,NA,0.078618373,NA,NA,0,2,0,0,0,0,0,0,0,0,0,0,0,0,0,0,Sample 6_UrbanPopgen_Plate50_1-19-24_data.csv,Baggs_070,Cnat,Miami urban,Bill Baggs,21-Jun,Summer,Wet,0,1,0,0,B,,1,n
83,reps,Sample 7,UrbanPopgen_Plate50_1-19-24_data.csv,38.58136749,NA,33.91548729,30.23794365,NA,NA,0.769527276,NA,1,0,2,1,0,0,0,0,0,0,0,0,0,0,0,0,Sample 7_UrbanPopgen_Plate50_1-19-24_data.csv,Baggs_072,Cnat,Miami urban,Bill Baggs,21-Jun,Summer,Wet,0,0,0,0,,,0,y
84,reps,Sample 8,UrbanPopgen_Plate50_1-19-24_data.csv,NA,33.34484482,NA,NA,NA,NA,NA,NA,0,1,0,0,0,0,0,0,0,0,0,0,0,0,0,0,Sample 8_UrbanPopgen_Plate50_1-19-24_data.csv,Baggs_073,Cnat,Miami urban,Bill Baggs,21-Jun,Summer,Wet,0,0,0,0,,,0,y
85,reps,Sample 9,UrbanPopgen_Plate50_1-19-24_data.csv,NA,33.69557571,NA,28.15969086,NA,NA,NA,NA,0,1,0,1,0,0,0,0,0,0,0,0,0,0,0,0,Sample 9_UrbanPopgen_Plate50_1-19-24_data.csv,Baggs_077,Cnat,Miami urban,Bill Baggs,21-Jun,Summer,Wet,0,0,0,0,,,0,y
86,reps,Sample 1,UrbanPopgen_Plate51_1-22-24_data.csv,32.81980515,33.4416275,NA,28.01942444,NA,NA,NA,0.945109024,1,1,0,2,0,0,0,0,0,0,0,0,0,0,0,0,Sample 1_UrbanPopgen_Plate51_1-22-24_data.csv,Baggs_067,Cnat,Miami urban,Bill Baggs,21-Jun,Summer,Wet,0,0,0,1,D,,1,y
88,reps,Sample 11,UrbanPopgen_Plate51_1-22-24_data.csv,36.79840088,38.28135681,NA,22.42987728,NA,NA,NA,0.589482679,1,1,0,2,0,0,0,0,0,0,0,0,0,0,0,0,Sample 11_UrbanPopgen_Plate51_1-22-24_data.csv,Baggs_085,Cnat,Miami urban,Bill Baggs,21-Jun,Summer,Wet,0,0,0,1,D,,1,y
91,reps,Sample 9,UrbanPopgen_Plate54_1-23-24_data.csv,17.82529355,22.15994358,NA,33.01521301,0.202230694,0.262582279,NA,NA,2,2,0,1,2.241904826,0,0,0.446049265,0,0,0,0,0,0,0,0,Sample 9_UrbanPopgen_Plate54_1-23-24_data.csv,urban_394,Cnat,North Miami reef,South Canyon,24-Jan,Winter,Dry,0.691539372,0.308460628,0,0,A,,1,n
93,reps,Sample 5,UrbanPopgen_Plate57_1-24-24_data.csv,27.6781168,23.53792477,NA,NA,0.05318865,0.014418947,NA,NA,2,2,0,0,0.006301378,0,0,158.6954584,0,0,0,0,0,0,0,0,Sample 5_UrbanPopgen_Plate57_1-24-24_data.csv,urban_423,Cnat,North Miami reef,Pillars,24-Jan,Winter,Dry,0.006261919,0.993738081,0,0,B,A,1,n
95,reps,Sample 11,UrbanPopgen_Plate61_3-24-24_data.csv,32.19293786,NA,35.13130951,25.51619435,0.640138473,NA,NA,0.082830354,2,0,1,2,0,0,0.003258207,0,0,0,0,0,0,306.9172686,0,0,Sample 11_UrbanPopgen_Plate61_3-24-24_data.csv,urban_539,Cnat,Miami urban,Coral City Camera,24-Jan,,,NA,NA,NA,NA,,,NA,n
96,reps,Sample 2,UrbanPopgen_Plate61_3-24-24_data.csv,31.92763233,28.07218552,NA,31.67324829,1.863539433,1.697610321,NA,NA,2,2,0,1,0.007676307,0,0,130.2709697,0,0,0,0,0,0,0,0,Sample 2_UrbanPopgen_Plate61_3-24-24_data.csv,Baggs_087,Cnat,Miami urban,Bill Baggs,21-Jun,,,NA,NA,NA,NA,,,NA,y
97,reps,Sample 6,UrbanPopgen_Plate61_3-24-24_data.csv,31.76482106,34.02139664,NA,24.77483654,0.043216365,NA,NA,0.25392633,2,1,0,2,0,0,0.002622308,0,0,0,0,0,0,381.3434251,0,0,Sample 6_UrbanPopgen_Plate61_3-24-24_data.csv,urban_487,Cnat,Miami urban,Coral City Camera,24-Jan,,,NA,NA,NA,NA,,,NA,n
98,reps,Sample 2,UrbanPopgen_Plate62_3-24-24_data.csv,NA,36.91901398,NA,28.257967,NA,NA,NA,0.967796835,0,1,0,2,0,0,0,0,0,0,0,0,0,0,0,0,Sample 2_UrbanPopgen_Plate62_3-24-24_data.csv,Baggs_067,Cnat,Miami urban,Bill Baggs,21-Jun,,,NA,NA,NA,NA,,,NA,n
99,reps,Sample 5,UrbanPopgen_Plate62_3-24-24_data.csv,29.47200013,33.80062103,NA,22.81976223,0.070679926,NA,NA,0.073122421,2,1,0,2,0,0,0.003314024,0,0,0,0,0,0,301.7479994,0,0,Sample 5_UrbanPopgen_Plate62_3-24-24_data.csv,urban_466,Cnat,Miami urban,Seaquarium,24-Jan,,,NA,NA,NA,NA,,,NA,n
100,reps,Sample 2,UrbanPopgen_Plate63_3-24-24_data.csv,NA,33.97524261,NA,26.96998692,NA,NA,NA,0.338640827,0,1,0,2,0,0,0,0,0,0,0,0,0,0,0,0,Sample 2_UrbanPopgen_Plate63_3-24-24_data.csv,Baggs_070,Cnat,Miami urban,Bill Baggs,21-Jun,,,NA,NA,NA,NA,,,NA,n
102,reps,Sample 12,UrbanPopgen_Plate65_3-24-24_data.csv,NA,NA,NA,NA,NA,NA,NA,NA,0,0,0,0,0,0,0,0,0,0,0,0,0,0,0,0,Sample 12_UrbanPopgen_Plate65_3-24-24_data.csv,urban_534,Cnat,Miami urban,Coral City Camera,24-Jan,,,NA,NA,NA,NA,,,NA,y
103,reps,Sample 3,UrbanPopgen_Plate65_3-24-24_data.csv,NA,NA,NA,NA,NA,NA,NA,NA,0,0,0,0,0,0,0,0,0,0,0,0,0,0,0,0,Sample 3_UrbanPopgen_Plate65_3-24-24_data.csv,Baggs_072,Cnat,Miami urban,Bill Baggs,21-Jun,,,NA,NA,NA,NA,,,NA,y
104,reps,Sample 4,UrbanPopgen_Plate65_3-24-24_data.csv,NA,NA,NA,NA,NA,NA,NA,NA,0,0,0,0,0,0,0,0,0,0,0,0,0,0,0,0,Sample 4_UrbanPopgen_Plate65_3-24-24_data.csv,Baggs_204,Cnat,Miami urban,Bill Baggs,20-Jun,,,NA,NA,NA,NA,,,NA,y
105,reps,Sample 5,UrbanPopgen_Plate65_3-24-24_data.csv,NA,NA,NA,NA,NA,NA,NA,NA,0,0,0,0,0,0,0,0,0,0,0,0,0,0,0,0,Sample 5_UrbanPopgen_Plate65_3-24-24_data.csv,urban_402,Cnat,Miami urban,Seaquarium,24-Jan,,,NA,NA,NA,NA,,,NA,y
106,reps,Sample 6,UrbanPopgen_Plate65_3-24-24_data.csv,NA,NA,NA,NA,NA,NA,NA,NA,0,0,0,0,0,0,0,0,0,0,0,0,0,0,0,0,Sample 6_UrbanPopgen_Plate65_3-24-24_data.csv,urban_468,Cnat,Miami urban,Seaquarium,24-Jan,,,NA,NA,NA,NA,,,NA,y
107,reps,Sample 3,UrbanPopgen_Plate66_3-24-24_data.csv,36.65212631,NA,NA,25.39695168,NA,NA,NA,0.669068064,1,0,0,2,0,0,0,0,0,0,0,0,0,0,0,0,Sample 3_UrbanPopgen_Plate66_3-24-24_data.csv,Baggs_073,Cnat,Miami urban,Bill Baggs,21-Jun,,,NA,NA,NA,NA,,,NA,n
109,reps,Sample 4,UrbanPopgen_Plate67_3-24-24_data.csv,NA,25.85330201,NA,NA,NA,0.226255071,NA,NA,0,2,0,0,0,0,0,0,0,0,0,0,0,0,0,0,Sample 4_UrbanPopgen_Plate67_3-24-24_data.csv,Baggs_077,Cnat,Miami urban,Bill Baggs,21-Jun,,,NA,NA,NA,NA,,,NA,n
111,reps,Sample 6,UrbanPopgen_Plate68_3-25-24_data.csv,31.7344389,NA,NA,25.84147454,0.314976551,NA,NA,1.299808812,2,0,0,2,0,0,0.005609443,0,0,0,0,0,0,178.2708316,0,0,Sample 6_UrbanPopgen_Plate68_3-25-24_data.csv,urban_463,Cnat,Miami urban,Seaquarium,24-Jan,,,NA,NA,NA,NA,,,NA,n
113,reps,Sample 11,UrbanPopgen_Plate70_3-25-24_data.csv,36.63193703,NA,30.88751602,26.98803425,3.827983131,NA,NA,0.317053543,2,0,1,2,0,0,0.000416653,0,0,0,0,0,0,2400.077507,0,0,Sample 11_UrbanPopgen_Plate70_3-25-24_data.csv,urban_608,Cnat,Miami urban,Fisher Island,24-Jan,,,NA,NA,NA,NA,,,NA,n
114,reps,Sample 2,UrbanPopgen_Plate70_3-25-24_data.csv,31.32031441,NA,34.29521942,22.750803,0.948041092,NA,NA,0.286563501,2,0,1,2,0,0,0.000877402,0,0,0,0,0,0,1139.728051,0,0,Sample 2_UrbanPopgen_Plate70_3-25-24_data.csv,urban_631,Cnat,Palm Beach urban,Peanut Island,24-Jan,,,NA,NA,NA,NA,,,NA,n
115,reps,Sample 3,UrbanPopgen_Plate70_3-25-24_data.csv,33.59268952,NA,33.56199265,25.23600674,0.480552293,NA,NA,0.530649726,2,0,1,2,0,0,0.001016873,0,0,0,0,0,0,983.4073146,0,0,Sample 3_UrbanPopgen_Plate70_3-25-24_data.csv,urban_639,Cnat,Miami urban,Fisher Island,24-Jan,,,NA,NA,NA,NA,,,NA,n
116,reps,Sample 5,UrbanPopgen_Plate70_3-25-24_data.csv,30.76278496,NA,NA,24.07091999,0.575217493,NA,NA,0.139526975,2,0,0,2,0,0,0.003224235,0,0,0,0,0,0,310.1511084,0,0,Sample 5_UrbanPopgen_Plate70_3-25-24_data.csv,urban_555,Cnat,Miami urban,Coral City Camera,24-Jan,,,NA,NA,NA,NA,,,NA,n
119,reps,Sample 7,UrbanPopgen_Plate71_3-25-24_data.csv,33.73568535,NA,NA,26.0679512,1.251120769,NA,NA,0.174993711,2,0,0,2,0,0,0.001639309,0,0,0,0,0,0,610.0131998,0,0,Sample 7_UrbanPopgen_Plate71_3-25-24_data.csv,urban_564,Cnat,Miami urban,Coral City Camera,24-Jan,,,NA,NA,NA,NA,,,NA,n
120,reps,Sample 9,UrbanPopgen_Plate71_3-25-24_data.csv,22.08065415,38.20077515,NA,24.83881474,0.369681132,NA,NA,0.073661901,2,1,0,2,0,0,2.255110449,0,0,0,0,0,0,0.443437261,0,0,Sample 9_UrbanPopgen_Plate71_3-25-24_data.csv,urban_585,Cnat,Palm Beach urban,Peanut Island,24-Jan,,,NA,NA,NA,NA,,,NA,n
121,reps,Sample 2,UrbanPopgen_Plate72_3-26-24_data.csv,27.69879151,33.18664169,NA,24.09000874,0.070170116,NA,NA,0.232177211,2,1,0,2,0,0,0.027322906,0,0,0,0,0,0,36.59932829,0,0,Sample 2_UrbanPopgen_Plate72_3-26-24_data.csv,urban_558,Cnat,Miami urban,Coral City Camera,24-Jan,,,NA,NA,NA,NA,,,NA,n
122,reps,Sample 3,UrbanPopgen_Plate72_3-26-24_data.csv,32.63695145,37.19871902,NA,23.05738163,1.308761477,NA,NA,0.318305136,2,1,0,2,0,0,0.000435653,0,0,0,0,0,0,2295.403897,0,0,Sample 3_UrbanPopgen_Plate72_3-26-24_data.csv,urban_559,Cnat,Miami urban,Coral City Camera,24-Jan,,,NA,NA,NA,NA,,,NA,n
123,reps,Sample 4,UrbanPopgen_Plate72_3-26-24_data.csv,32.01325417,NA,NA,24.14782429,1.167307212,NA,NA,0.183540419,2,0,0,2,0,0,0.001429382,0,0,0,0,0,0,699.6028619,0,0,Sample 4_UrbanPopgen_Plate72_3-26-24_data.csv,urban_560,Cnat,Miami urban,Coral City Camera,24-Jan,,,NA,NA,NA,NA,,,NA,n
124,reps,Sample 6,UrbanPopgen_Plate72_3-26-24_data.csv,31.33772659,NA,NA,23.56201554,NA,NA,NA,0.122178654,1,0,0,2,0,0,0,0,0,0,0,0,0,0,0,0,Sample 6_UrbanPopgen_Plate72_3-26-24_data.csv,urban_565,Cnat,Miami urban,Coral City Camera,24-Jan,,,NA,NA,NA,NA,,,NA,n
125,reps,Sample 8,UrbanPopgen_Plate72_3-26-24_data.csv,35.37051964,31.96791267,NA,25.26586247,2.039241213,NA,NA,0.068364208,2,1,0,2,0,0,0.000302743,0,0,0,0,0,0,3303.133757,0,0,Sample 8_UrbanPopgen_Plate72_3-26-24_data.csv,urban_567,Cnat,Miami urban,Coral City Camera,24-Jan,,,NA,NA,NA,NA,,,NA,n
126,reps,Sample 1,UrbanPopgen_Plate73_3-26-24_data.csv,26.32044411,NA,35.93699646,26.2713356,0.543372006,NA,3.712024676,0.90423804,2,0,2,2,0,2006.115987,0.322177799,0,0,0,0.000498476,0,0.000160598,3.103876189,0,6226.735643,Sample 1_UrbanPopgen_Plate73_3-26-24_data.csv,urban_574,Cnat,Miami urban,Fisher Island,24-Jan,,,NA,NA,NA,NA,,,NA,n
127,reps,Sample 2,UrbanPopgen_Plate73_3-26-24_data.csv,32.8326397,34.74447632,NA,22.50895882,1.85741499,NA,NA,0.690123964,2,1,0,2,0,0,0.0002601,0,0,0,0,0,0,3844.668197,0,0,Sample 2_UrbanPopgen_Plate73_3-26-24_data.csv,urban_575,Cnat,Miami urban,Fisher Island,24-Jan,,,NA,NA,NA,NA,,,NA,n
128,reps,Sample 9,UrbanPopgen_Plate73_3-26-24_data.csv,27.9825058,32.43281174,29.83362675,22.71611786,0.836584595,NA,0.548803215,0.168093771,2,1,2,2,0,9.219943435,0.008660401,0,0,0,0.108460535,0,0.000939312,115.4680934,0,1064.60929,Sample 9_UrbanPopgen_Plate73_3-26-24_data.csv,urban_590,Cnat,Miami urban,Fisher Island,24-Jan,,,NA,NA,NA,NA,,,NA,n
129,reps,Sample 10,UrbanPopgen_Plate74_3-26-24_data.csv,26.18188858,NA,NA,26.28065777,0.060246389,NA,NA,0.660834265,2,0,0,2,0,0,0.356953163,0,0,0,0,0,0,2.801487996,0,0,Sample 10_UrbanPopgen_Plate74_3-26-24_data.csv,urban_612,Cnat,Miami urban,Fisher Island,24-Jan,,,NA,NA,NA,NA,,,NA,n
130,reps,Sample 8,UrbanPopgen_Plate74_3-26-24_data.csv,34.1056633,34.47504807,NA,23.74228955,1.685426178,NA,NA,0.047248981,2,1,0,2,0,0,0.000253042,0,0,0,0,0,0,3951.915148,0,0,Sample 8_UrbanPopgen_Plate74_3-26-24_data.csv,urban_610,Cnat,Miami urban,Fisher Island,24-Jan,,,NA,NA,NA,NA,,,NA,n
131,reps,Sample 9,UrbanPopgen_Plate74_3-26-24_data.csv,NA,NA,NA,NA,NA,NA,NA,NA,0,0,0,0,0,0,0,0,0,0,0,0,0,0,0,0,Sample 9_UrbanPopgen_Plate74_3-26-24_data.csv,urban_611,Cnat,Miami urban,Fisher Island,24-Jan,,,NA,NA,NA,NA,,,NA,y
132,reps,Sample 10,UrbanPopgen_Plate75_3-26-24_data.csv,30.55973912,NA,34.34976387,22.90695286,0.434007343,NA,0.111086956,0.317819608,2,0,2,2,0,35.35057336,0.001656382,0,0,0,0.028288084,0,4.69E-05,603.7254277,0,21342.04002,Sample 10_UrbanPopgen_Plate75_3-26-24_data.csv,urban_627,Cnat,Miami urban,Fisher Island,24-Jan,,,NA,NA,NA,NA,,,NA,n
133,reps,Sample 11,UrbanPopgen_Plate75_3-26-24_data.csv,32.77073479,NA,35.71977615,25.30781937,0.893720887,NA,0.358559763,0.225623879,2,0,2,2,0,19.73491383,0.001889371,0,0,0,0.050671617,0,9.57E-05,529.2765501,0,10445.22711,Sample 11_UrbanPopgen_Plate75_3-26-24_data.csv,urban_628,Cnat,Miami urban,Fisher Island,24-Jan,,,NA,NA,NA,NA,,,NA,n
134,reps,Sample 5,UrbanPopgen_Plate75_3-26-24_data.csv,35.87049484,NA,39.50082397,26.264534,0.161131788,NA,NA,0.235232018,2,0,1,2,0,0,0.000427756,0,0,0,0,0,0,2337.779824,0,0,Sample 5_UrbanPopgen_Plate75_3-26-24_data.csv,urban_620,Cnat,Miami urban,Fisher Island,24-Jan,,,NA,NA,NA,NA,,,NA,n
135,reps,Sample 9,UrbanPopgen_Plate75_3-26-24_data.csv,22.25914288,35.72914505,32.93817902,21.98052216,0.066654056,NA,NA,0.557703285,2,1,1,2,0,0,0.274792928,0,0,0,0,0,0,3.639103846,0,0,Sample 9_UrbanPopgen_Plate75_3-26-24_data.csv,urban_626,Cnat,Miami urban,Fisher Island,24-Jan,,,NA,NA,NA,NA,,,NA,n
136,reps,Sample 3,UrbanPopgen_Plate76_3-27-24_data.csv,32.53604698,NA,NA,22.60227108,0.47197187,NA,NA,0.402690552,2,0,0,2,0,0,0.000340811,0,0,0,0,0,0,2934.173367,0,0,Sample 3_UrbanPopgen_Plate76_3-27-24_data.csv,urban_634,Cnat,Palm Beach urban,Peanut Island,24-Jan,,,NA,NA,NA,NA,,,NA,n
137,reps,Sample 9,UrbanPopgen_Plate77_3-27-24_data.csv,38.37240982,NA,NA,24.57256031,1.059629762,NA,NA,0.108568935,2,0,0,2,0,0,2.34E-05,0,0,0,0,0,0,42784.83809,0,0,Sample 9_UrbanPopgen_Plate77_3-27-24_data.csv,urban_655,Cnat,Miami urban,Fisher Island,24-Jan,,,NA,NA,NA,NA,,,NA,n
138,reps,Sample 3,UrbanPopgen_Plate78_3-30-24_data.csv,35.58041096,NA,30.45718193,23.79445553,5.532848106,NA,NA,0.176246655,2,0,1,2,0,0,9.44E-05,0,0,0,0,0,0,10593.6926,0,0,Sample 3_UrbanPopgen_Plate78_3-30-24_data.csv,urban_661,Cnat,Miami urban,Fisher Island,24-Jan,,,NA,NA,NA,NA,,,NA,n
139,reps,Sample 4,UrbanPopgen_Plate78_3-30-24_data.csv,34.52977944,36.658638,31.604599,23.44416428,3.102183381,NA,NA,0.017212103,2,1,1,2,0,0,0.000153383,0,0,0,0,0,0,6519.644844,0,0,Sample 4_UrbanPopgen_Plate78_3-30-24_data.csv,urban_662,Cnat,Miami urban,Fisher Island,24-Jan,,,NA,NA,NA,NA,,,NA,n
140,reps,Sample 6,UrbanPopgen_Plate78_3-30-24_data.csv,33.78267479,NA,NA,23.84138298,0.777516967,NA,NA,0.500442917,2,0,0,2,0,0,0.000339041,0,0,0,0,0,0,2949.499217,0,0,Sample 6_UrbanPopgen_Plate78_3-30-24_data.csv,urban_664,Cnat,Palm Beach urban,Peanut Island,24-Jan,,,NA,NA,NA,NA,,,NA,n
141,reps,Sample 7,UrbanPopgen_Plate78_3-30-24_data.csv,36.09524155,NA,NA,24.85933876,3.085268001,NA,NA,1.02522715,2,0,0,2,0,0,0.000138209,0,0,0,0,0,0,7235.441248,0,0,Sample 7_UrbanPopgen_Plate78_3-30-24_data.csv,urban_665,Cnat,Palm Beach urban,Peanut Island,24-Jan,,,NA,NA,NA,NA,,,NA,n
142,reps,Sample 4,UrbanPopgen_Plate79_3-30-24_data.csv,35.43006897,NA,NA,NA,NA,NA,NA,NA,1,0,0,0,0,0,0,0,0,0,0,0,0,0,0,0,Sample 4_UrbanPopgen_Plate79_3-30-24_data.csv,urban_673,Cnat,Palm Beach urban,Peanut Island,24-Jan,,,NA,NA,NA,NA,,,NA,y
143,reps,Sample 5,UrbanPopgen_Plate79_3-30-24_data.csv,NA,NA,NA,NA,NA,NA,NA,NA,0,0,0,0,0,0,0,0,0,0,0,0,0,0,0,0,Sample 5_UrbanPopgen_Plate79_3-30-24_data.csv,urban_674,Cnat,Palm Beach urban,Peanut Island,24-Jan,,,NA,NA,NA,NA,,,NA,y
144,reps,Sample 10,UrbanPopgen_Plate80_3-30-24_data.csv,34.8148861,NA,NA,23.87041378,0.417700216,NA,NA,0.475711815,2,0,0,2,0,0,0.000169147,0,0,0,0,0,0,5912.017463,0,0,Sample 10_UrbanPopgen_Plate80_3-30-24_data.csv,urban_691,Cnat,North Miami urban,Arch Creek,24-Jan,,,NA,NA,NA,NA,,,NA,n
145,reps,Sample 11,UrbanPopgen_Plate80_3-30-24_data.csv,35.48047066,NA,NA,24.5594616,1.790508716,NA,NA,0.009381546,2,0,0,2,0,0,0.00017192,0,0,0,0,0,0,5816.645078,0,0,Sample 11_UrbanPopgen_Plate80_3-30-24_data.csv,urban_692,Cnat,North Miami urban,Arch Creek,24-Jan,,,NA,NA,NA,NA,,,NA,n
146,reps,Sample 8,UrbanPopgen_Plate80_3-30-24_data.csv,36.91042328,NA,NA,24.28361511,NA,NA,NA,0.313990653,1,0,0,2,0,0,0,0,0,0,0,0,0,0,0,0,Sample 8_UrbanPopgen_Plate80_3-30-24_data.csv,urban_689,Cnat,North Miami urban,Arch Creek,24-Jan,,,NA,NA,NA,NA,,,NA,n
147,reps,Sample 9,UrbanPopgen_Plate80_3-30-24_data.csv,NA,33.36328888,NA,24.30489731,NA,NA,NA,0.148826256,0,1,0,2,0,0,0,0,0,0,0,0,0,0,0,0,Sample 9_UrbanPopgen_Plate80_3-30-24_data.csv,urban_690,Cnat,North Miami urban,Arch Creek,24-Jan,,,NA,NA,NA,NA,,,NA,n
148,reps,Sample 5,UrbanPopgen_Plate81_3-30-24_data.csv,NA,NA,NA,26.52955532,NA,NA,NA,1.449008647,0,0,0,2,0,0,0,0,0,0,0,0,0,0,0,0,Sample 5_UrbanPopgen_Plate81_3-30-24_data.csv,urban_700,Cnat,North Miami urban,FIU Biscayne Bay,24-Jan,,,NA,NA,NA,NA,,,NA,n
149,reps,Sample 7,UrbanPopgen_Plate81_3-30-24_data.csv,35.58563423,NA,NA,27.80125809,3.239275949,NA,NA,4.618094257,2,0,0,2,0,0,0.001511987,0,0,0,0,0,0,661.3813921,0,0,Sample 7_UrbanPopgen_Plate81_3-30-24_data.csv,urban_709,Cnat,North Miami urban,Arch Creek,24-Jan,,,NA,NA,NA,NA,,,NA,y
14,stdv,Sample 7,UrbanPopgen_Plate12_7-6-23_data.csv,30.40074826,35.49907685,NA,22.2382927,0.417240313,4.162037027,NA,0.613938639,2,2,0,2,3.806337765,0,0.001163415,0.262719722,0,0.000305652,0,0,0,859.5382673,3271.692967,0,Sample 7_UrbanPopgen_Plate12_7-6-23_data.csv,urban_261,Cnat,Miami urban,Belle Isle,23-Apr,Spring,Dry,0.001162063,0,0,0.998837937,D,A,1,n
19,stdv,Sample 11,UrbanPopgen_Plate13_7-6-23_data.csv,31.17359162,36.25465584,29.55095196,20.8537941,1.070381596,3.996473418,0.351577543,0.467337747,2,2,2,2,3.761059731,0.829893029,0.000260802,0.26588251,0.220654041,6.93E-05,1.204974575,4.531981349,0.000314259,3834.333252,14421.15639,3182.086438,Sample 11_UrbanPopgen_Plate13_7-6-23_data.csv,urban_174,Cnat,Miami urban,MacArthur North,23-Jan,Winter,Dry,0.000261,0,0.000314,0.99942527,D,AC,1,n
29,stdv,Sample 1,UrbanPopgen_Plate14_7-6-23_data.csv,31.76989174,34.53241539,NA,20.62601185,2.498564979,1.763491573,NA,0.331573641,2,2,0,2,0.753980255,0,0.000147311,1.326294678,0,0.000195378,0,0,0,6788.336616,5118.271773,0,Sample 1_UrbanPopgen_Plate14_7-6-23_data.csv,urban_176,Cnat,Miami urban,MacArthur North,23-Jan,Winter,Dry,0,0,0,1,D,,1,n
34,stdv,Sample 4,UrbanPopgen_Plate14_7-6-23_data.csv,32.42425919,35.28432751,31.45568275,21.63258839,0.214189609,4.652333682,NA,0.041705823,2,2,1,2,0.806721896,0,0.000188045,1.239584552,0,0.000233098,0,0,0,5317.871848,4290.043658,0,Sample 4_UrbanPopgen_Plate14_7-6-23_data.csv,urban_184,Cnat,Miami urban,MacArthur North,23-Jan,Winter,Dry,0.000188,0,0,0.99981199,D,A,1,n
48,stdv,Sample 6,UrbanPopgen_Plate15_7-7-23_data.csv,29.50441551,36.30500794,NA,20.98572636,0.70546676,5.200098405,NA,0.243713983,2,2,0,2,12.38624878,0,0.000908862,0.080734694,0,7.34E-05,0,0,0,1100.277451,13628.31024,0,Sample 6_UrbanPopgen_Plate15_7-7-23_data.csv,urban_207,Cnat,Miami urban,MacArthur North,23-Jan,Winter,Dry,0.000908,0,0,0.999091964,D,A,1,n
72,stdv,Sample 7,UrbanPopgen_Plate44_1-18-24_data.csv,36.19822311,32.1999569,36.59458542,23.65430355,NA,2.131093019,NA,0.07785636,1,2,1,2,0,0,0,0,0,0.008028294,0,0,0,0,124.5594651,0,Sample 7_UrbanPopgen_Plate44_1-18-24_data.csv,urban_299,Cnat,Broward reef,FTL4,23-May,Spring,Dry,0,0,0,1,D,,1,n
117,stdv,Sample 6,UrbanPopgen_Plate70_3-25-24_data.csv,29.39636708,28.30590916,NA,23.65803433,1.484581937,6.802562043,NA,0.23991875,2,2,0,2,0.052179144,0,0.00624408,19.16474526,0,0.119666204,0,0,0,160.1516943,8.356578298,0,Sample 6_UrbanPopgen_Plate70_3-25-24_data.csv,urban_563,Cnat,Miami urban,Coral City Camera,24-Jan,,,NA,NA,NA,NA,,,NA,n