,violation,Sample.Name,File.Name,A.CT.mean,B.CT.mean,C.CT.mean,D.CT.mean,A.CT.sd,B.CT.sd,C.CT.sd,D.CT.sd,A.reps,B.reps,C.reps,D.reps,A.B,A.C,A.D,B.A,B.C,B.D,C.A,C.B,C.D,D.A,D.B,D.C,Sample.Plate,ID,Species,Region,Site,CollectionDate,Season,Rain,Depth,propA,propB,propC,propD,dom,background,totalSym,failed
1,reps,Sample 10,UrbanPopgen_Plate17_7-10-23_data.csv,27.7040329,21.18909932,32.22215557,NA,0.248365642,0.11569276,0.511913603,NA,2,2,2,0,0.001214974,58.55658951,0,823.0627336,48195.74663,0,0.017077497,2.07E-05,0,0,0,0,Sample 10_UrbanPopgen_Plate17_7-10-23_data.csv,nmfs_022,Pseu,Miami reef,Emerald Reef,21-Jan,Winter,Dry,6.4,0.001213475,0.998765802,2.07E-05,0,B,AC,1,n
2,reps,Sample 11,UrbanPopgen_Plate17_7-10-23_data.csv,20.9969492,21.3987608,32.1578722,32.69278717,0.638551053,0.298460375,1.777087808,NA,2,2,2,1,0.146796207,5851.37496,0,6.812165127,39860.53245,0,0.0001709,2.51E-05,0,0,0,0,Sample 11_UrbanPopgen_Plate17_7-10-23_data.csv,nmfs_023,Pseu,Miami reef,Emerald Reef,21-Jan,Winter,Dry,7.6,0.128005487,0.871994513,0,0,B,,1,n
3,reps,Sample 12,UrbanPopgen_Plate17_7-10-23_data.csv,29.35788155,21.76083565,33.66703033,34.3823967,0.772931387,0.235938736,NA,NA,2,2,1,1,0.000573877,0,0,1742.533765,0,0,0,0,0,0,0,0,Sample 12_UrbanPopgen_Plate17_7-10-23_data.csv,nmfs_024,Pseu,Miami reef,Emerald Reef,21-Jan,Winter,Dry,6.7,0.000574,0.999426452,0,0,B,A,1,n
4,reps,Sample 7,UrbanPopgen_Plate17_7-10-23_data.csv,24.77372551,22.55929947,34.03744889,NA,0.284926188,0.225677824,0.458174683,NA,2,2,2,0,0.023941361,1570.883341,0,41.7687204,65613.78703,0,0.000636585,1.52E-05,0,0,0,0,Sample 7_UrbanPopgen_Plate17_7-10-23_data.csv,nmfs_013,Pseu,Miami reef,Emerald Reef,21-Jan,Winter,Dry,6.7,0.023381226,0.97660389,1.49E-05,0,B,AC,1,n
5,reps,Sample 8,UrbanPopgen_Plate17_7-10-23_data.csv,34.42039681,22.20260334,33.15654564,32.86814499,3.554218785,0.61878452,0.716528795,NA,2,2,2,1,2.33E-05,1.064212157,0,42871.11938,45623.96644,0,0.939662259,2.19E-05,0,0,0,0,Sample 8_UrbanPopgen_Plate17_7-10-23_data.csv,nmfs_016,Pseu,Miami reef,Emerald Reef,21-Jan,Winter,Dry,6.7,0,0.999978082,2.19E-05,0,B,C,1,n
6,reps,Sample 9,UrbanPopgen_Plate17_7-10-23_data.csv,26.5978508,22.10145378,33.81944275,33.93398285,0.339855997,0.167713439,NA,NA,2,2,1,1,0.004922742,0,0,203.1388011,0,0,0,0,0,0,0,0,Sample 9_UrbanPopgen_Plate17_7-10-23_data.csv,nmfs_021,Pseu,Miami reef,Emerald Reef,21-Jan,Winter,Dry,6.7,0.004898628,0.995101372,0,0,B,A,1,n
7,reps,Sample 1,UrbanPopgen_Plate18_7-10-23_data.csv,25.38231278,NA,NA,21.81001759,0.213660919,NA,NA,0.161518865,2,0,0,2,0,0,0.028022749,0,0,0,0,0,0,35.68529245,0,0,Sample 1_UrbanPopgen_Plate18_7-10-23_data.csv,OS1 rex,Pseu,Miami reef,Emerald Reef,22-Jun,Summer,Wet,8.2,0.02725888,0,0,0.97274112,D,A,1,n
9,reps,Sample 11,UrbanPopgen_Plate18_7-10-23_data.csv,34.38454437,20.84391785,NA,31.63264275,1.362347987,0.075548731,NA,NA,2,2,0,1,9.32E-06,0,0,107245.049,0,0,0,0,0,0,0,0,Sample 11_UrbanPopgen_Plate18_7-10-23_data.csv,OS9 rex,Pseu,Miami reef,Emerald Reef,22-Jun,Summer,Wet,7,9.32E-06,0.999990676,0,0,B,A,1,n
11,reps,Sample 3,UrbanPopgen_Plate18_7-10-23_data.csv,25.68801117,21.44158554,37.39994049,NA,0.193686687,0.032924447,NA,NA,2,2,1,0,0.005854044,0,0,170.8220771,0,0,0,0,0,0,0,0,Sample 3_UrbanPopgen_Plate18_7-10-23_data.csv,OS21,Pseu,Miami reef,Emerald Reef,22-Jul,Summer,Wet,6.1,0.005819974,0.994180026,0,0,B,A,1,n
12,reps,Sample 4,UrbanPopgen_Plate18_7-10-23_data.csv,23.37711907,22.29077435,34.74839592,NA,0.184199938,0.00098051,1.704952635,NA,2,2,2,0,0.052328121,6769.876544,0,19.11018344,129373.5826,0,0.000147713,7.73E-06,0,0,0,0,Sample 4_UrbanPopgen_Plate18_7-10-23_data.csv,OS22 rex,Pseu,Miami reef,Emerald Reef,22-Jul,Summer,Wet,6.1,0.049726051,0.950273949,0,0,B,A,1,n
13,reps,Sample 5,UrbanPopgen_Plate18_7-10-23_data.csv,35.81949044,21.69983006,39.01003647,NA,1.647266079,0.094372529,NA,NA,2,2,1,0,6.24E-06,0,0,160207.8575,0,0,0,0,0,0,0,0,Sample 5_UrbanPopgen_Plate18_7-10-23_data.csv,OS23 rex,Pseu,Miami reef,Emerald Reef,22-Jul,Summer,Wet,6.1,0,1,0,0,B,,1,n
14,reps,Sample 6,UrbanPopgen_Plate18_7-10-23_data.csv,39.07727051,22.87478828,37.72108841,34.25407791,1.153855283,0.083983497,NA,NA,2,2,1,1,1.47E-06,0,0,678696.5841,0,0,0,0,0,0,0,0,Sample 6_UrbanPopgen_Plate18_7-10-23_data.csv,OS24,Pseu,Miami reef,Emerald Reef,22-Jul,Summer,Wet,6.1,0,1,0,0,B,,1,n
15,reps,Sample 7,UrbanPopgen_Plate18_7-10-23_data.csv,24.06895352,32.77834702,36.37341881,21.43440437,0.251927559,NA,0.146714192,0.151493979,2,1,2,2,0,12927.0212,0.053678507,0,0,0,7.74E-05,0,4.15E-06,18.62943023,0,240823.0395,Sample 7_UrbanPopgen_Plate18_7-10-23_data.csv,OS5 rex,Pseu,Miami reef,Emerald Reef,22-Jun,Summer,Wet,8.2,0.050943914,0,0,0.949056086,D,A,1,n
18,reps,Sample 1,UrbanPopgen_Plate19_7-10-23_data.csv,22.70628453,NA,NA,21.82010079,1.111407677,NA,NA,0.535228561,2,0,0,2,0,0,0.180347804,0,0,0,0,0,0,5.544841574,0,0,Sample 1_UrbanPopgen_Plate19_7-10-23_data.csv,urban_078,Pseu,Miami reef,Emerald Reef,22-Oct,Fall,Wet,7.9,0.152792087,0,0,0.847207913,D,,1,n
20,reps,Sample 11,UrbanPopgen_Plate19_7-10-23_data.csv,28.22420502,22.13949966,27.88458825,32.78501511,0.347565165,0.251297717,0.778123884,NA,2,2,2,1,0.001637113,2.01953085,0,610.8313748,1233.592806,0,0.495164508,0.00081064,0,0,0,0,Sample 11_UrbanPopgen_Plate19_7-10-23_data.csv,urban_325 cc5,Pseu,Miami reef,Emerald Reef,23-Jun,Summer,Wet,6.4,0.001633116,0.997558224,0.000809,0,B,AC,1,n
23,reps,Sample 3,UrbanPopgen_Plate19_7-10-23_data.csv,26.56056977,NA,31.54634285,21.89682484,0.129526371,NA,1.036057197,0.096587088,2,0,2,2,0,80.97530206,0.013150784,0,0,0,0.012349445,0,0.000162405,76.04109651,0,6157.450759,Sample 3_UrbanPopgen_Plate19_7-10-23_data.csv,urban_086,Pseu,Miami reef,Emerald Reef,22-Oct,Fall,Wet,7.9,0.012978005,0,0.00016,0.986861724,D,AC,1,n
26,reps,Sample 6,UrbanPopgen_Plate19_7-10-23_data.csv,24.4459486,22.78046322,30.15873528,34.29009628,0.597742111,0.02370608,1.374993397,NA,2,2,2,1,0.035026475,134.0310669,0,28.5498326,3826.564523,0,0.007460957,0.000261331,0,0,0,0,Sample 6_UrbanPopgen_Plate19_7-10-23_data.csv,urban_173,Pseu,Miami reef,Emerald Reef,23-Jan,Winter,Dry,7.5,0.033832597,0.96591498,0.000252,0,B,AC,1,n
29,reps,Sample 9,UrbanPopgen_Plate19_7-10-23_data.csv,34.81862068,21.6724062,32.00399971,NA,1.380833257,0.046526078,0.453424558,NA,2,2,2,0,1.23E-05,0.363245287,0,81591.9662,29637.89718,0,2.752960701,3.37E-05,0,0,0,0,Sample 9_UrbanPopgen_Plate19_7-10-23_data.csv,urban_323 cc5,Pseu,Miami reef,Emerald Reef,23-Jun,Summer,Wet,8.5,1.23E-05,0.999954005,3.37E-05,0,B,AC,1,n
31,reps,Sample 10,UrbanPopgen_Plate20_7-10-23_data.csv,26.00417042,21.44048119,34.63033486,NA,0.308152129,NA,3.048488973,NA,2,1,2,0,0,1009.76327,0,0,0,0,0.000990331,0,0,0,0,0,Sample 10_UrbanPopgen_Plate20_7-10-23_data.csv,OS16 rex,Pseu,Miami reef,Rainbow Reef,22-Jun,Summer,Wet,7,1,0,0,0,A,,1,y
32,reps,Sample 11,UrbanPopgen_Plate20_7-10-23_data.csv,26.81537247,20.65675164,36.917099,NA,0.514350696,0.049049487,NA,NA,2,2,1,0,0.001555349,0,0,642.9424654,0,0,0,0,0,0,0,0,Sample 11_UrbanPopgen_Plate20_7-10-23_data.csv,OS17 rex,Pseu,Miami reef,Rainbow Reef,22-Jun,Summer,Wet,6.7,0.001552934,0.998447066,0,0,B,A,1,n
33,reps,Sample 2,UrbanPopgen_Plate20_7-10-23_data.csv,34.53970528,21.94041634,NA,NA,3.043185884,0.055860425,NA,NA,2,2,0,0,1.79E-05,0,0,55847.84304,0,0,0,0,0,0,0,0,Sample 2_UrbanPopgen_Plate20_7-10-23_data.csv,nmfs_008,Pseu,Miami reef,Rainbow Reef,21-Jan,Winter,Dry,7,0,1,0,0,B,,1,n
34,reps,Sample 3,UrbanPopgen_Plate20_7-10-23_data.csv,35.07995606,21.28975582,37.13855362,32.64395905,0.778479941,0.143991166,NA,NA,2,2,1,1,7.84E-06,0,0,127498.8966,0,0,0,0,0,0,0,0,Sample 3_UrbanPopgen_Plate20_7-10-23_data.csv,nmfs_009,Pseu,Miami reef,Rainbow Reef,21-Jan,Winter,Dry,7,7.84E-06,0.999992157,0,0,B,A,1,n
36,reps,Sample 5,UrbanPopgen_Plate20_7-10-23_data.csv,30.0668974,21.74961758,36.79368973,32.03804779,0.959606191,0.175140726,2.035408206,NA,2,2,2,1,0.000348343,270.6771484,0,2870.735749,777042.5664,0,0.003694438,1.29E-06,0,0,0,0,Sample 5_UrbanPopgen_Plate20_7-10-23_data.csv,OS11 cc5,Pseu,Miami reef,Rainbow Reef,22-Jun,Summer,Wet,7.9,0.000348,0.999651779,0,0,B,A,1,n
39,reps,Sample 8,UrbanPopgen_Plate20_7-10-23_data.csv,27.52077485,23.12015248,NA,NA,0.447654829,0.252844676,NA,NA,2,2,0,0,0.005260635,0,0,190.0911256,0,0,0,0,0,0,0,0,Sample 8_UrbanPopgen_Plate20_7-10-23_data.csv,OS14 rex,Pseu,Miami reef,Rainbow Reef,22-Jun,Summer,Wet,8.8,0.005233105,0.994766895,0,0,B,A,1,n
41,reps,Sample 1,UrbanPopgen_Plate21_7-10-23_data.csv,33.222929,22.80223275,NA,NA,3.324675583,0.043352582,NA,NA,2,2,0,0,8.11E-05,0,0,12336.29249,0,0,0,0,0,0,0,0,Sample 1_UrbanPopgen_Plate21_7-10-23_data.csv,OS18 rex,Pseu,Miami reef,Rainbow Reef,22-Jun,Summer,Wet,6.7,0,1,0,0,B,,1,n
42,reps,Sample 10,UrbanPopgen_Plate21_7-10-23_data.csv,25.70009995,22.14038277,35.76299095,NA,0.332594611,0.304288109,3.968717193,NA,2,2,2,0,0.00942271,2733.489199,0,106.126577,290095.8519,0,0.000365833,3.45E-06,0,0,0,0,Sample 10_UrbanPopgen_Plate21_7-10-23_data.csv,urban_111,Pseu,Miami reef,Rainbow Reef,22-Oct,Fall,Wet,6.1,0.009334752,0.990665248,0,0,B,A,1,n
43,reps,Sample 11,UrbanPopgen_Plate21_7-10-23_data.csv,32.58802414,21.00290776,33.3599453,NA,1.444273365,0.181692707,0.793550302,NA,2,2,2,0,3.62E-05,4.363718733,0,27650.94922,120660.9651,0,0.229162341,8.29E-06,0,0,0,0,Sample 11_UrbanPopgen_Plate21_7-10-23_data.csv,urban_311,Pseu,Miami reef,Rainbow Reef,23-Jun,Summer,Wet,4.6,3.62E-05,0.999955549,8.29E-06,0,B,AC,1,n
45,reps,Sample 2,UrbanPopgen_Plate21_7-10-23_data.csv,21.34202099,22.33849335,32.82228088,32.63999939,0.012630568,0.154687698,NA,NA,2,2,1,1,0.221679514,0,0,4.511016745,0,0,0,0,0,0,0,0,Sample 2_UrbanPopgen_Plate21_7-10-23_data.csv,OS19 rex2,Pseu,Miami reef,Rainbow Reef,22-Jun,Summer,Wet,6.7,0.18145472,0.81854528,0,0,B,,1,n
46,reps,Sample 3,UrbanPopgen_Plate21_7-10-23_data.csv,27.05337525,20.58487702,32.09430599,NA,0.169628588,0.245940683,1.00052033,NA,2,2,2,0,0.001254716,84.13112317,0,796.9929937,67051.91572,0,0.011886208,1.49E-05,0,0,0,0,Sample 3_UrbanPopgen_Plate21_7-10-23_data.csv,OS20 rex,Pseu,Miami reef,Rainbow Reef,22-Jun,Summer,Wet,6.1,0.001253125,0.99873198,1.49E-05,0,B,AC,1,n
47,reps,Sample 4,UrbanPopgen_Plate21_7-10-23_data.csv,33.11377716,NA,NA,20.38199521,0.297722643,NA,NA,0.577627617,2,0,0,2,0,0,4.90E-05,0,0,0,0,0,0,20406.54689,0,0,Sample 4_UrbanPopgen_Plate21_7-10-23_data.csv,urban_092,Pseu,Miami reef,Rainbow Reef,22-Oct,Fall,Wet,8.5,4.90E-05,0,0,0.999950999,D,A,1,n
50,reps,Sample 7,UrbanPopgen_Plate21_7-10-23_data.csv,25.86426735,NA,NA,23.08315087,0.02444652,NA,NA,0.301954854,2,0,0,2,0,0,0.048493023,0,0,0,0,0,0,20.62152306,0,0,Sample 7_UrbanPopgen_Plate21_7-10-23_data.csv,urban_108,Pseu,Miami reef,Rainbow Reef,22-Oct,Fall,Wet,5.5,0.046250211,0,0,0.953749789,D,A,1,n
53,reps,Sample 1,UrbanPopgen_Plate22_7-10-23_data.csv,35.01530838,20.93895912,32.6199646,NA,4.285788272,0.259897027,NA,NA,2,2,1,0,6.43E-06,0,0,155469.7378,0,0,0,0,0,0,0,0,Sample 1_UrbanPopgen_Plate22_7-10-23_data.csv,urban_315,Pseu,Miami reef,Rainbow Reef,23-Jun,Summer,Wet,1.8,0,1,0,0,B,,1,n
57,reps,Sample 3,UrbanPopgen_Plate22_7-10-23_data.csv,32.84705353,21.58573342,34.80585575,32.47620773,2.890192153,0.150236991,5.414022312,NA,2,2,2,1,4.53E-05,9.934443642,0,22092.13329,219473.0531,0,0.10065989,4.56E-06,0,0,0,0,Sample 3_UrbanPopgen_Plate22_7-10-23_data.csv,urban_319,Pseu,Miami reef,Rainbow Reef,23-Jun,Summer,Wet,4.9,0,1,0,0,B,,1,n
58,reps,Sample 4,UrbanPopgen_Plate22_7-10-23_data.csv,32.81873512,31.55187035,NA,21.76028729,1.191136024,NA,NA,0.335506449,2,1,0,2,0,0,0.000156298,0,0,0,0,0,0,6398.022434,0,0,Sample 4_UrbanPopgen_Plate22_7-10-23_data.csv,urban_211,Pseu,Miami urban,Belle Isle,23-Apr,Spring,Dry,0.3,0.000156,0,0,0.999843726,D,A,1,n
60,reps,Sample 6,UrbanPopgen_Plate22_7-10-23_data.csv,31.84996891,NA,NA,23.37732125,1.396614382,NA,NA,0.158172737,2,0,0,2,0,0,0.000938334,0,0,0,0,0,0,1065.718107,0,0,Sample 6_UrbanPopgen_Plate22_7-10-23_data.csv,urban_215,Pseu,Miami urban,Belle Isle,23-Apr,Spring,Dry,0.6,0.000937,0,0,0.999062545,D,A,1,n
61,reps,Sample 7,UrbanPopgen_Plate22_7-10-23_data.csv,29.16927433,33.30500031,NA,23.05669022,0.072852688,NA,NA,0.271323201,2,1,0,2,0,0,0.004817343,0,0,0,0,0,0,207.583306,0,0,Sample 7_UrbanPopgen_Plate22_7-10-23_data.csv,urban_216,Pseu,Miami urban,Belle Isle,23-Apr,Spring,Dry,0.3,0.004794248,0,0,0.995205752,D,A,1,n
62,reps,Sample 8,UrbanPopgen_Plate22_7-10-23_data.csv,34.5375824,NA,NA,22.98827172,0.187150892,NA,NA,0.232051777,2,0,0,2,0,0,0.000111222,0,0,0,0,0,0,8991.045566,0,0,Sample 8_UrbanPopgen_Plate22_7-10-23_data.csv,urban_217,Pseu,Miami urban,Belle Isle,23-Apr,Spring,Dry,0.6,0.000111,0,0,0.999888791,D,A,1,n
63,reps,Sample 9,UrbanPopgen_Plate22_7-10-23_data.csv,30.66321945,34.26812744,NA,23.90891266,0.018525731,NA,NA,0.579344508,2,1,0,2,0,0,0.003087662,0,0,0,0,0,0,323.8696101,0,0,Sample 9_UrbanPopgen_Plate22_7-10-23_data.csv,urban_218,Pseu,Miami urban,Belle Isle,23-Apr,Spring,Dry,0.9,0.003078158,0,0,0.996921842,D,A,1,n
66,reps,Sample 11,UrbanPopgen_Plate23_7-11-23_data.csv,30.31107998,NA,NA,26.1257,1.457920851,NA,NA,0.22507631,2,0,0,2,0,0,0.018321196,0,0,0,0,0,0,54.58158882,0,0,Sample 11_UrbanPopgen_Plate23_7-11-23_data.csv,urban_235,Pseu,Miami urban,Belle Isle,23-Apr,Spring,Dry,0.7,0.017991569,0,0,0.982008431,D,A,1,n
67,reps,Sample 12,UrbanPopgen_Plate23_7-11-23_data.csv,32.81291771,NA,34.71415139,23.48105049,2.099080294,NA,0.290329071,0.303624552,2,0,2,2,0,9.545829905,0.000517258,0,0,0,0.104757785,0,5.42E-05,1933.273079,0,18454.69598,Sample 12_UrbanPopgen_Plate23_7-11-23_data.csv,urban_236,Pseu,Miami urban,Belle Isle,23-Apr,Spring,Dry,0.5,0,0,5.42E-05,0.999945816,D,C,1,n
71,reps,Sample 5,UrbanPopgen_Plate23_7-11-23_data.csv,26.78713703,36.61098862,NA,22.44419956,0.170625276,NA,NA,0.12295416,2,1,0,2,0,0,0.016425716,0,0,0,0,0,0,60.88014841,0,0,Sample 5_UrbanPopgen_Plate23_7-11-23_data.csv,urban_228,Pseu,Miami urban,Belle Isle,23-Apr,Spring,Dry,0.6,0.016160272,0,0,0.983839728,D,A,1,n
72,reps,Sample 6,UrbanPopgen_Plate23_7-11-23_data.csv,35.51570702,39.91114807,NA,22.82772064,0.047363617,NA,NA,0.130489344,2,1,0,2,0,0,5.05E-05,0,0,0,0,0,0,19796.37802,0,0,Sample 6_UrbanPopgen_Plate23_7-11-23_data.csv,urban_229,Pseu,Miami urban,Belle Isle,23-Apr,Spring,Dry,0.6,5.05E-05,0,0,0.999949488,D,A,1,n
73,reps,Sample 7,UrbanPopgen_Plate23_7-11-23_data.csv,29.36368275,37.29235458,NA,24.5731926,0.28189835,NA,NA,0.271164059,2,1,0,2,0,0,0.012044742,0,0,0,0,0,0,83.02377642,0,0,Sample 7_UrbanPopgen_Plate23_7-11-23_data.csv,urban_230,Pseu,Miami urban,Belle Isle,23-Apr,Spring,Dry,0.3,0.011901393,0,0,0.988098607,D,A,1,n
74,reps,Sample 8,UrbanPopgen_Plate23_7-11-23_data.csv,31.73622418,38.44294357,NA,22.46558285,0.249154639,NA,NA,0.130032129,2,1,0,2,0,0,0.000539682,0,0,0,0,0,0,1852.944334,0,0,Sample 8_UrbanPopgen_Plate23_7-11-23_data.csv,urban_232,Pseu,Miami urban,Belle Isle,23-Apr,Spring,Dry,1.2,0.000539,0,0,0.999460609,D,A,1,n
78,reps,Sample 11,UrbanPopgen_Plate24_7-11-23_data.csv,31.9642725,31.59070396,NA,21.5671568,1.98574775,NA,NA,0.426977923,2,1,0,2,0,0,0.000247192,0,0,0,0,0,0,4045.432418,0,0,Sample 11_UrbanPopgen_Plate24_7-11-23_data.csv,nmfs_030,Pseu,Miami urban,MacArthur North,21-Jan,Winter,Dry,0.9,0,0,0,1,D,,1,n
83,reps,Sample 6,UrbanPopgen_Plate24_7-11-23_data.csv,26.02025795,NA,NA,23.20951176,0.533442883,NA,NA,0.030026087,2,0,0,2,0,0,0.047507243,0,0,0,0,0,0,21.04942167,0,0,Sample 6_UrbanPopgen_Plate24_7-11-23_data.csv,urban_244,Pseu,Miami urban,Belle Isle,23-Apr,Spring,Dry,0.8,0.045352663,0,0,0.954647337,D,A,1,n
85,reps,Sample 8,UrbanPopgen_Plate24_7-11-23_data.csv,36.50018692,38.39707565,33.69980621,21.43459988,0.965819644,NA,NA,0.262272078,2,1,1,2,0,0,9.72E-06,0,0,0,0,0,0,102876.1866,0,0,Sample 8_UrbanPopgen_Plate24_7-11-23_data.csv,nmfs_027,Pseu,Miami urban,MacArthur North,21-Jan,Winter,Dry,0.9,0,0,0,1,D,,1,n
86,reps,Sample 9,UrbanPopgen_Plate24_7-11-23_data.csv,26.74671364,33.5002327,32.45192719,20.91222096,0.022917097,NA,NA,0.405687362,2,1,1,2,0,0,0.00584146,0,0,0,0,0,0,171.1900666,0,0,Sample 9_UrbanPopgen_Plate24_7-11-23_data.csv,nmfs_028,Pseu,Miami urban,MacArthur North,21-Jan,Winter,Dry,1.2,0.005807536,0,0,0.994192464,D,A,1,n
88,reps,Sample 10,UrbanPopgen_Plate25_7-11-23_data.csv,35.4809742,33.71690369,NA,20.68297959,1.753290016,NA,NA,0.060297647,2,1,0,2,0,0,1.17E-05,0,0,0,0,0,0,85459.72865,0,0,Sample 10_UrbanPopgen_Plate25_7-11-23_data.csv,UR18 rex2,Pseu,Miami urban,MacArthur North,22-Jun,Summer,Wet,0.6,0,0,0,1,D,,1,n
91,reps,Sample 2,UrbanPopgen_Plate25_7-11-23_data.csv,28.90224839,32.91199112,32.29690266,21.29689408,0.089418751,NA,1.251019618,0.127004305,2,1,2,2,0,26.87683262,0.001711745,0,0,0,0.037206765,0,6.37E-05,584.1992965,0,15701.42671,Sample 2_UrbanPopgen_Plate25_7-11-23_data.csv,UR10 rex,Pseu,Miami urban,MacArthur North,22-Jun,Summer,Wet,0.3,0.001708711,0,6.36E-05,0.998227713,D,AC,1,n
92,reps,Sample 3,UrbanPopgen_Plate25_7-11-23_data.csv,28.72509003,32.86036682,NA,21.80374909,0.084080604,NA,NA,0.184145985,2,1,0,2,0,0,0.002750094,0,0,0,0,0,0,363.6239564,0,0,Sample 3_UrbanPopgen_Plate25_7-11-23_data.csv,UR11 rex,Pseu,Miami urban,MacArthur North,22-Jun,Summer,Wet,0.3,0.002742552,0,0,0.997257448,D,A,1,n
93,reps,Sample 4,UrbanPopgen_Plate25_7-11-23_data.csv,29.54986572,31.24493599,NA,22.98421097,0.437353464,NA,NA,0.214796526,2,1,0,2,0,0,0.003519004,0,0,0,0,0,0,284.1713403,0,0,Sample 4_UrbanPopgen_Plate25_7-11-23_data.csv,UR12 cc5,Pseu,Miami urban,MacArthur North,22-Jun,Summer,Wet,0.3,0.003506664,0,0,0.996493336,D,A,1,n
95,reps,Sample 6,UrbanPopgen_Plate25_7-11-23_data.csv,28.91536618,NA,NA,22.11680031,0.479849627,NA,NA,0.185470411,2,0,0,2,0,0,0.002994377,0,0,0,0,0,0,333.9592746,0,0,Sample 6_UrbanPopgen_Plate25_7-11-23_data.csv,UR14 rex2,Pseu,Miami urban,MacArthur North,22-Jun,Summer,Wet,0.3,0.002985438,0,0,0.997014562,D,A,1,n
96,reps,Sample 7,UrbanPopgen_Plate25_7-11-23_data.csv,25.31330776,NA,31.84087372,22.59294892,0.138375183,NA,NA,0.131713961,2,0,1,2,0,0,0.050578871,0,0,0,0,0,0,19.77110152,0,0,Sample 7_UrbanPopgen_Plate25_7-11-23_data.csv,UR15 rex,Pseu,Miami urban,MacArthur North,22-Jun,Summer,Wet,0.3,0.048143812,0,0,0.951856188,D,A,1,n
97,reps,Sample 8,UrbanPopgen_Plate25_7-11-23_data.csv,NA,NA,NA,NA,NA,NA,NA,NA,0,0,0,0,0,0,0,0,0,0,0,0,0,0,0,0,Sample 8_UrbanPopgen_Plate25_7-11-23_data.csv,UR16 rex2,Pseu,Miami urban,MacArthur North,22-Jun,Summer,Wet,0.3,0,0,0,0,,,0,y
101,reps,Sample 11,UrbanPopgen_Plate26_7-11-23_data.csv,21.2149477,32.97653961,NA,21.75551319,0.521071272,NA,NA,0.032683027,2,1,0,2,0,0,0.484847513,0,0,0,0,0,0,2.062504134,0,0,Sample 11_UrbanPopgen_Plate26_7-11-23_data.csv,urban_123,Pseu,Miami urban,MacArthur North,22-Oct,Fall,Wet,0.9,0.326530172,0,0,0.673469828,D,,1,n
103,reps,Sample 3,UrbanPopgen_Plate26_7-11-23_data.csv,31.85933114,NA,NA,23.14469624,0.635968296,NA,NA,0.202867281,2,0,0,2,0,0,0.000793437,0,0,0,0,0,0,1260.340115,0,0,Sample 3_UrbanPopgen_Plate26_7-11-23_data.csv,UR4 rex,Pseu,Miami urban,MacArthur North,22-Jun,Summer,Wet,0.6,0.000793,0,0,0.999207192,D,A,1,n
104,reps,Sample 4,UrbanPopgen_Plate26_7-11-23_data.csv,NA,38.86065292,32.71930695,21.95161438,NA,NA,NA,0.250599096,0,1,1,2,0,0,0,0,0,0,0,0,0,0,0,0,Sample 4_UrbanPopgen_Plate26_7-11-23_data.csv,UR5 cc5,Pseu,Miami urban,MacArthur North,22-Jun,Summer,Wet,0.3,0,0,0,1,D,,1,n
105,reps,Sample 5,UrbanPopgen_Plate26_7-11-23_data.csv,32.93011093,39.92498016,NA,20.61397266,1.928909531,NA,NA,0.106462266,2,1,0,2,0,0,6.54E-05,0,0,0,0,0,0,15298.48076,0,0,Sample 5_UrbanPopgen_Plate26_7-11-23_data.csv,UR6 rex,Pseu,Miami urban,MacArthur North,22-Jun,Summer,Wet,0.3,0,0,0,1,D,,1,n
107,reps,Sample 7,UrbanPopgen_Plate26_7-11-23_data.csv,27.5403204,NA,NA,20.84954357,0.251528347,NA,NA,0.120426691,2,0,0,2,0,0,0.003226668,0,0,0,0,0,0,309.9172679,0,0,Sample 7_UrbanPopgen_Plate26_7-11-23_data.csv,UR8 rex,Pseu,Miami urban,MacArthur North,22-Jun,Summer,Wet,0.6,0.00321629,0,0,0.99678371,D,A,1,n
116,reps,Sample 4,UrbanPopgen_Plate27_7-13-23_data.csv,22.74631119,33.04393005,38.0758934,24.56497288,0.244597379,NA,NA,0.095375956,2,1,1,2,0,0,1.175846054,0,0,0,0,0,0,0.850451466,0,0,Sample 4_UrbanPopgen_Plate27_7-13-23_data.csv,urban_127,Pseu,Miami urban,MacArthur North,22-Oct,Fall,Wet,0.9,0.540408662,0,0,0.459591338,A,,1,n
118,reps,Sample 6,UrbanPopgen_Plate27_7-13-23_data.csv,26.08138085,21.34153939,29.22343064,32.58152008,0.496979458,0.028290317,1.078201348,NA,2,2,2,1,0.004158369,22.55986836,0,240.4788927,5425.172165,0,0.0443265,0.000184326,0,0,0,0,Sample 6_UrbanPopgen_Plate27_7-13-23_data.csv,urban_181,Pseu,Miami urban,MacArthur North,23-Jan,Winter,Dry,1.2,0.004140389,0.995676082,0.000184,0,B,AC,1,n
119,reps,Sample 7,UrbanPopgen_Plate27_7-13-23_data.csv,28.74837971,22.14076328,25.27148152,33.69816208,0.062351707,0.171326599,0.35078721,NA,2,2,2,1,0.001139375,0.229527475,0,877.6740406,201.4503066,0,4.356776891,0.004964003,0,0,0,0,Sample 7_UrbanPopgen_Plate27_7-13-23_data.csv,urban_183,Pseu,Miami urban,MacArthur North,23-Jan,Winter,Dry,1.2,0.001132463,0.993933647,0.00493389,0,B,AC,1,n
125,reps,Sample 2,UrbanPopgen_Plate28_7-13-23_data.csv,26.89294911,27.77803517,37.39623451,32.72785568,0.030789459,0.254320153,0.813748426,NA,2,2,2,1,0.20520831,3709.27717,0,4.873097005,18075.66747,0,0.000269594,5.53E-05,0,0,0,0,Sample 2_UrbanPopgen_Plate28_7-13-23_data.csv,UR23 rex2,Pseu,Miami urban,Star Island,22-Jun,Summer,Wet,0.9,0.170267918,0.829732082,0,0,B,,1,n
127,reps,Sample 4,UrbanPopgen_Plate28_7-13-23_data.csv,37.28774452,21.77204895,34.8986435,NA,0.124514603,0.115381216,0.855512238,NA,2,2,2,0,2.37E-06,0.487858926,0,421630.7526,205696.3261,0,2.049772889,4.86E-06,0,0,0,0,Sample 4_UrbanPopgen_Plate28_7-13-23_data.csv,UR25 rex,Pseu,Miami urban,Star Island,22-Jun,Summer,Wet,0.3,0,0.999995138,4.86E-06,0,B,C,1,n
128,reps,Sample 5,UrbanPopgen_Plate28_7-13-23_data.csv,30.53749847,NA,NA,23.75034142,NA,NA,NA,0.140663925,1,0,0,2,0,0,0,0,0,0,0,0,0,0,0,0,Sample 5_UrbanPopgen_Plate28_7-13-23_data.csv,UR26 rex2,Pseu,Miami urban,Star Island,22-Jun,Summer,Wet,1.2,0,0,0,1,D,,1,n
131,reps,Sample 8,UrbanPopgen_Plate28_7-13-23_data.csv,28.33594704,33.49058533,NA,20.66171742,0.470927983,NA,NA,0.234227233,2,1,0,2,0,0,0.001631945,0,0,0,0,0,0,612.7658666,0,0,Sample 8_UrbanPopgen_Plate28_7-13-23_data.csv,UR29,Pseu,Miami urban,Star Island,22-Jun,Summer,Wet,0.9,0.001629286,0,0,0.998370714,D,A,1,n
132,reps,Sample 9,UrbanPopgen_Plate28_7-13-23_data.csv,35.76977921,34.55667496,NA,21.96644116,NA,NA,NA,0.019233792,1,1,0,2,0,0,0,0,0,0,0,0,0,0,0,0,Sample 9_UrbanPopgen_Plate28_7-13-23_data.csv,UR30,Pseu,Miami urban,Star Island,22-Jun,Summer,Wet,1.2,0,0,0,1,D,,1,n
133,reps,Sample 1,UrbanPopgen_Plate29_7-13-23_data.csv,30.6751585,26.02753448,37.67575455,33.78804398,1.147366694,0.23023913,0.71922889,NA,2,2,2,1,0.004432852,327.246284,0,225.5883917,73822.96289,0,0.003055802,1.35E-05,0,0,0,0,Sample 1_UrbanPopgen_Plate29_7-13-23_data.csv,urban_007,Pseu,Miami urban,Star Island,22-Jul,Summer,Wet,2.4,0.004413289,0.995586711,0,0,B,A,1,n
135,reps,Sample 11,UrbanPopgen_Plate29_7-13-23_data.csv,29.74919224,24.52080631,34.36616898,NA,0.607231562,0.398965443,4.894860808,NA,2,2,2,0,0.002963852,62.70956903,0,337.3987752,21158.13179,0,0.01594653,4.73E-05,0,0,0,0,Sample 11_UrbanPopgen_Plate29_7-13-23_data.csv,urban_032,Pseu,Miami urban,Star Island,22-Jul,Summer,Wet,2.4,0.002955093,0.997044907,0,0,B,A,1,n
136,reps,Sample 12,UrbanPopgen_Plate29_7-13-23_data.csv,30.54977226,25.11742878,30.80968189,39.56633759,0.146916495,0.498769181,0.67253288,NA,2,2,2,1,0.002573115,3.060031671,0,388.6340457,1189.232488,0,0.326794003,0.000840878,0,0,0,0,Sample 12_UrbanPopgen_Plate29_7-13-23_data.csv,urban_033,Pseu,Miami urban,Star Island,22-Jul,Summer,Wet,2.4,0.00256436,0.996597622,0.000838,0,B,AC,1,n
149,reps,Sample 3,UrbanPopgen_Plate30_7-13-23_data.csv,27.07912159,23.72351838,32.53903389,32.44266129,0.613985853,0.645357939,0.165730853,NA,2,2,2,1,0.010854761,112.4819153,0,92.12547301,10362.44965,0,0.008890318,9.65E-05,0,0,0,0,Sample 3_UrbanPopgen_Plate30_7-13-23_data.csv,urban_036,Pseu,Miami urban,Star Island,22-Jul,Summer,Wet,2.4,0.010737175,0.989167368,9.55E-05,0,B,AC,1,n
151,reps,Sample 5,UrbanPopgen_Plate30_7-13-23_data.csv,26.37157822,24.0563097,36.7928772,32.93167114,0.121714707,0.4487756,1.835520206,NA,2,2,2,1,0.022325039,3504.361604,0,44.79275559,156970.0128,0,0.000285359,6.37E-06,0,0,0,0,Sample 5_UrbanPopgen_Plate30_7-13-23_data.csv,urban_038,Pseu,Miami urban,Star Island,22-Jul,Summer,Wet,2.4,0.021837515,0.978162485,0,0,B,A,1,n
153,reps,Sample 7,UrbanPopgen_Plate30_7-13-23_data.csv,24.81108284,25.98593044,38.28878403,39.47378159,0.122391755,0.015185005,NA,NA,2,2,1,1,0.250854478,0,0,3.986374917,0,0,0,0,0,0,0,0,Sample 7_UrbanPopgen_Plate30_7-13-23_data.csv,urban_040,Pseu,Miami urban,Star Island,22-Jul,Summer,Wet,2.4,0.200546493,0.799453507,0,0,B,,1,n
157,reps,Sample 12,UrbanPopgen_Plate31_7-13-23_data.csv,28.76630879,25.12002564,NA,NA,1.096135005,0.275353115,NA,NA,2,2,0,0,0.008873948,0,0,112.6894113,0,0,0,0,0,0,0,0,Sample 12_UrbanPopgen_Plate31_7-13-23_data.csv,OS16 rex,Pseu,Miami reef,Rainbow Reef,22-Jun,Summer,Wet,7,0.008795894,0.991204106,0,0,B,A,1,n
161,reps,Sample 3,UrbanPopgen_Plate43_1-18-24_data.csv,22.50794411,22.51609993,29.76667309,35.36326981,0.137497182,0.011078214,0.082031924,NA,2,2,2,1,0.111741021,391.3636448,0,8.94926489,3502.416925,0,0.002555168,0.000285517,0,0,0,0,Sample 3_UrbanPopgen_Plate43_1-18-24_data.csv,urban_293,Pseu,Broward reef,T328,23-May,Spring,Dry,5.5,0.100458821,0.899032601,0.000509,0,B,C,1,n
166,reps,Sample 8,UrbanPopgen_Plate43_1-18-24_data.csv,30.59121991,25.25601769,33.6819725,32.57426834,0.187295199,1.409290805,1.219509957,NA,2,2,2,1,0.002752337,21.77181157,0,363.3276172,7910.300417,0,0.045930951,0.000126417,0,0,0,0,Sample 8_UrbanPopgen_Plate43_1-18-24_data.csv,urban_303,Pseu,Broward reef,FTL4,23-May,Spring,Dry,7,0.002744079,0.996999827,0.000256,0,B,AC,1,n
168,reps,Sample 1,UrbanPopgen_Plate45_1-19-24_data.csv,NA,NA,NA,34.63132286,NA,NA,NA,2.882809378,0,0,0,2,0,0,0,0,0,0,0,0,0,0,0,0,Sample 1_UrbanPopgen_Plate45_1-19-24_data.csv,Peanut_017,Pseu,Palm Beach urban,Peanut Island,23-Mar,Spring,Dry,1.6,0,0,0,0,,,0,y
169,reps,Sample 10,UrbanPopgen_Plate45_1-19-24_data.csv,NA,NA,NA,31.74654675,NA,NA,NA,0.917542961,0,0,0,2,0,0,0,0,0,0,0,0,0,0,0,0,Sample 10_UrbanPopgen_Plate45_1-19-24_data.csv,Peanut_033,Pseu,Palm Beach urban,Peanut Island,23-Mar,Spring,Dry,1.6,0,0,0,1,D,,1,n
170,reps,Sample 11,UrbanPopgen_Plate45_1-19-24_data.csv,NA,NA,NA,26.829072,NA,NA,NA,0.085303877,0,0,0,2,0,0,0,0,0,0,0,0,0,0,0,0,Sample 11_UrbanPopgen_Plate45_1-19-24_data.csv,Peanut_034,Pseu,Palm Beach urban,Peanut Island,23-Mar,Spring,Dry,1.6,0,0,0,1,D,,1,n
171,reps,Sample 12,UrbanPopgen_Plate45_1-19-24_data.csv,NA,NA,NA,27.53189469,NA,NA,NA,0.19300155,0,0,0,2,0,0,0,0,0,0,0,0,0,0,0,0,Sample 12_UrbanPopgen_Plate45_1-19-24_data.csv,Peanut_035,Pseu,Palm Beach urban,Peanut Island,23-Mar,Spring,Dry,1.6,0,0,0,1,D,,1,n
172,reps,Sample 2,UrbanPopgen_Plate45_1-19-24_data.csv,32.77054214,33.39748383,NA,NA,NA,NA,NA,NA,1,1,0,0,0,0,0,0,0,0,0,0,0,0,0,0,Sample 2_UrbanPopgen_Plate45_1-19-24_data.csv,Peanut_021,Pseu,Palm Beach urban,Peanut Island,23-Mar,Spring,Dry,1.6,0,0,0,0,,,0,y
173,reps,Sample 3,UrbanPopgen_Plate45_1-19-24_data.csv,NA,31.82531739,NA,NA,NA,0.686385363,NA,NA,0,2,0,0,0,0,0,0,0,0,0,0,0,0,0,0,Sample 3_UrbanPopgen_Plate45_1-19-24_data.csv,Peanut_025,Pseu,Palm Beach urban,Peanut Island,23-Mar,Spring,Dry,1.6,0,1,0,0,B,,1,n
174,reps,Sample 4,UrbanPopgen_Plate45_1-19-24_data.csv,NA,NA,NA,27.94936848,NA,NA,NA,0.07064351,0,0,0,2,0,0,0,0,0,0,0,0,0,0,0,0,Sample 4_UrbanPopgen_Plate45_1-19-24_data.csv,Peanut_026,Pseu,Palm Beach urban,Peanut Island,23-Mar,Spring,Dry,1.6,0,0,0,1,D,,1,n
175,reps,Sample 5,UrbanPopgen_Plate45_1-19-24_data.csv,NA,NA,NA,33.51792145,NA,NA,NA,NA,0,0,0,1,0,0,0,0,0,0,0,0,0,0,0,0,Sample 5_UrbanPopgen_Plate45_1-19-24_data.csv,Peanut_027,Pseu,Palm Beach urban,Peanut Island,23-Mar,Spring,Dry,1.6,0,0,0,0,,,0,y
176,reps,Sample 6,UrbanPopgen_Plate45_1-19-24_data.csv,NA,NA,NA,28.20942688,NA,NA,NA,0.012982579,0,0,0,2,0,0,0,0,0,0,0,0,0,0,0,0,Sample 6_UrbanPopgen_Plate45_1-19-24_data.csv,Peanut_028,Pseu,Palm Beach urban,Peanut Island,23-Mar,Spring,Dry,1.6,0,0,0,1,D,,1,n
177,reps,Sample 7,UrbanPopgen_Plate45_1-19-24_data.csv,NA,NA,NA,28.84505653,NA,NA,NA,0.069617152,0,0,0,2,0,0,0,0,0,0,0,0,0,0,0,0,Sample 7_UrbanPopgen_Plate45_1-19-24_data.csv,Peanut_030,Pseu,Palm Beach urban,Peanut Island,23-Mar,Spring,Dry,1.6,0,0,0,1,D,,1,n
178,reps,Sample 8,UrbanPopgen_Plate45_1-19-24_data.csv,NA,NA,NA,30.85812378,NA,NA,NA,0.804035098,0,0,0,2,0,0,0,0,0,0,0,0,0,0,0,0,Sample 8_UrbanPopgen_Plate45_1-19-24_data.csv,Peanut_031,Pseu,Palm Beach urban,Peanut Island,23-Mar,Spring,Dry,1.6,0,0,0,1,D,,1,n
179,reps,Sample 9,UrbanPopgen_Plate45_1-19-24_data.csv,NA,NA,NA,28.55198479,NA,NA,NA,0.073612001,0,0,0,2,0,0,0,0,0,0,0,0,0,0,0,0,Sample 9_UrbanPopgen_Plate45_1-19-24_data.csv,Peanut_032,Pseu,Palm Beach urban,Peanut Island,23-Mar,Spring,Dry,1.6,0,0,0,1,D,,1,n
180,reps,Sample 1,UrbanPopgen_Plate46_1-19-24_data.csv,NA,NA,NA,27.80796242,NA,NA,NA,0.540194473,0,0,0,2,0,0,0,0,0,0,0,0,0,0,0,0,Sample 1_UrbanPopgen_Plate46_1-19-24_data.csv,Peanut_036,Pseu,Palm Beach urban,Peanut Island,23-Mar,Spring,Dry,1.6,0,0,0,1,D,,1,n
181,reps,Sample 10,UrbanPopgen_Plate46_1-19-24_data.csv,NA,NA,NA,29.80838108,NA,NA,NA,0.931046141,0,0,0,2,0,0,0,0,0,0,0,0,0,0,0,0,Sample 10_UrbanPopgen_Plate46_1-19-24_data.csv,Peanut_047,Pseu,Palm Beach urban,Peanut Island,23-Mar,Spring,Dry,1.6,0,0,0,1,D,,1,n
182,reps,Sample 11,UrbanPopgen_Plate46_1-19-24_data.csv,NA,NA,NA,26.52091885,NA,NA,NA,0.172340824,0,0,0,2,0,0,0,0,0,0,0,0,0,0,0,0,Sample 11_UrbanPopgen_Plate46_1-19-24_data.csv,Peanut_050,Pseu,Palm Beach urban,Peanut Island,23-Mar,Spring,Dry,1.6,0,0,0,1,D,,1,n
183,reps,Sample 2,UrbanPopgen_Plate46_1-19-24_data.csv,NA,NA,NA,30.21213341,NA,NA,NA,0.334714758,0,0,0,2,0,0,0,0,0,0,0,0,0,0,0,0,Sample 2_UrbanPopgen_Plate46_1-19-24_data.csv,Peanut_037,Pseu,Palm Beach urban,Peanut Island,23-Mar,Spring,Dry,1.6,0,0,0,1,D,,1,n
184,reps,Sample 3,UrbanPopgen_Plate46_1-19-24_data.csv,NA,27.36781884,NA,34.98268127,NA,0.119454285,NA,NA,0,2,0,1,0,0,0,0,0,0,0,0,0,0,0,0,Sample 3_UrbanPopgen_Plate46_1-19-24_data.csv,Peanut_038,Pseu,Palm Beach urban,Peanut Island,23-Mar,Spring,Dry,1.6,0,1,0,0,B,,1,y
185,reps,Sample 4,UrbanPopgen_Plate46_1-19-24_data.csv,NA,26.2510891,NA,NA,NA,0.143374817,NA,NA,0,2,0,0,0,0,0,0,0,0,0,0,0,0,0,0,Sample 4_UrbanPopgen_Plate46_1-19-24_data.csv,Peanut_039,Pseu,Palm Beach urban,Peanut Island,23-Mar,Spring,Dry,1.6,0,1,0,0,B,,1,n
186,reps,Sample 5,UrbanPopgen_Plate46_1-19-24_data.csv,NA,NA,NA,29.66832161,NA,NA,NA,0.125685275,0,0,0,2,0,0,0,0,0,0,0,0,0,0,0,0,Sample 5_UrbanPopgen_Plate46_1-19-24_data.csv,Peanut_040,Pseu,Palm Beach urban,Peanut Island,23-Mar,Spring,Dry,1.6,0,0,0,1,D,,1,n
187,reps,Sample 6,UrbanPopgen_Plate46_1-19-24_data.csv,NA,NA,NA,28.51260472,NA,NA,NA,0.143581164,0,0,0,2,0,0,0,0,0,0,0,0,0,0,0,0,Sample 6_UrbanPopgen_Plate46_1-19-24_data.csv,Peanut_042,Pseu,Palm Beach urban,Peanut Island,23-Mar,Spring,Dry,1.6,0,0,0,1,D,,1,n
188,reps,Sample 7,UrbanPopgen_Plate46_1-19-24_data.csv,NA,36.99856567,NA,27.85238457,NA,NA,NA,0.210804378,0,1,0,2,0,0,0,0,0,0,0,0,0,0,0,0,Sample 7_UrbanPopgen_Plate46_1-19-24_data.csv,Peanut_043,Pseu,Palm Beach urban,Peanut Island,23-Mar,Spring,Dry,1.6,0,0,0,1,D,,1,y
189,reps,Sample 8,UrbanPopgen_Plate46_1-19-24_data.csv,NA,NA,NA,31.12509632,NA,NA,NA,0.312743105,0,0,0,2,0,0,0,0,0,0,0,0,0,0,0,0,Sample 8_UrbanPopgen_Plate46_1-19-24_data.csv,Peanut_044,Pseu,Palm Beach urban,Peanut Island,23-Mar,Spring,Dry,1.6,0,0,0,1,D,,1,n
190,reps,Sample 9,UrbanPopgen_Plate46_1-19-24_data.csv,NA,NA,NA,26.98239899,NA,NA,NA,0.219244532,0,0,0,2,0,0,0,0,0,0,0,0,0,0,0,0,Sample 9_UrbanPopgen_Plate46_1-19-24_data.csv,Peanut_046,Pseu,Palm Beach urban,Peanut Island,23-Mar,Spring,Dry,1.6,0,0,0,1,D,,1,n
191,reps,Sample 1,UrbanPopgen_Plate48_1-19-24_data.csv,NA,NA,NA,31.99750424,NA,NA,NA,2.515238946,0,0,0,2,0,0,0,0,0,0,0,0,0,0,0,0,Sample 1_UrbanPopgen_Plate48_1-19-24_data.csv,Peanut_051,Pseu,Palm Beach urban,Peanut Island,23-Mar,Spring,Dry,1.6,0,0,0,0,,,0,y
192,reps,Sample 10,UrbanPopgen_Plate48_1-19-24_data.csv,NA,NA,NA,26.69614029,NA,NA,NA,0.031600022,0,0,0,2,0,0,0,0,0,0,0,0,0,0,0,0,Sample 10_UrbanPopgen_Plate48_1-19-24_data.csv,Peanut_097,Pseu,Palm Beach urban,Peanut Island,23-Mar,Spring,Dry,1.6,0,0,0,1,D,,1,n
193,reps,Sample 2,UrbanPopgen_Plate48_1-19-24_data.csv,NA,NA,NA,29.1177826,NA,NA,NA,0.301307484,0,0,0,2,0,0,0,0,0,0,0,0,0,0,0,0,Sample 2_UrbanPopgen_Plate48_1-19-24_data.csv,Peanut_055,Pseu,Palm Beach urban,Peanut Island,23-Mar,Spring,Dry,1.6,0,0,0,1,D,,1,n
194,reps,Sample 3,UrbanPopgen_Plate48_1-19-24_data.csv,NA,NA,NA,31.7718153,NA,NA,NA,0.162352353,0,0,0,2,0,0,0,0,0,0,0,0,0,0,0,0,Sample 3_UrbanPopgen_Plate48_1-19-24_data.csv,Peanut_058,Pseu,Palm Beach urban,Peanut Island,23-Mar,Spring,Dry,1.6,0,0,0,1,D,,1,n
195,reps,Sample 4,UrbanPopgen_Plate48_1-19-24_data.csv,NA,26.91119099,NA,NA,NA,0.094839177,NA,NA,0,2,0,0,0,0,0,0,0,0,0,0,0,0,0,0,Sample 4_UrbanPopgen_Plate48_1-19-24_data.csv,Peanut_066,Pseu,Palm Beach urban,Peanut Island,23-Mar,Spring,Dry,1.6,0,1,0,0,B,,1,n
196,reps,Sample 5,UrbanPopgen_Plate48_1-19-24_data.csv,NA,NA,NA,28.51591588,NA,NA,NA,0.104056186,0,0,0,2,0,0,0,0,0,0,0,0,0,0,0,0,Sample 5_UrbanPopgen_Plate48_1-19-24_data.csv,Peanut_072,Pseu,Palm Beach urban,Peanut Island,23-Mar,Spring,Dry,1.6,0,0,0,1,D,,1,n
197,reps,Sample 6,UrbanPopgen_Plate48_1-19-24_data.csv,NA,27.38106632,NA,NA,NA,0.005622729,NA,NA,0,2,0,0,0,0,0,0,0,0,0,0,0,0,0,0,Sample 6_UrbanPopgen_Plate48_1-19-24_data.csv,Peanut_088,Pseu,Palm Beach urban,Peanut Island,23-Mar,Spring,Dry,1.6,0,1,0,0,B,,1,n
198,reps,Sample 7,UrbanPopgen_Plate48_1-19-24_data.csv,NA,26.16873932,NA,NA,NA,0.328580882,NA,NA,0,2,0,0,0,0,0,0,0,0,0,0,0,0,0,0,Sample 7_UrbanPopgen_Plate48_1-19-24_data.csv,Peanut_090,Pseu,Palm Beach urban,Peanut Island,23-Mar,Spring,Dry,1.6,0,1,0,0,B,,1,n
199,reps,Sample 8,UrbanPopgen_Plate48_1-19-24_data.csv,NA,26.69554329,NA,NA,NA,0.239361727,NA,NA,0,2,0,0,0,0,0,0,0,0,0,0,0,0,0,0,Sample 8_UrbanPopgen_Plate48_1-19-24_data.csv,Peanut_092,Pseu,Palm Beach urban,Peanut Island,23-Mar,Spring,Dry,1.6,0,1,0,0,B,,1,n
200,reps,Sample 9,UrbanPopgen_Plate48_1-19-24_data.csv,NA,NA,NA,28.36185456,NA,NA,NA,0.257784962,0,0,0,2,0,0,0,0,0,0,0,0,0,0,0,0,Sample 9_UrbanPopgen_Plate48_1-19-24_data.csv,Peanut_096,Pseu,Palm Beach urban,Peanut Island,23-Mar,Spring,Dry,1.6,0,0,0,1,D,,1,n
201,reps,Sample 4,UrbanPopgen_Plate50_1-19-24_data.csv,NA,27.06156921,NA,NA,NA,0.588094869,NA,NA,0,2,0,0,0,0,0,0,0,0,0,0,0,0,0,0,Sample 4_UrbanPopgen_Plate50_1-19-24_data.csv,Baggs_201,Pseu,Miami urban,Bill Baggs,20-Jun,Summer,Wet,1,0,1,0,0,B,,1,n
202,reps,Sample 5,UrbanPopgen_Plate50_1-19-24_data.csv,NA,25.29868031,NA,30.48340797,NA,0.110246715,NA,NA,0,2,0,1,0,0,0,0,0,0,0,0,0,0,0,0,Sample 5_UrbanPopgen_Plate50_1-19-24_data.csv,Baggs_210,Pseu,Miami urban,Bill Baggs,20-Jun,Summer,Wet,1,0,1,0,0,B,,1,y
203,reps,Sample 6,UrbanPopgen_Plate50_1-19-24_data.csv,NA,27.28903771,NA,NA,NA,0.078618373,NA,NA,0,2,0,0,0,0,0,0,0,0,0,0,0,0,0,0,Sample 6_UrbanPopgen_Plate50_1-19-24_data.csv,Baggs_009,Pseu,Miami urban,Bill Baggs,21-Sep,Fall,Wet,1,0,1,0,0,B,,1,y
207,reps,Sample 12,UrbanPopgen_Plate53_1-23-24_data.csv,30.12065316,25.29871178,NA,36.50230408,0.637424894,0.113493035,NA,NA,2,2,0,1,0.003928335,0,0,254.5607853,0,0,0,0,0,0,0,0,Sample 12_UrbanPopgen_Plate53_1-23-24_data.csv,urban_416,Pseu,North Miami reef,Pillars,24-Jan,Winter,Dry,9.8,0.003912963,0.996087037,0,0,B,A,1,n
208,reps,Sample 2,UrbanPopgen_Plate53_1-23-24_data.csv,31.16824627,22.1238842,NA,NA,0.422945315,0.42407957,NA,NA,2,2,0,0,0.000210442,0,0,4751.894436,0,0,0,0,0,0,0,0,Sample 2_UrbanPopgen_Plate53_1-23-24_data.csv,urban_393,Pseu,North Miami reef,South Canyon,24-Jan,Winter,Dry,5.5,0.00021,0.999789602,0,0,B,A,1,n
209,reps,Sample 3,UrbanPopgen_Plate53_1-23-24_data.csv,25.15501881,21.98197174,NA,34.15263748,0.193666457,0.264922279,NA,NA,2,2,0,1,0.012318991,0,0,81.17547782,0,0,0,0,0,0,0,0,Sample 3_UrbanPopgen_Plate53_1-23-24_data.csv,urban_395,Pseu,North Miami reef,South Canyon,24-Jan,Winter,Dry,5.5,0.01216908,0.98783092,0,0,B,A,1,n
210,reps,Sample 4,UrbanPopgen_Plate53_1-23-24_data.csv,30.46311379,37.1013298,NA,38.95999908,1.644420328,NA,NA,NA,2,1,0,1,0,0,0,0,0,0,0,0,0,0,0,0,Sample 4_UrbanPopgen_Plate53_1-23-24_data.csv,urban_403,Pseu,North Miami reef,Pillars,24-Jan,Winter,Dry,8.8,0,0,0,0,,,0,y
213,reps,Sample 7,UrbanPopgen_Plate53_1-23-24_data.csv,23.25697708,20.58124733,35.12172318,NA,0.410932447,0.522289136,0.747357357,NA,2,2,2,0,0.017389319,9530.809567,0,57.50656467,548084.1168,0,0.000104923,1.82E-06,0,0,0,0,Sample 7_UrbanPopgen_Plate53_1-23-24_data.csv,urban_408,Pseu,North Miami reef,South Canyon,24-Jan,Winter,Dry,4.9,0.017092068,0.982906138,1.79E-06,0,B,AC,1,n
214,reps,Sample 8,UrbanPopgen_Plate53_1-23-24_data.csv,26.49956704,22.6263504,NA,34.13433456,1.096039248,NA,NA,NA,2,1,0,1,0,0,0,0,0,0,0,0,0,0,0,0,Sample 8_UrbanPopgen_Plate53_1-23-24_data.csv,urban_411,Pseu,North Miami reef,South Canyon,24-Jan,Winter,Dry,6.1,1,0,0,0,A,,1,y
215,reps,Sample 9,UrbanPopgen_Plate53_1-23-24_data.csv,19.3050108,22.8730402,38.32329559,NA,0.158214548,0.453614728,NA,NA,2,2,1,0,1.317775307,0,0,0.758854711,0,0,0,0,0,0,0,0,Sample 9_UrbanPopgen_Plate53_1-23-24_data.csv,urban_412,Pseu,North Miami reef,South Canyon,24-Jan,Winter,Dry,5.5,0.568551793,0.431448207,0,0,A,,1,n
217,reps,Sample 1,UrbanPopgen_Plate55_1-24-24_data.csv,21.86358738,20.92511272,39.91905212,NA,0.50664558,0.111762653,NA,NA,2,2,1,0,0.057976029,0,0,17.24850785,0,0,0,0,0,0,0,0,Sample 1_UrbanPopgen_Plate55_1-24-24_data.csv,urban_438,Pseu,Miami urban,Miami Beach Marina,24-Jan,Winter,Dry,1.8,0.054799001,0.945200999,0,0,B,A,1,n
221,reps,Sample 2,UrbanPopgen_Plate55_1-24-24_data.csv,28.05747795,32.76511002,36.53073502,24.09319497,0.149972653,NA,NA,0.242156234,2,1,1,2,0,0,0.021355545,0,0,0,0,0,0,46.82624623,0,0,Sample 2_UrbanPopgen_Plate55_1-24-24_data.csv,urban_439,Pseu,Miami urban,Miami Beach Marina,24-Jan,Winter,Dry,1.8,0.020909021,0,0,0.979090979,D,A,1,n
223,reps,Sample 4,UrbanPopgen_Plate55_1-24-24_data.csv,24.78435326,19.81829739,29.09715176,NA,1.13681582,0.012085692,0.132200839,NA,2,2,2,0,0.003554886,50.78869359,0,281.3029499,14287.00933,0,0.019689422,7.00E-05,0,0,0,0,Sample 4_UrbanPopgen_Plate55_1-24-24_data.csv,urban_441,Pseu,Miami urban,Miami Beach Marina,24-Jan,Winter,Dry,2.8,0.003542047,0.996388212,6.97E-05,0,B,AC,1,n
224,reps,Sample 5,UrbanPopgen_Plate55_1-24-24_data.csv,27.00060654,20.30470848,27.80988122,27.58774376,NA,NA,0.02744333,NA,1,1,2,1,0,0,0,0,0,0,0,0,0,0,0,0,Sample 5_UrbanPopgen_Plate55_1-24-24_data.csv,urban_442,Pseu,Miami urban,Miami Beach Marina,24-Jan,Winter,Dry,2.7,0,0,1,0,C,,1,n
225,reps,Sample 6,UrbanPopgen_Plate55_1-24-24_data.csv,NA,20.4590168,33.06784058,35.24352455,NA,NA,1.065181009,3.625511024,0,1,2,2,0,0,0,0,0,0,0,0,0.589304227,0,0,1.696916387,Sample 6_UrbanPopgen_Plate55_1-24-24_data.csv,urban_453,Pseu,Miami urban,Miami Beach Marina,24-Jan,Winter,Dry,2,0,0,1,0,C,,1,y
226,reps,Sample 7,UrbanPopgen_Plate55_1-24-24_data.csv,23.60889531,21.12741375,26.50055885,34.51908875,0.230097518,0.285410366,NA,NA,2,2,1,1,0.019895603,0,0,50.26236188,0,0,0,0,0,0,0,0,Sample 7_UrbanPopgen_Plate55_1-24-24_data.csv,urban_454,Pseu,Miami urban,Miami Beach Marina,24-Jan,Winter,Dry,2,0.01950749,0.98049251,0,0,B,A,1,y
228,reps,Sample 10,UrbanPopgen_Plate57_1-24-24_data.csv,30.50868988,21.86430741,33.45599556,NA,NA,0.120285079,0.245212385,NA,1,2,2,0,0,0,0,0,70986.15795,0,0,1.41E-05,0,0,0,0,Sample 10_UrbanPopgen_Plate57_1-24-24_data.csv,urban_425,Pseu,North Miami reef,Pillars,24-Jan,Winter,Dry,9.1,0,0.999985913,1.41E-05,0,B,C,1,n
229,reps,Sample 11,UrbanPopgen_Plate57_1-24-24_data.csv,32.63145161,22.05230904,34.47624207,NA,1.468014524,0.200913015,NA,NA,2,2,1,0,7.26E-05,0,0,13768.34537,0,0,0,0,0,0,0,0,Sample 11_UrbanPopgen_Plate57_1-24-24_data.csv,urban_426,Pseu,North Miami reef,Pillars,24-Jan,Winter,Dry,9.1,7.26E-05,0.999927375,0,0,B,A,1,n
232,reps,Sample 4,UrbanPopgen_Plate57_1-24-24_data.csv,22.71966553,18.56936741,36.02886963,NA,0.022631172,0.137911236,1.057137366,NA,2,2,2,0,0.006257391,25939.10461,0,159.8110235,4145354.857,0,3.86E-05,2.41E-07,0,0,0,0,Sample 4_UrbanPopgen_Plate57_1-24-24_data.csv,urban_419,Pseu,North Miami reef,Pillars,24-Jan,Winter,Dry,8.8,0.006218479,0.993781521,0,0,B,A,1,n
233,reps,Sample 6,UrbanPopgen_Plate57_1-24-24_data.csv,31.28757573,22.55019093,36.77552795,35.73494339,0.463630167,0.112811936,NA,NA,2,2,1,1,0.000260341,0,0,3841.115956,0,0,0,0,0,0,0,0,Sample 6_UrbanPopgen_Plate57_1-24-24_data.csv,urban_421,Pseu,North Miami reef,Pillars,24-Jan,Winter,Dry,9.1,0.00026,0.999739727,0,0,B,A,1,n
234,reps,Sample 7,UrbanPopgen_Plate57_1-24-24_data.csv,19.61105824,21.33026696,33.78820801,NA,0.37418444,0.148885597,NA,NA,2,2,1,0,0.365839744,0,0,2.733437297,0,0,0,0,0,0,0,0,Sample 7_UrbanPopgen_Plate57_1-24-24_data.csv,urban_422,Pseu,North Miami reef,Pillars,24-Jan,Winter,Dry,9.1,0.267849684,0.732150316,0,0,B,,1,n
235,reps,Sample 9,UrbanPopgen_Plate57_1-24-24_data.csv,27.33462239,20.75633717,31.76097965,NA,0.256658796,0.227162742,0.17737956,NA,2,2,2,0,0.001162777,54.94796777,0,860.0103555,47255.8213,0,0.018199035,2.12E-05,0,0,0,0,Sample 9_UrbanPopgen_Plate57_1-24-24_data.csv,urban_424,Pseu,North Miami reef,Pillars,24-Jan,Winter,Dry,8.8,0.001161402,0.998817462,2.11E-05,0,B,AC,1,n
237,reps,Sample 11,UrbanPopgen_Plate58-1-24-24_data.csv,20.36429883,21.65499306,34.5802002,35.48782349,0.549507239,0.034631898,1.497800535,NA,2,2,2,1,0.271828614,48629.30406,0,3.678788579,178896.9284,0,2.06E-05,5.59E-06,0,0,0,0,Sample 11_UrbanPopgen_Plate58-1-24-24_data.csv,urban_480,Pseu,Miami urban,Miami Beach Marina,24-Jan,Winter,Dry,3,0.213729599,0.786266006,4.40E-06,0,B,C,1,n
238,reps,Sample 5,UrbanPopgen_Plate58-1-24-24_data.csv,28.67418004,20.88640595,32.94639969,33.51773834,0.035760759,0.204160685,1.060368858,NA,2,2,2,1,0.00050281,49.38005744,0,1988.822891,98208.1886,0,0.02025109,1.02E-05,0,0,0,0,Sample 5_UrbanPopgen_Plate58-1-24-24_data.csv,urban_452,Pseu,North Miami reef,Graceland,24-Jan,Winter,Dry,5.6,0.000503,0.999487271,1.02E-05,0,B,,1,n
239,reps,Sample 6,UrbanPopgen_Plate58-1-24-24_data.csv,24.85892201,21.83870316,37.57814789,NA,0.020334333,0.046225317,0.933887848,NA,2,2,2,0,0.013695599,17232.72032,0,73.01615791,1258267.028,0,5.80E-05,7.95E-07,0,0,0,0,Sample 6_UrbanPopgen_Plate58-1-24-24_data.csv,urban_460,Pseu,Miami urban,Miami Beach Marina,24-Jan,Winter,Dry,2.2,0.013510563,0.986489437,0,0,B,,1,y
240,reps,Sample 7,UrbanPopgen_Plate58-1-24-24_data.csv,22.89704705,23.24101639,32.86732483,34.37588501,0.772974549,NA,NA,0.280497055,2,1,1,2,0,0,951.3784024,0,0,0,0,0,0,0.001051106,0,0,Sample 7_UrbanPopgen_Plate58-1-24-24_data.csv,urban_461,Pseu,Miami urban,Miami Beach Marina,24-Jan,Winter,Dry,2.2,0.998949997,0,0,0.001050003,A,D,1,n
241,reps,Sample 8,UrbanPopgen_Plate58-1-24-24_data.csv,23.66765595,20.08211994,35.5777359,37.95877075,0.085842007,0.1420868,0.493764152,NA,2,2,2,1,0.009255579,9835.051622,0,108.042941,1062607.902,0,0.000101677,9.41E-07,0,0,0,0,Sample 8_UrbanPopgen_Plate58-1-24-24_data.csv,urban_462,Pseu,Miami urban,Miami Beach Marina,24-Jan,Winter,Dry,2.2,0.009170691,0.990828377,9.32E-07,0,B,AC,1,n
242,reps,Sample 9,UrbanPopgen_Plate58-1-24-24_data.csv,22.11714936,22.22463608,33.71794891,NA,0.439274015,0.371075688,0.873029147,NA,2,2,2,0,0.119705531,7937.321402,0,8.353832874,66307.05646,0,0.000125987,1.51E-05,0,0,0,0,Sample 9_UrbanPopgen_Plate58-1-24-24_data.csv,urban_478,Pseu,Miami urban,Miami Beach Marina,24-Jan,Winter,Dry,1.3,0.106906607,0.893079925,1.35E-05,0,B,C,1,y
244,reps,Sample 10,UrbanPopgen_Plate59_1-24-24_data.csv,25.35462285,29.0459385,NA,NA,0.154832011,0.171114856,NA,NA,2,2,0,0,1.435338138,0,0,0.696699944,0,0,0,0,0,0,0,0,Sample 10_UrbanPopgen_Plate59_1-24-24_data.csv,urban_495,Pseu,Miami urban,Miami Beach Marina,24-Jan,Winter,Dry,2.2,0.589379403,0.410620597,0,0,A,,1,n
245,reps,Sample 11,UrbanPopgen_Plate59_1-24-24_data.csv,24.02906227,30.80622197,NA,NA,0.16843094,0.181528163,NA,NA,2,2,0,0,12.18669225,0,0,0.08205672,0,0,0,0,0,0,0,0,Sample 11_UrbanPopgen_Plate59_1-24-24_data.csv,urban_496,Pseu,Miami urban,Miami Beach Marina,24-Jan,Winter,Dry,2.2,0.924165971,0.075834029,0,0,A,B,1,n
247,reps,Sample 3,UrbanPopgen_Plate59_1-24-24_data.csv,27.7562809,27.54463482,NA,NA,0.059205195,0.091108672,NA,NA,2,2,0,0,0.095950153,0,0,10.42207818,0,0,0,0,0,0,0,0,Sample 3_UrbanPopgen_Plate59_1-24-24_data.csv,urban_488,Pseu,Miami urban,Miami Beach Marina,24-Jan,Winter,Dry,2.6,0.087549742,0.912450258,0,0,B,A,1,n
248,reps,Sample 5,UrbanPopgen_Plate59_1-24-24_data.csv,25.06654263,26.62333584,NA,NA,0.465993092,0.12492056,NA,NA,2,2,0,0,0.326887974,0,0,3.059151999,0,0,0,0,0,0,0,0,Sample 5_UrbanPopgen_Plate59_1-24-24_data.csv,urban_490,Pseu,Miami urban,Miami Beach Marina,24-Jan,Winter,Dry,2.6,0.246356875,0.753643125,0,0,B,,1,n
250,reps,Sample 7,UrbanPopgen_Plate59_1-24-24_data.csv,25.26208401,26.4471426,NA,NA,0.371961784,0.114861959,NA,NA,2,2,0,0,0.252636254,0,0,3.958260088,0,0,0,0,0,0,0,0,Sample 7_UrbanPopgen_Plate59_1-24-24_data.csv,urban_492,Pseu,Miami urban,Miami Beach Marina,24-Jan,Winter,Dry,2.4,0.201683652,0.798316348,0,0,B,,1,n
251,reps,Sample 8,UrbanPopgen_Plate59_1-24-24_data.csv,25.14947701,27.98249531,NA,NA,0.709038123,0.204264531,NA,NA,2,2,0,0,0.791737066,0,0,1.263045579,0,0,0,0,0,0,0,0,Sample 8_UrbanPopgen_Plate59_1-24-24_data.csv,urban_493,Pseu,Miami urban,Miami Beach Marina,24-Jan,Winter,Dry,2.2,0.441882395,0.558117605,0,0,B,,1,n
252,reps,Sample 9,UrbanPopgen_Plate59_1-24-24_data.csv,26.46769524,27.10765076,NA,NA,0.202018944,0.270894319,NA,NA,2,2,0,0,0.173142347,0,0,5.775594585,0,0,0,0,0,0,0,0,Sample 9_UrbanPopgen_Plate59_1-24-24_data.csv,urban_494,Pseu,Miami urban,Miami Beach Marina,24-Jan,Winter,Dry,2.2,0.147588523,0.852411477,0,0,B,,1,n
253,reps,Sample 1,UrbanPopgen_Plate60_3-24-24_data.csv,34.64237976,26.45678902,NA,NA,NA,NA,NA,NA,1,1,0,0,0,0,0,0,0,0,0,0,0,0,0,0,Sample 1_UrbanPopgen_Plate60_3-24-24_data.csv,Baggs_009,Pseu,Miami urban,Bill Baggs,21-Sep,Fall,Wet,1,0,0,0,0,,,0,y
255,reps,Sample 3,UrbanPopgen_Plate60_3-24-24_data.csv,33.88046265,NA,NA,22.75905896,NA,NA,NA,0.192859931,1,0,0,2,0,0,0,0,0,0,0,0,0,0,0,0,Sample 3_UrbanPopgen_Plate60_3-24-24_data.csv,urban_398,Pseu,Miami urban,Seaquarium,24-Jan,Winter,Dry,0.3,0,0,0,1,D,,1,n
260,reps,Sample 8,UrbanPopgen_Plate60_3-24-24_data.csv,20.48114205,33.14890289,32.4236908,23.33985615,0.352754961,NA,NA,0.290697269,2,1,1,2,0,0,2.417895015,0,0,0,0,0,0,0.413582887,0,0,Sample 8_UrbanPopgen_Plate60_3-24-24_data.csv,urban_512,Pseu,Miami urban,Coral City Camera,24-Jan,Winter,Dry,1.5,0.70742226,0,0,0.29257774,A,,1,n
261,reps,Sample 9,UrbanPopgen_Plate60_3-24-24_data.csv,32.33886719,26.08149529,26.90295506,21.92333412,NA,5.088342498,0.279443721,NA,1,2,2,1,0,0,0,0,40.64544367,0,0,0.024603004,0,0,0,0,Sample 9_UrbanPopgen_Plate60_3-24-24_data.csv,urban_520,Pseu,Miami urban,Coral City Camera,24-Jan,Winter,Dry,1.5,0,0,1,0,C,,1,y
262,reps,Sample 10,UrbanPopgen_Plate61_3-24-24_data.csv,37.37596512,NA,NA,23.45489693,NA,NA,NA,0.272607165,1,0,0,2,0,0,0,0,0,0,0,0,0,0,0,0,Sample 10_UrbanPopgen_Plate61_3-24-24_data.csv,urban_529,Pseu,Miami urban,Coral City Camera,24-Jan,Winter,Dry,1.7,0,0,0,1,D,,1,n
269,reps,Sample 4,UrbanPopgen_Plate62_3-24-24_data.csv,33.53648758,NA,NA,24.32511044,NA,NA,NA,0.057914485,1,0,0,2,0,0,0,0,0,0,0,0,0,0,0,0,Sample 4_UrbanPopgen_Plate62_3-24-24_data.csv,urban_400,Pseu,Miami urban,Seaquarium,24-Jan,Winter,Dry,1.8,0,0,0,1,D,,1,n
270,reps,Sample 6,UrbanPopgen_Plate62_3-24-24_data.csv,23.28659058,32.17781067,NA,24.52833939,0.218610646,0.511971593,NA,NA,2,2,0,1,52.75716309,0,0,0.018954772,0,0,0,0,0,0,0,0,Sample 6_UrbanPopgen_Plate62_3-24-24_data.csv,urban_474,Pseu,Miami urban,Coral City Camera,24-Jan,Winter,Dry,2.1,0.981397828,0.018602172,0,0,A,B,1,y
272,reps,Sample 9,UrbanPopgen_Plate62_3-24-24_data.csv,31.1351614,NA,NA,25.70570278,0.902620958,NA,NA,0.077408592,2,0,0,2,0,0,0.007734796,0,0,0,0,0,0,129.285899,0,0,Sample 9_UrbanPopgen_Plate62_3-24-24_data.csv,urban_514,Pseu,Miami urban,Coral City Camera,24-Jan,Winter,Dry,1.5,0.007675428,0,0,0.992324572,D,A,1,n
273,reps,Sample 10,UrbanPopgen_Plate63_3-24-24_data.csv,27.45909786,22.2276783,NA,32.30763245,0.337934109,0.05406665,NA,NA,2,2,0,1,0.002957626,0,0,338.10899,0,0,0,0,0,0,0,0,Sample 10_UrbanPopgen_Plate63_3-24-24_data.csv,urban_523,Pseu,Miami urban,Coral City Camera,24-Jan,Winter,Dry,1.7,0,0.998844006,0.001155994,0,B,C,1,n
274,reps,Sample 3,UrbanPopgen_Plate63_3-24-24_data.csv,NA,29.75168801,NA,NA,NA,1.715440125,NA,NA,0,2,0,0,0,0,0,0,0,0,0,0,0,0,0,0,Sample 3_UrbanPopgen_Plate63_3-24-24_data.csv,Baggs_201,Pseu,Miami urban,Bill Baggs,20-Jun,Summer,Wet,1,0,0,0,0,,,0,y
275,reps,Sample 4,UrbanPopgen_Plate63_3-24-24_data.csv,36.58193207,38.00460815,NA,23.55741978,NA,NA,NA,0.101938727,1,1,0,2,0,0,0,0,0,0,0,0,0,0,0,0,Sample 4_UrbanPopgen_Plate63_3-24-24_data.csv,urban_401,Pseu,Miami urban,Seaquarium,24-Jan,Winter,Dry,1.2,0,0,0,1,D,,1,n
276,reps,Sample 5,UrbanPopgen_Plate63_3-24-24_data.csv,30.10635948,25.86232758,30.72267342,22.20988083,NA,0.12027699,0.644597276,NA,1,2,2,1,0,0,0,0,668.0942333,0,0,0.001496795,0,0,0,0,Sample 5_UrbanPopgen_Plate63_3-24-24_data.csv,urban_467,Pseu,Miami urban,Seaquarium,24-Jan,Winter,Dry,0.3,0.003810566,0.996189434,0,0,B,A,1,y
278,reps,Sample 8,UrbanPopgen_Plate63_3-24-24_data.csv,32.29604531,37.8515892,NA,25.0922575,1.383708686,NA,NA,0.177886669,2,1,0,2,0,0,0.002261114,0,0,0,0,0,0,442.2598013,0,0,Sample 8_UrbanPopgen_Plate63_3-24-24_data.csv,urban_507,Pseu,Miami urban,Coral City Camera,24-Jan,Winter,Dry,1.5,0,0,0.000884,0.999115998,D,C,1,n
280,reps,Sample 10,UrbanPopgen_Plate64_3-24-24_data.csv,26.79016877,NA,NA,NA,0.318255235,NA,NA,NA,2,0,0,0,0,0,0,0,0,0,0,0,0,0,0,0,Sample 10_UrbanPopgen_Plate64_3-24-24_data.csv,urban_515,Pseu,Miami urban,Coral City Camera,24-Jan,Winter,Dry,1.5,1,0,0,0,A,,1,n
281,reps,Sample 11,UrbanPopgen_Plate64_3-24-24_data.csv,23.87312508,NA,39.31865692,30.35737419,0.16477867,NA,NA,0.670991316,2,0,1,2,0,0,29.84229562,0,0,0,0,0,0,0.033509486,0,0,Sample 11_UrbanPopgen_Plate64_3-24-24_data.csv,urban_523,Pseu,Miami urban,Coral City Camera,24-Jan,Winter,Dry,1.7,0.967576992,0,0,0.032423008,A,D,1,n
282,reps,Sample 4,UrbanPopgen_Plate64_3-24-24_data.csv,24.38281823,NA,NA,34.74834442,0.191615084,NA,NA,0.039840574,2,0,0,2,0,0,439.7572932,0,0,0,0,0,0,0.002273982,0,0,Sample 4_UrbanPopgen_Plate64_3-24-24_data.csv,Baggs_201,Pseu,Miami urban,Bill Baggs,20-Jun,Summer,Wet,1,0.997731178,0,0,0.002268822,A,D,1,n
283,reps,Sample 5,UrbanPopgen_Plate64_3-24-24_data.csv,25.22660161,NA,33.82362366,25.86491108,0.8509415,NA,NA,0.139883031,2,0,1,2,0,0,0.518834735,0,0,0,0,0,0,1.927396013,0,0,Sample 5_UrbanPopgen_Plate64_3-24-24_data.csv,urban_401,Pseu,Miami urban,Seaquarium,24-Jan,Winter,Dry,1.2,0.34160052,0,0,0.65839948,D,,1,n
284,reps,Sample 6,UrbanPopgen_Plate64_3-24-24_data.csv,31.95804501,NA,22.48198796,34.69543457,1.141065574,NA,0.05591572,0.39377699,2,0,2,2,0,0.003588458,2.222875372,0,0,0,278.6711989,0,619.451345,0.449867776,0,0.001614332,Sample 6_UrbanPopgen_Plate64_3-24-24_data.csv,urban_467,Pseu,Miami urban,Seaquarium,24-Jan,Winter,Dry,0.3,0.003569885,0,0.994824139,0.001605976,C,AD,1,n
286,reps,Sample 9,UrbanPopgen_Plate64_3-24-24_data.csv,NA,NA,29.62971211,NA,NA,NA,0.16119518,NA,0,0,2,0,0,0,0,0,0,0,0,0,0,0,0,0,Sample 9_UrbanPopgen_Plate64_3-24-24_data.csv,urban_507,Pseu,Miami urban,Coral City Camera,24-Jan,Winter,Dry,1.5,0,0,1,0,C,,1,y
287,reps,Sample 10,UrbanPopgen_Plate65_3-24-24_data.csv,NA,NA,NA,NA,NA,NA,NA,NA,0,0,0,0,0,0,0,0,0,0,0,0,0,0,0,0,Sample 10_UrbanPopgen_Plate65_3-24-24_data.csv,urban_516,Pseu,Miami urban,Coral City Camera,24-Jan,Winter,Dry,1.5,0,0,0,0,,,0,y
288,reps,Sample 11,UrbanPopgen_Plate65_3-24-24_data.csv,NA,NA,NA,NA,NA,NA,NA,NA,0,0,0,0,0,0,0,0,0,0,0,0,0,0,0,0,Sample 11_UrbanPopgen_Plate65_3-24-24_data.csv,urban_524,Pseu,Miami urban,Coral City Camera,24-Jan,Winter,Dry,1.7,0,0,0,0,,,0,y
289,reps,Sample 8,UrbanPopgen_Plate65_3-24-24_data.csv,NA,NA,NA,NA,NA,NA,NA,NA,0,0,0,0,0,0,0,0,0,0,0,0,0,0,0,0,Sample 8_UrbanPopgen_Plate65_3-24-24_data.csv,urban_499,Pseu,Miami urban,Coral City Camera,24-Jan,Winter,Dry,1.5,0,0,0,0,,,0,y
290,reps,Sample 9,UrbanPopgen_Plate65_3-24-24_data.csv,NA,NA,NA,32.59889984,NA,NA,NA,NA,0,0,0,1,0,0,0,0,0,0,0,0,0,0,0,0,Sample 9_UrbanPopgen_Plate65_3-24-24_data.csv,urban_508,Pseu,Miami urban,Coral City Camera,24-Jan,Winter,Dry,1.5,0,0,0,0,,,0,y
291,reps,Sample 10,UrbanPopgen_Plate66_3-24-24_data.csv,32.26642609,33.16638947,NA,23.40687561,0.517970602,NA,NA,0.148027827,2,1,0,2,0,0,0.00071761,0,0,0,0,0,0,1393.515154,0,0,Sample 10_UrbanPopgen_Plate66_3-24-24_data.csv,urban_517,Pseu,Miami urban,Coral City Camera,24-Jan,Winter,Dry,1.5,0.000717,0,0,0.999282905,D,A,1,n
293,reps,Sample 5,UrbanPopgen_Plate66_3-24-24_data.csv,34.33000565,NA,NA,22.11829281,2.060154143,NA,NA,0.029235754,2,0,0,2,0,0,7.03E-05,0,0,0,0,0,0,14230.26922,0,0,Sample 5_UrbanPopgen_Plate66_3-24-24_data.csv,urban_410,Pseu,Miami urban,Seaquarium,24-Jan,Winter,Dry,2.4,0,0,0,1,D,,1,n
295,reps,Sample 10,UrbanPopgen_Plate67_3-24-24_data.csv,33.55547905,NA,NA,24.95326805,2.53591856,NA,NA,NA,2,0,0,1,0,0,0,0,0,0,0,0,0,0,0,0,Sample 10_UrbanPopgen_Plate67_3-24-24_data.csv,urban_510,Pseu,Miami urban,Coral City Camera,24-Jan,Winter,Dry,1.5,0,0,0,0,,,0,y
296,reps,Sample 11,UrbanPopgen_Plate67_3-24-24_data.csv,32.22827244,NA,33.19684219,24.64593315,0.620060388,NA,NA,0.350022495,2,0,1,2,0,0,0.001739271,0,0,0,0,0,0,574.9536254,0,0,Sample 11_UrbanPopgen_Plate67_3-24-24_data.csv,urban_518,Pseu,Miami urban,Coral City Camera,24-Jan,Winter,Dry,1.5,0.001736251,0,0,0.998263749,D,A,1,n
298,reps,Sample 6,UrbanPopgen_Plate67_3-24-24_data.csv,35.60198021,NA,NA,23.73840332,5.86320792,NA,NA,0.053281712,2,0,0,2,0,0,8.95E-05,0,0,0,0,0,0,11179.27796,0,0,Sample 6_UrbanPopgen_Plate67_3-24-24_data.csv,urban_437,Pseu,Miami urban,Seaquarium,24-Jan,Winter,Dry,0.6,0,0,0,1,D,,1,n
301,reps,Sample 11,UrbanPopgen_Plate68_3-25-24_data.csv,38.94143677,NA,NA,25.66135693,NA,NA,NA,0.124955632,1,0,0,2,0,0,0,0,0,0,0,0,0,0,0,0,Sample 11_UrbanPopgen_Plate68_3-25-24_data.csv,urban_519,Pseu,Miami urban,Coral City Camera,24-Jan,Winter,Dry,1.5,0,0,0,1,D,,1,n
303,reps,Sample 7,UrbanPopgen_Plate68_3-25-24_data.csv,33.65020752,NA,NA,22.55265236,1.010148692,NA,NA,0.104629388,2,0,0,2,0,0,0.000152118,0,0,0,0,0,0,6573.82648,0,0,Sample 7_UrbanPopgen_Plate68_3-25-24_data.csv,urban_471,Pseu,Miami urban,Coral City Camera,24-Jan,Winter,Dry,2.7,0.000152,0,0,0.999847905,D,A,1,n
305,reps,Sample 1,UrbanPopgen_Plate69_3-25-24_data.csv,30.1079216,33.23088265,NA,24.72021294,1.759253967,1.584815907,NA,NA,2,2,0,1,0.96797121,0,0,1.033088577,0,0,0,0,0,0,0,0,Sample 1_UrbanPopgen_Plate69_3-25-24_data.csv,urban_527,Pseu,Miami urban,Coral City Camera,24-Jan,Winter,Dry,1.7,0,0,0,0,,,0,y
306,reps,Sample 10,UrbanPopgen_Plate69_3-25-24_data.csv,21.65388585,30.6478138,25.72451592,28.34877587,0.130730757,NA,0.191229357,0.208576327,2,1,2,2,0,42.9404982,34.53356856,0,0,0,0.023288039,0,0.804219094,0.028957332,0,1.24344225,Sample 10_UrbanPopgen_Plate69_3-25-24_data.csv,urban_599,Pseu,Miami urban,Fisher Island,24-Jan,Winter,Dry,0.3,0.950348681,0,0.022131757,0.027519562,A,CD,1,n
308,reps,Sample 9,UrbanPopgen_Plate69_3-25-24_data.csv,25.45116616,36.01368904,33.67116165,25.18722343,0.297992383,3.896216517,0.048375141,NA,2,2,2,1,168.0326625,761.9922158,0,0.005951224,4.5347863,0,0.001312349,0.220517558,0,0,0,0,Sample 9_UrbanPopgen_Plate69_3-25-24_data.csv,urban_591,Pseu,Miami urban,Fisher Island,24-Jan,Winter,Dry,0.9,0.998689371,0,0.001310629,0,A,C,1,y
311,reps,Sample 4,UrbanPopgen_Plate70_3-25-24_data.csv,NA,NA,NA,21.99024868,NA,NA,NA,0.027655073,0,0,0,2,0,0,0,0,0,0,0,0,0,0,0,0,Sample 4_UrbanPopgen_Plate70_3-25-24_data.csv,urban_647,Pseu,Miami urban,Fisher Island,24-Jan,Winter,Dry,0.6,0,0,0,1,D,,1,n
316,reps,Sample 11,UrbanPopgen_Plate73_3-26-24_data.csv,31.56584454,33.12150574,21.31294727,23.86859703,3.101879919,NA,0.217373888,0.183768355,2,1,2,2,0,0.002094381,0.001606114,0,0,0,477.4680245,0,0.766868069,622.6208181,0,1.304005266,Sample 11_UrbanPopgen_Plate73_3-26-24_data.csv,urban_595,Pseu,Miami urban,Fisher Island,24-Jan,Winter,Dry,0.9,0,0,0.434026786,0.565973214,D,,1,n
317,reps,Sample 5,UrbanPopgen_Plate73_3-26-24_data.csv,32.62817765,NA,NA,26.08428001,0.393356198,NA,NA,NA,2,0,0,1,0,0,0,0,0,0,0,0,0,0,0,0,Sample 5_UrbanPopgen_Plate73_3-26-24_data.csv,urban_586,Pseu,Palm Beach urban,Peanut Island,24-Jan,Winter,Dry,0.9,1,0,0,0,A,,1,y
320,reps,Sample 2,UrbanPopgen_Plate74_3-26-24_data.csv,NA,NA,NA,23.76474,NA,NA,NA,0.370263773,0,0,0,2,0,0,0,0,0,0,0,0,0,0,0,0,Sample 2_UrbanPopgen_Plate74_3-26-24_data.csv,urban_598,Pseu,Miami urban,Fisher Island,24-Jan,Winter,Dry,2.4,0,0,0,1,D,,1,n
321,reps,Sample 5,UrbanPopgen_Plate74_3-26-24_data.csv,33.28892708,34.06914902,NA,24.39313698,1.15042689,NA,NA,0.300107142,2,1,0,2,0,0,0.000699808,0,0,0,0,0,0,1428.962757,0,0,Sample 5_UrbanPopgen_Plate74_3-26-24_data.csv,urban_604,Pseu,Miami urban,Fisher Island,24-Jan,Winter,Dry,0.3,0.000699,0,0,0.999300681,D,A,1,n
324,reps,Sample 4,UrbanPopgen_Plate75_3-26-24_data.csv,34.66796494,NA,32.29962158,23.83565903,2.694943671,NA,NA,0.083012434,2,0,1,2,0,0,0.000182823,0,0,0,0,0,0,5469.784999,0,0,Sample 4_UrbanPopgen_Plate75_3-26-24_data.csv,urban_619,Pseu,Miami urban,Fisher Island,24-Jan,Winter,Dry,2.1,0,0,0,1,D,,1,n
326,reps,Sample 11,UrbanPopgen_Plate76_3-27-24_data.csv,23.73744965,NA,27.87788296,22.72069073,0.03169983,NA,0.174390846,0.078047873,2,0,2,2,0,45.0692104,0.164741803,0,0,0,0.022188097,0,0.003655307,6.070104762,0,273.5748287,Sample 11_UrbanPopgen_Plate76_3-27-24_data.csv,urban_644,Pseu,Miami urban,Fisher Island,24-Jan,Winter,Dry,0.9,0.140998126,0,0.00312848,0.855873394,D,C,1,n
327,reps,Sample 8,UrbanPopgen_Plate76_3-27-24_data.csv,32.43355751,NA,29.90442372,24.40173149,0.43770952,NA,1.365491805,0.184933625,2,0,2,2,0,0.442731264,0.001273674,0,0,0,2.258706537,0,0.002876855,785.130424,0,347.601785,Sample 8_UrbanPopgen_Plate76_3-27-24_data.csv,urban_641,Pseu,Miami urban,Fisher Island,24-Jan,Winter,Dry,0.3,0.001268409,0,0.002864964,0.995866627,D,AC,1,n
328,reps,Sample 9,UrbanPopgen_Plate76_3-27-24_data.csv,33.32672119,NA,NA,22.99134922,0.080145095,NA,NA,0.328226169,2,0,0,2,0,0,0.000258001,0,0,0,0,0,0,3875.950607,0,0,Sample 9_UrbanPopgen_Plate76_3-27-24_data.csv,urban_642,Pseu,Miami urban,Fisher Island,24-Jan,Winter,Dry,0.9,0.000258,0,0,0.999742065,D,A,1,n
329,reps,Sample 10,UrbanPopgen_Plate77_3-27-24_data.csv,21.76396561,NA,34.93717194,23.29937458,0.023410722,NA,NA,0.001037156,2,0,1,2,0,0,0.966235302,0,0,0,0,0,0,1.034944591,0,0,Sample 10_UrbanPopgen_Plate77_3-27-24_data.csv,urban_656,Pseu,Miami urban,Fisher Island,24-Jan,Winter,Dry,0.9,0.491413872,0,0,0.508586128,,,1,n
331,reps,Sample 2,UrbanPopgen_Plate77_3-27-24_data.csv,29.81055164,32.93648148,26.35866738,25.65985966,0.868129321,NA,0.071783168,0.086943891,2,1,2,2,0,0.233541799,0.018767048,0,0,0,4.281888743,0,0.08035841,53.28488649,0,12.44424825,Sample 2_UrbanPopgen_Plate77_3-27-24_data.csv,urban_646,Pseu,Miami urban,Fisher Island,24-Jan,Winter,Dry,0.3,0.017074527,0,0.073111226,0.909814247,D,AC,1,n
332,reps,Sample 5,UrbanPopgen_Plate77_3-27-24_data.csv,34.45541382,NA,NA,24.46485615,2.56428709,NA,NA,0.096465706,2,0,0,2,0,0,0.000327658,0,0,0,0,0,0,3051.959656,0,0,Sample 5_UrbanPopgen_Plate77_3-27-24_data.csv,urban_651,Pseu,Miami urban,Fisher Island,24-Jan,Winter,Dry,0.6,0,0,0,1,D,,1,n
334,reps,Sample 2,UrbanPopgen_Plate78_3-30-24_data.csv,22.57896424,28.50330258,29.37632084,31.65300941,1.220704903,0.345273729,0.233844201,NA,2,2,2,1,6.747781875,284.2454725,0,0.148196847,42.12428288,0,0.003518086,0.023739277,0,0,0,0,Sample 2_UrbanPopgen_Plate78_3-30-24_data.csv,urban_660,Pseu,Miami urban,Fisher Island,24-Jan,Winter,Dry,0.9,0.868270412,0.128674938,0.00305465,0,A,C,1,n
335,reps,Sample 11,UrbanPopgen_Plate79_3-30-24_data.csv,NA,NA,NA,22.64317322,NA,NA,NA,NA,0,0,0,1,0,0,0,0,0,0,0,0,0,0,0,0,Sample 11_UrbanPopgen_Plate79_3-30-24_data.csv,urban_680,Pseu,North Miami urban,FIU Biscayne Bay,24-Jan,Winter,Dry,2.4,0,0,0,0,,,0,y
336,reps,Sample 9,UrbanPopgen_Plate79_3-30-24_data.csv,NA,NA,NA,NA,NA,NA,NA,NA,0,0,0,0,0,0,0,0,0,0,0,0,0,0,0,0,Sample 9_UrbanPopgen_Plate79_3-30-24_data.csv,urban_678,Pseu,North Miami urban,FIU Biscayne Bay,24-Jan,Winter,Dry,1.9,0,0,0,0,,,0,y
337,reps,Sample 3,UrbanPopgen_Plate80_3-30-24_data.csv,29.61888504,24.12306691,NA,37.12012482,0.950398621,0.426621867,NA,NA,2,2,0,1,0.002462359,0,0,406.1146149,0,0,0,0,0,0,0,0,Sample 3_UrbanPopgen_Plate80_3-30-24_data.csv,urban_684,Pseu,North Miami urban,Haulover Inlet,24-Jan,Winter,Dry,1.2,0.002456311,0.997543689,0,0,B,A,1,n
340,reps,Sample 6,UrbanPopgen_Plate80_3-30-24_data.csv,38.81491089,23.65465737,NA,NA,NA,0.695259808,NA,NA,1,2,0,0,0,0,0,0,0,0,0,0,0,0,0,0,Sample 6_UrbanPopgen_Plate80_3-30-24_data.csv,urban_687,Pseu,North Miami urban,Haulover Inlet,24-Jan,Winter,Dry,1.2,0,1,0,0,B,,1,n
341,reps,Sample 7,UrbanPopgen_Plate80_3-30-24_data.csv,30.41234589,23.23257637,39.96105957,NA,0.593942833,0.012087043,NA,NA,2,2,1,0,0.000766358,0,0,1304.873753,0,0,0,0,0,0,0,0,Sample 7_UrbanPopgen_Plate80_3-30-24_data.csv,urban_688,Pseu,North Miami urban,Haulover Inlet,24-Jan,Winter,Dry,0.6,0.000766,0.999234229,0,0,B,A,1,n
342,reps,Sample 1,UrbanPopgen_Plate81_3-30-24_data.csv,26.70822239,NA,NA,30.62404251,3.102689139,NA,NA,7.675770569,2,0,0,2,0,0,5.031043345,0,0,0,0,0,0,0.198765928,0,0,Sample 1_UrbanPopgen_Plate81_3-30-24_data.csv,urban_693,Pseu,North Miami urban,Haulover Inlet,24-Jan,Winter,Dry,0.9,0,0,0,0,,,0,y
343,reps,Sample 10,UrbanPopgen_Plate81_3-30-24_data.csv,NA,NA,NA,NA,NA,NA,NA,NA,0,0,0,0,0,0,0,0,0,0,0,0,0,0,0,0,Sample 10_UrbanPopgen_Plate81_3-30-24_data.csv,Peanut_027,Pseu,Palm Beach urban,Peanut Island,23-Mar,Spring,Dry,1.6,0,0,0,0,,,0,y
344,reps,Sample 11,UrbanPopgen_Plate81_3-30-24_data.csv,NA,NA,NA,33.41629601,NA,NA,NA,0.437596235,0,0,0,2,0,0,0,0,0,0,0,0,0,0,0,0,Sample 11_UrbanPopgen_Plate81_3-30-24_data.csv,Peanut_031,Pseu,Palm Beach urban,Peanut Island,23-Mar,Spring,Dry,1.6,0,0,0,1,D,,1,n
345,reps,Sample 12,UrbanPopgen_Plate81_3-30-24_data.csv,23.28094578,NA,NA,32.65112496,0.414170671,NA,NA,0.324332479,2,0,0,2,0,0,220.588944,0,0,0,0,0,0,0.004533319,0,0,Sample 12_UrbanPopgen_Plate81_3-30-24_data.csv,Peanut_040,Pseu,Palm Beach urban,Peanut Island,23-Mar,Spring,Dry,1.6,0.995487139,0,0,0.004512861,A,D,1,n
346,reps,Sample 2,UrbanPopgen_Plate81_3-30-24_data.csv,33.043293,NA,NA,23.84698772,0.481604284,NA,NA,0.328897822,2,0,0,2,0,0,0.000568218,0,0,0,0,0,0,1759.887845,0,0,Sample 2_UrbanPopgen_Plate81_3-30-24_data.csv,urban_694,Pseu,Miami urban,FEC Slip Downtown,24-Jan,Winter,Dry,4,0.000568,0,0,0.999432105,D,A,1,n
347,reps,Sample 3,UrbanPopgen_Plate81_3-30-24_data.csv,38.00880814,NA,NA,25.49773598,NA,NA,NA,0.414188207,1,0,0,2,0,0,0,0,0,0,0,0,0,0,0,0,Sample 3_UrbanPopgen_Plate81_3-30-24_data.csv,urban_698,Pseu,North Miami urban,FIU Biscayne Bay,24-Jan,Winter,Dry,2.7,0,0,0,1,D,,1,n
348,reps,Sample 9,UrbanPopgen_Plate81_3-30-24_data.csv,NA,NA,NA,34.293787,NA,NA,NA,0.220849487,0,0,0,2,0,0,0,0,0,0,0,0,0,0,0,0,Sample 9_UrbanPopgen_Plate81_3-30-24_data.csv,Peanut_017,Pseu,Palm Beach urban,Peanut Island,23-Mar,Spring,Dry,1.6,0,0,0,1,D,,1,n
349,reps,Sample 1,UrbanPopgen_Plate82_3-31-24_data.csv,NA,NA,NA,30.55905342,NA,NA,NA,0.091441804,0,0,0,2,0,0,0,0,0,0,0,0,0,0,0,0,Sample 1_UrbanPopgen_Plate82_3-31-24_data.csv,Peanut_046,Pseu,Palm Beach urban,Peanut Island,23-Mar,Spring,Dry,1.6,0,0,0,1,D,,1,n
350,reps,Sample 2,UrbanPopgen_Plate82_3-31-24_data.csv,NA,NA,NA,34.23666001,NA,NA,NA,0.478825962,0,0,0,2,0,0,0,0,0,0,0,0,0,0,0,0,Sample 2_UrbanPopgen_Plate82_3-31-24_data.csv,Peanut_051,Pseu,Palm Beach urban,Peanut Island,23-Mar,Spring,Dry,1.6,0,0,0,1,D,,1,n
351,reps,Sample 10,UrbanPopgen_Plate84_3-31-24_data.csv,24.73729992,23.16145229,32.33723259,NA,0.032610195,0.230456268,1.415300612,NA,2,2,2,0,0.037271776,495.7845916,0,26.82995317,13301.87738,0,0.002017005,7.52E-05,0,0,0,0,Sample 10_UrbanPopgen_Plate84_3-31-24_data.csv,urban_408,Pseu,North Miami reef,South Canyon,24-Jan,Winter,Dry,4.9,0.035929903,0.963997626,7.25E-05,0,B,AC,1,n
353,reps,Sample 2,UrbanPopgen_Plate84_3-31-24_data.csv,24.83778763,24.53160572,29.76725292,NA,0.794052023,0.125236163,0.927310241,NA,2,2,2,0,0.089864374,77.87574986,0,11.12788038,866.5920288,0,0.012840968,0.001153946,0,0,0,0,Sample 2_UrbanPopgen_Plate84_3-31-24_data.csv,urban_293,Pseu,Broward reef,T328,23-May,Spring,Dry,5.5,0.082367429,0.916574894,0.001057678,0,B,AC,1,n
355,reps,Sample 11,UrbanPopgen_Plate85_3-31-24_data.csv,21.80094338,NA,20.49215699,33.68766403,0.007096856,NA,0.232828633,NA,2,0,2,1,0,1.031576322,0,0,0,0,0.969390222,0,0,0,0,0,Sample 11_UrbanPopgen_Plate85_3-31-24_data.csv,urban_435,Pseu,North Miami reef,Graceland,24-Jan,Winter,Dry,5.5,0.507771385,0,0.492228615,0,,,1,n
356,reps,Sample 5,UrbanPopgen_Plate85_3-31-24_data.csv,24.15307331,23.15376473,35.65640831,NA,0.794584757,0.041291776,2.090432434,NA,2,2,2,0,0.055582187,7418.809369,0,17.99137552,133474.5853,0,0.000134793,7.49E-06,0,0,0,0,Sample 5_UrbanPopgen_Plate85_3-31-24_data.csv,urban_456,Pseu,Miami urban,Miami Beach Marina,24-Jan,Winter,Dry,2,0.05265548,0.94734452,0,0,B,A,1,n
357,reps,Sample 6,UrbanPopgen_Plate85_3-31-24_data.csv,22.38558674,22.74143982,30.70798207,34.51712036,0.064679566,NA,0.366461788,NA,2,1,2,1,0,818.0426656,0,0,0,0,0.00122243,0,0,0,0,0,Sample 6_UrbanPopgen_Plate85_3-31-24_data.csv,urban_457,Pseu,Miami urban,Miami Beach Marina,24-Jan,Winter,Dry,2,0.998779062,0,0.001220938,0,A,C,1,y
358,reps,Sample 7,UrbanPopgen_Plate85_3-31-24_data.csv,26.25835133,23.39700604,34.41555786,NA,0.37576242,0.194677973,NA,NA,2,2,1,0,0.015289973,0,0,65.40233739,0,0,0,0,0,0,0,0,Sample 7_UrbanPopgen_Plate85_3-31-24_data.csv,urban_460,Pseu,Miami urban,Miami Beach Marina,24-Jan,Winter,Dry,2.2,0.015059711,0.984940289,0,0,B,A,1,n
359,reps,Sample 8,UrbanPopgen_Plate85_3-31-24_data.csv,23.5433588,23.64856148,32.8137331,NA,0.07958269,0.191903703,2.070980153,NA,2,2,2,0,0.119516166,1578.141941,0,8.367068936,13204.42241,0,0.000633657,7.57E-05,0,0,0,0,Sample 8_UrbanPopgen_Plate85_3-31-24_data.csv,urban_478,Pseu,Miami urban,Miami Beach Marina,24-Jan,Winter,Dry,1.3,0.106756981,0.893243019,0,0,B,,1,n
360,reps,Sample 9,UrbanPopgen_Plate85_3-31-24_data.csv,37.3289547,NA,NA,22.42001629,0.63724147,NA,NA,0.206789298,2,0,0,2,0,0,1.08E-05,0,0,0,0,0,0,92290.90818,0,0,Sample 9_UrbanPopgen_Plate85_3-31-24_data.csv,urban_384,Pseu,Miami urban,MacArthur North,24-Jan,Winter,Dry,1.2,0,0,0,1,D,,1,n
361,reps,Sample 10,UrbanPopgen_Plate87_4-3-24_data.csv,NA,NA,NA,30.21704483,NA,NA,NA,NA,0,0,0,1,0,0,0,0,0,0,0,0,0,0,0,0,Sample 10_UrbanPopgen_Plate87_4-3-24_data.csv,Peanut_040,Pseu,Palm Beach urban,Peanut Island,23-Mar,Spring,Dry,1.6,0,0,0,0,0,,0,y
362,reps,Sample 2,UrbanPopgen_Plate87_4-3-24_data.csv,NA,NA,NA,NA,NA,NA,NA,NA,0,0,0,0,0,0,0,0,0,0,0,0,0,0,0,0,Sample 2_UrbanPopgen_Plate87_4-3-24_data.csv,UR16 rex2,Pseu,Miami urban,MacArthur North,22-Jun,Summer,Wet,0.3,0,0,0,0,,,0,y
364,reps,Sample 9,UrbanPopgen_Plate87_4-3-24_data.csv,NA,31.01872253,NA,31.99298573,NA,NA,NA,0.951646163,0,1,0,2,0,0,0,0,0,0,0,0,0,0,0,0,Sample 9_UrbanPopgen_Plate87_4-3-24_data.csv,Peanut_031,Pseu,Palm Beach urban,Peanut Island,23-Mar,Spring,Dry,1.6,0,0,0,1,,,1,n
365,reps,Sample 11,UrbanPopgen_Plate88_4-4-24_data.csv,36.75920105,NA,NA,25.70347405,1.61934531,NA,NA,0.151747541,2,0,0,2,0,0,0.000156593,0,0,0,0,0,0,6385.967546,0,0,Sample 11_UrbanPopgen_Plate88_4-4-24_data.csv,urban_586,Pseu,Palm Beach urban,Peanut Island,24-Jan,Winter,Dry,0.9,0,0,0,1,D,0,1,n
366,reps,Sample 6,UrbanPopgen_Plate88_4-4-24_data.csv,37.44487,39.42024994,NA,23.83318996,0.226737912,NA,NA,0.206519558,2,1,0,2,0,0,2.66E-05,0,0,0,0,0,0,37553.05183,0,0,Sample 6_UrbanPopgen_Plate88_4-4-24_data.csv,urban_499,Pseu,Miami urban,Coral City Camera,24-Jan,Winter,Dry,1.5,0,0,0,1,D,,1,n
368,reps,Sample 8,UrbanPopgen_Plate88_4-4-24_data.csv,30.8262558,NA,NA,24.88717175,0.168576604,NA,NA,0.495454073,2,0,0,2,0,0,0.005432957,0,0,0,0,0,0,184.0618158,0,0,Sample 8_UrbanPopgen_Plate88_4-4-24_data.csv,urban_516,Pseu,Miami urban,Coral City Camera,24-Jan,Winter,Dry,1.5,0.0054036,0,0,0.9945964,D,,1,n
370,reps,Sample 12,UrbanPopgen_Plate89_4-4-24_data.csv,25.26273537,NA,NA,25.12191773,0.102954302,NA,NA,0.031934505,2,0,0,2,0,0,0.30233499,0,0,0,0,0,0,3.307589376,0,0,Sample 12_UrbanPopgen_Plate89_4-4-24_data.csv,urban_693,Pseu,North Miami urban,Haulover Inlet,24-Jan,Winter,Dry,0.9,0.232148404,0,0,0.767851596,D,,1,n
371,reps,Sample 7,UrbanPopgen_Plate89_4-4-24_data.csv,34.30292892,NA,NA,26.86061478,NA,NA,NA,0.193203854,1,0,0,2,0,0,0,0,0,0,0,0,0,0,0,0,Sample 7_UrbanPopgen_Plate89_4-4-24_data.csv,urban_678,Pseu,North Miami urban,FIU Biscayne Bay,24-Jan,Winter,Dry,1.9,0,0,0,1,D,,1,n
372,reps,Sample 9,UrbanPopgen_Plate89_4-4-24_data.csv,NA,39.49840164,NA,23.56593895,NA,NA,NA,0.15526225,0,1,0,2,0,0,0,0,0,0,0,0,0,0,0,0,Sample 9_UrbanPopgen_Plate89_4-4-24_data.csv,urban_680,Pseu,North Miami urban,FIU Biscayne Bay,24-Jan,Winter,Dry,2.4,0,0,0,1,D,0,1,n
373,reps,Sample 2,UrbanPopgen_Plate90_4-4-24_data.csv,25.0480795,33.2434082,33.76515961,24.54617119,0.152471788,NA,NA,0.151086672,2,1,1,2,0,0,0.235390695,0,0,0,0,0,0,4.248256295,0,0,Sample 2_UrbanPopgen_Plate90_4-4-24_data.csv,urban_474,Pseu,Miami urban,Coral City Camera,24-Jan,Winter,Dry,2.1,0.190539475,0,0,0.809460525,D,,1,n
377,reps,Sample 4,UrbanPopgen_Plate91_4-5-24_data.csv,26.74761772,31.88962936,NA,23.67417717,0.144505021,NA,NA,1.074584137,2,1,0,2,0,0,0.039598702,0,0,0,0,0,0,25.25335304,0,0,Sample 4_UrbanPopgen_Plate91_4-5-24_data.csv,urban_591,Pseu,Miami urban,Fisher Island,24-Jan,Winter,Dry,0.9,0.038090373,0,0,0.961909627,D,A,1,n
21,stdv,Sample 12,UrbanPopgen_Plate19_7-10-23_data.csv,27.51755619,21.56345654,31.46646404,32.26390267,0.971933304,0.059481674,1.905605357,2.080732591,2,2,2,2,0.001792235,39.4661752,8.946875708,557.9626173,22020.65041,4992.022186,0.025338153,4.54E-05,0.226697309,0.111770861,0.00020032,4.411168378,Sample 12_UrbanPopgen_Plate19_7-10-23_data.csv,nmfs_006,Pseu,Miami reef,Rainbow Reef,21-Jan,Winter,Dry,5.5,0.001789028,0.998210972,0,0,B,A,1,n
70,stdv,Sample 4,UrbanPopgen_Plate23_7-11-23_data.csv,27.94801617,34.23037148,NA,22.58183575,0.46022875,1.508582046,NA,0.106308512,2,2,0,2,8.64838233,0,0.008081602,0.115628561,0,0.000934464,0,0,0,123.7378379,1070.132131,0,Sample 4_UrbanPopgen_Plate23_7-11-23_data.csv,urban_227,Pseu,Miami urban,Belle Isle,23-Apr,Spring,Dry,0.9,0.008016814,0,0,0.991983186,D,A,1,n
76,stdv,Sample 1,UrbanPopgen_Plate24_7-11-23_data.csv,29.97799969,31.74102402,38.31490707,25.40940285,0.900940476,1.782446193,NA,0.361033279,2,2,1,2,0.377120983,0,0.014047339,2.651668949,0,0.037248892,0,0,0,71.18786065,26.84643597,0,Sample 1_UrbanPopgen_Plate24_7-11-23_data.csv,urban_237,Pseu,Miami urban,Belle Isle,23-Apr,Spring,Dry,0.8,0.013852745,0,0,0.986147255,D,A,1,n
77,stdv,Sample 10,UrbanPopgen_Plate24_7-11-23_data.csv,35.59267044,36.00248146,30.79397964,21.80596066,1.188586989,4.484497511,NA,0.151775853,2,2,1,2,0.14761242,0,2.36E-05,6.774497703,0,0.000159787,0,0,0,42396.93307,6258.313889,0,Sample 10_UrbanPopgen_Plate24_7-11-23_data.csv,nmfs_029,Pseu,Miami urban,MacArthur North,21-Jan,Winter,Dry,0.9,2.36E-05,0,0,0.999976414,D,A,1,n
84,stdv,Sample 7,UrbanPopgen_Plate24_7-11-23_data.csv,32.25310421,34.68668366,33.75957108,21.42789555,1.30898401,4.94081369,0.006079937,0.116763631,2,2,2,2,0.600257922,7.260675718,0.000183724,1.665950525,12.09592652,0.000306075,0.137728228,0.08267246,2.53E-05,5442.942823,3267.169548,39519.4428,Sample 7_UrbanPopgen_Plate24_7-11-23_data.csv,nmfs_026,Pseu,Miami urban,MacArthur North,21-Jan,Winter,Dry,0.9,0.000184,0,2.53E-05,0.999791016,D,AC,1,n
87,stdv,Sample 1,UrbanPopgen_Plate25_7-11-23_data.csv,34.06194115,35.60625458,NA,19.06694889,1.209570043,1.836922852,NA,0.191168666,2,2,0,2,0.324072481,0,1.02E-05,3.085729453,0,3.15E-05,0,0,0,97963.36843,31747.23187,0,Sample 1_UrbanPopgen_Plate25_7-11-23_data.csv,UR1 rex2,Pseu,Miami urban,MacArthur North,22-Jun,Summer,Wet,0.6,1.02E-05,0,0,0.999989792,D,A,1,n
106,stdv,Sample 6,UrbanPopgen_Plate26_7-11-23_data.csv,35.01279736,33.16513729,32.98352814,20.32639695,4.270090763,2.256553059,NA,0.162774503,2,2,1,2,0.030871405,0,1.26E-05,32.39243611,0,0.00040952,0,0,0,79098.51069,2441.882124,0,Sample 6_UrbanPopgen_Plate26_7-11-23_data.csv,UR7 rex,Pseu,Miami urban,MacArthur North,22-Jun,Summer,Wet,0.3,0,0,0,1,D,,1,n
109,stdv,Sample 9,UrbanPopgen_Plate26_7-11-23_data.csv,28.43707848,34.2633915,NA,22.68853378,0.295543142,1.512379974,NA,0.131125924,2,2,0,2,6.304526466,0,0.006200038,0.158616195,0,0.000983426,0,0,0,161.2893311,1016.852857,0,Sample 9_UrbanPopgen_Plate26_7-11-23_data.csv,urban_116,Pseu,Miami urban,MacArthur North,22-Oct,Fall,Wet,0.9,0.006161835,0,0,0.993838165,D,A,1,n
121,stdv,Sample 9,UrbanPopgen_Plate27_7-13-23_data.csv,25.63879395,21.41090584,29.9086504,35.77861786,0.243445586,0.370595555,0.259636727,4.323082498,2,2,2,2,0.00592975,49.29923688,376.0710429,168.6411858,8313.881767,63421.06663,0.02028429,0.000120281,7.62833396,0.002659072,1.58E-05,0.131090223,Sample 9_UrbanPopgen_Plate27_7-13-23_data.csv,urban_186,Pseu,Miami urban,MacArthur North,23-Jan,Winter,Dry,1.1,0.00589409,0.993986352,0.00012,0,B,AC,1,n
140,stdv,Sample 5,UrbanPopgen_Plate29_7-13-23_data.csv,27.34020901,25.50598813,34.24586106,25.85897637,0.081694755,1.506366129,0.903547515,0.379507752,2,2,2,2,0.031160326,306.403508,0.119394217,32.09209085,9833.129217,3.831610044,0.00326367,0.000101697,0.000389663,8.375615075,0.260986893,2566.317841,Sample 5_UrbanPopgen_Plate29_7-13-23_data.csv,urban_018,Pseu,Miami urban,Star Island,22-Jul,Summer,Wet,2.4,0.106622553,0,0.000348,0.893029466,D,C,1,y
155,stdv,Sample 9,UrbanPopgen_Plate30_7-13-23_data.csv,28.91730786,34.54249191,38.94902039,23.17364884,0.525802502,1.611949044,NA,0.02524495,2,2,1,2,5.484115872,0,0.00622107,0.182344798,0,0.00113438,0,0,0,160.7440494,881.5389924,0,Sample 9_UrbanPopgen_Plate30_7-13-23_data.csv,urban_139,Pseu,Miami urban,Star Island,22-Oct,Fall,Wet,2.4,0.006182608,0,0,0.993817392,D,A,1,n
160,stdv,Sample 2,UrbanPopgen_Plate43_1-18-24_data.csv,30.9762764,32.47666359,35.19656754,24.07777977,0.329530364,2.663273518,NA,0.631075209,2,2,1,2,0.314354035,0,0.002793987,3.181126651,0,0.008888026,0,0,0,357.911509,112.5109272,0,Sample 2_UrbanPopgen_Plate43_1-18-24_data.csv,urban_286,Pseu,Broward reef,BC1,23-May,Spring,Dry,8.5,0.010307862,0,0,0.989692138,D,A,1,n
165,stdv,Sample 7,UrbanPopgen_Plate43_1-18-24_data.csv,22.54347801,31.7078476,NA,23.76060486,0.113010202,2.199248185,NA,0.266729531,2,2,0,2,63.75402773,0,0.774944206,0.015685284,0,0.01215522,0,0,0,1.29041548,82.26918431,0,Sample 7_UrbanPopgen_Plate43_1-18-24_data.csv,urban_302,Pseu,Broward reef,FTL4,23-May,Spring,Dry,6.4,0.766505907,0,0,0.233494093,A,,1,n
205,stdv,Sample 10,UrbanPopgen_Plate53_1-23-24_data.csv,20.12905884,21.57994748,NA,34.31862641,0.333945998,0.130660626,NA,1.712389369,2,2,0,2,0.303751541,0,6228.223772,3.292164367,0,20504.33637,0,0,0,0.000160559,4.88E-05,0,Sample 10_UrbanPopgen_Plate53_1-23-24_data.csv,urban_413,Pseu,North Miami reef,South Canyon,24-Jan,Winter,Dry,5.5,0.23298269,0.76701731,0,0,B,,1,n
222,stdv,Sample 3,UrbanPopgen_Plate55_1-24-24_data.csv,20.84292031,21.91642094,28.69678402,34.6803341,0.586872953,0.008894675,0.285618064,2.682613865,2,2,2,2,0.233837081,591.1992666,4879.275702,4.276481715,2528.252854,20866.13332,0.001691477,0.00039553,8.253182941,0.000204948,4.79E-05,0.121165374,Sample 3_UrbanPopgen_Plate55_1-24-24_data.csv,urban_440,Pseu,Miami urban,Miami Beach Marina,24-Jan,Winter,Dry,2,0.18945949,0.810220044,0.00032,0,B,C,1,n
236,stdv,Sample 10,UrbanPopgen_Plate58-1-24-24_data.csv,26.22281075,21.75073624,NA,32.22128201,0.093529587,0.037590942,NA,1.924470959,2,2,0,2,0.005006439,0,21.31073961,199.7427746,0,4256.666259,0,0,0,0.046924697,0.000234926,0,Sample 10_UrbanPopgen_Plate58-1-24-24_data.csv,urban_479,Pseu,Miami urban,Miami Beach Marina,24-Jan,Winter,Dry,2.9,0.004981499,0.995018501,0,0,B,A,1,n
258,stdv,Sample 6,UrbanPopgen_Plate60_3-24-24_data.csv,28.9295559,26.74465657,35.81616974,22.68054963,0.70676691,1.981372577,NA,0.44071442,2,2,1,2,0.024436402,0,0.004382687,40.9225554,0,0.179350735,0,0,0,228.1705478,5.57566715,0,Sample 6_UrbanPopgen_Plate60_3-24-24_data.csv,urban_486,Pseu,Miami urban,Coral City Camera,24-Jan,Winter,Dry,2,0.004363562,0,0,0.995636438,D,A,1,n
265,stdv,Sample 8,UrbanPopgen_Plate61_3-24-24_data.csv,26.59313774,22.26673603,31.26583481,26.38208294,0.039999715,1.628021496,NA,0.359710198,2,2,1,2,0.005538355,0,0.287968457,180.5590235,0,51.99530346,0,0,0,3.472602553,0.019232506,0,Sample 8_UrbanPopgen_Plate61_3-24-24_data.csv,urban_513,Pseu,Miami urban,Coral City Camera,24-Jan,Winter,Dry,1.5,0.22358347,0,0,0.77641653,D,,1,y
267,stdv,Sample 10,UrbanPopgen_Plate62_3-24-24_data.csv,28.89139175,25.18622398,27.44927884,31.16819287,NA,1.502550659,0.489881252,0.569214432,1,2,2,2,0,0,0,0,110.4015649,189.6152759,0,0.009057843,1.717505328,0,0.005273837,0.582239824,Sample 10_UrbanPopgen_Plate62_3-24-24_data.csv,urban_522,Pseu,Miami urban,Coral City Camera,24-Jan,Winter,Dry,1.5,0,0,0.632015441,0.367984559,C,,1,n
299,stdv,Sample 7,UrbanPopgen_Plate67_3-24-24_data.csv,33.39624024,36.10132599,NA,22.81981182,1.520178159,4.451575764,NA,0.083483134,2,2,0,2,0.724551807,0,0.000218301,1.380163559,0,0.000301292,0,0,0,4580.822403,3319.043148,0,Sample 7_UrbanPopgen_Plate67_3-24-24_data.csv,urban_470,Pseu,Miami urban,Coral City Camera,24-Jan,Winter,Dry,2.7,0,0,0,1,D,,1,n
374,stdv,Sample 1,UrbanPopgen_Plate91_4-5-24_data.csv,31.89037323,24.52129841,26.75960351,20.89678288,1.99240089,0.002180845,0.233896802,1.717893404,2,2,2,2,0.000672117,0.072940668,0.000163485,1487.836027,108.5237542,0.243239084,13.70977292,0.009214572,0.002241344,6116.763816,4.111181412,446.160841,Sample 1_UrbanPopgen_Plate91_4-5-24_data.csv,urban_520,Pseu,Miami urban,Coral City Camera,24-Jan,Winter,Dry,1.5,0,0.990869561,0.009130439,0,B,C,1,n
376,stdv,Sample 3,UrbanPopgen_Plate91_4-5-24_data.csv,29.76308537,34.2757473,NA,22.64268971,0.348451262,3.573283989,NA,0.486061729,2,2,0,2,2.536320266,0,0.002395665,0.394271975,0,0.000944544,0,0,0,417.4206508,1058.712456,0,Sample 3_UrbanPopgen_Plate91_4-5-24_data.csv,urban_527,Pseu,Miami urban,Coral City Camera,24-Jan,Winter,Dry,1.7,0.002389939,0,0,0.997610061,D,A,1,n